{"type":"FeatureCollection","features":[{"type":"Feature","properties":{"kind":"land"},"geometry":{"type":"MultiPolygon","coordinates":[[[[22.605554,55.0],[22.580668,55.057622],[22.541084,55.075761],[22.436284,55.057777],[22.251282,55.070852],[22.142658,55.054625],[22.09987,55.029924],[22.076823,55.02858],[22.049951,55.033541],[22.02773,55.044393],[22.018635,55.06093],[22.015431,55.088422],[22.003442,55.093486],[21.9775,55.091987],[21.942774,55.078293],[21.908564,55.089868],[21.873217,55.094933],[21.819887,55.119324],[21.750641,55.127954],[21.716224,55.149451],[21.645841,55.181026],[21.60512,55.192498],[21.503938,55.19441],[21.467661,55.211153],[21.405546,55.27239],[21.37485,55.28996],[21.349839,55.287789],[21.267589,55.248684],[21.264415,55.284003],[21.270844,55.288031],[21.28533,55.287055],[21.291189,55.297065],[21.274181,55.327338],[21.259451,55.336249],[21.257091,55.369371],[21.246593,55.370185],[21.188813,55.338609],[21.18336,55.346177],[21.224294,55.399319],[21.248302,55.417873],[21.248383,55.442328],[21.222911,55.520209],[21.199392,55.537665],[21.195079,55.547187],[21.19809,55.574774],[21.195079,55.58511],[21.157563,55.64175],[21.147227,55.678168],[21.099376,55.729071],[21.074392,55.74494],[21.069835,55.769721],[21.060557,55.789252],[21.044688,55.873725],[21.044688,55.917711],[21.05836,55.95185],[21.05836,56.037543],[21.053396,56.072618],[21.190365,56.084459],[21.205351,56.103424],[21.212586,56.130994],[21.229639,56.163188],[21.254857,56.185202],[21.327618,56.224373],[21.358313,56.233235],[21.419292,56.237395],[21.558921,56.297288],[21.596025,56.307882],[21.684495,56.310104],[22.094082,56.41741],[22.139144,56.415705],[22.214902,56.390383],[22.511731,56.395964],[22.57581,56.387722],[22.604749,56.379092],[22.649087,56.353099],[22.666347,56.349094],[22.822927,56.382864],[22.888969,56.408444],[22.924523,56.412113],[22.956976,56.401985],[23.016714,56.32385],[23.062292,56.304161],[23.112728,56.310879],[23.162854,56.341007],[23.154173,56.351394],[23.17257,56.357956],[23.288428,56.373046],[23.481595,56.330103],[23.517561,56.328656],[23.577713,56.348603],[23.609856,56.353822],[23.706697,56.354442],[23.723544,56.345812],[23.724991,56.328811],[23.7561,56.325969],[23.825036,56.334909],[23.858109,56.334392],[23.981306,56.312404],[24.07515,56.271192],[24.108637,56.260701],[24.138919,56.257446],[24.166824,56.260314],[24.287644,56.295531],[24.318546,56.29858],[24.350792,56.291552],[24.414354,56.265507],[24.44722,56.260521],[24.481327,56.26884],[24.538998,56.287625],[24.639147,56.359972],[24.678628,56.377283],[24.805545,56.408548],[24.845852,56.40493],[24.857118,56.435368],[24.870967,56.442602],[24.892258,56.438727],[24.910138,56.421958],[24.936286,56.379919],[24.973183,56.300751],[25.0,56.280102],[25.0,55.0],[22.605554,55.0]]],[[[20.924569,55.282658],[20.999522,55.357001],[21.041515,55.416083],[21.082367,55.497626],[21.09311,55.581692],[21.099376,55.5987],[21.093923,55.603461],[21.099376,55.612982],[21.090668,55.633124],[21.093516,55.695543],[21.085216,55.722846],[21.117442,55.699774],[21.131521,55.655585],[21.133556,55.568305],[21.119884,55.527045],[21.119884,55.489447],[21.092621,55.45661],[21.087169,55.441067],[21.106212,55.427436],[21.106212,55.42121],[21.073497,55.391791],[21.037852,55.328599],[20.988943,55.291327],[20.989431,55.273116],[20.924569,55.282658]]]]}},{"type":"Feature","properties":{"kind":"land"},"geometry":{"type":"MultiPolygon","coordinates":[[[[20.634044,55.048774],[20.808442,55.176256],[20.822276,55.180976],[20.924569,55.282658],[20.989431,55.273116],[20.941091,55.248684],[20.94337,55.244534],[20.937022,55.237738],[20.913097,55.233222],[20.903331,55.225816],[20.905528,55.218573],[20.890636,55.212592],[20.884044,55.198065],[20.860688,55.181342],[20.834809,55.152045],[20.773611,55.114488],[20.687836,55.050686],[20.592448,55.0],[20.533082,55.0],[20.634044,55.048774]]],[[[21.219412,55.013251],[21.195079,55.135403],[21.181326,55.171088],[21.183442,55.201728],[21.201671,55.214423],[21.222911,55.201483],[21.259044,55.204983],[21.271332,55.220282],[21.272309,55.243842],[21.267589,55.248684],[21.349839,55.287789],[21.37485,55.28996],[21.405546,55.27239],[21.467661,55.211153],[21.503938,55.19441],[21.60512,55.192498],[21.645841,55.181026],[21.716224,55.149451],[21.750641,55.127954],[21.819887,55.119324],[21.873217,55.094933],[21.908564,55.089868],[21.942774,55.078293],[21.9775,55.091987],[22.003442,55.093486],[22.015431,55.088422],[22.018635,55.06093],[22.02773,55.044393],[22.049951,55.033541],[22.076823,55.02858],[22.09987,55.029924],[22.142658,55.054625],[22.251282,55.070852],[22.436284,55.057777],[22.541084,55.075761],[22.580668,55.057622],[22.605554,55.0],[21.22632,55.0],[21.219412,55.013251]]]]}},{"type":"Feature","properties":{"kind":"land"},"geometry":{"type":"MultiPolygon","coordinates":[[[[24.306159,57.868186],[24.324392,57.886786],[24.333832,57.921332],[24.381114,57.983832],[24.398285,58.023261],[24.446544,58.054511],[24.464122,58.07217],[24.464122,58.120551],[24.472911,58.154731],[24.455089,58.185248],[24.454845,58.196438],[24.46754,58.217841],[24.470958,58.250922],[24.491466,58.265692],[24.548513,58.289293],[24.560395,58.312323],[24.551036,58.333726],[24.528819,58.350653],[24.444184,58.386135],[24.403168,58.395331],[24.361827,58.397284],[24.326996,58.388129],[24.315929,58.37995],[24.295746,58.354967],[24.286876,58.318549],[24.243337,58.280219],[24.210785,58.271389],[24.156016,58.276842],[24.138927,58.267971],[24.12086,58.245185],[24.111664,58.241034],[24.083507,58.250881],[24.053233,58.278266],[23.980235,58.318427],[23.913829,58.333319],[23.854666,58.339667],[23.833507,58.353949],[23.805675,58.346503],[23.77711,58.354967],[23.755626,58.340033],[23.740977,58.343085],[23.729259,58.36286],[23.718923,58.399563],[23.68336,58.422187],[23.677419,58.435248],[23.684337,58.499661],[23.678966,58.524156],[23.663829,58.5362],[23.622406,58.52912],[23.584321,58.544867],[23.573497,58.551947],[23.561209,58.583157],[23.546153,58.579901],[23.516368,58.554633],[23.501475,58.562486],[23.498057,58.572211],[23.51824,58.603746],[23.493175,58.673407],[23.497732,58.696601],[23.506521,58.70539],[23.535899,58.702786],[23.546641,58.709621],[23.546235,58.714301],[23.53004,58.722846],[23.527354,58.736151],[23.533051,58.747463],[23.584483,58.737942],[23.697032,58.751166],[23.755219,58.733588],[23.802501,58.730699],[23.804861,58.747992],[23.783376,58.755845],[23.779552,58.766425],[23.785492,58.777981],[23.79949,58.785346],[23.816173,58.784613],[23.87436,58.771674],[23.847423,58.788235],[23.815684,58.799954],[23.78419,58.800971],[23.75766,58.785346],[23.739513,58.798],[23.676524,58.792182],[23.603363,58.794827],[23.560313,58.785834],[23.542735,58.775377],[23.485525,58.77733],[23.429454,58.764838],[23.466563,58.800727],[23.485688,58.809638],[23.518809,58.812649],[23.526134,58.81977],[23.463634,58.864163],[23.455089,58.883002],[23.422374,58.908677],[23.422048,58.928697],[23.443696,58.944037],[23.510102,58.941596],[23.531912,58.956692],[23.549164,58.950832],[23.584483,58.953559],[23.61671,58.967678],[23.627696,58.979153],[23.621593,59.015326],[23.605479,59.03266],[23.559825,59.052802],[23.614431,59.011298],[23.580333,59.005072],[23.559825,58.9914],[23.552989,58.970893],[23.543305,58.969875],[23.525645,58.983954],[23.461274,58.992377],[23.434825,59.003811],[23.408376,59.02558],[23.43629,59.02558],[23.42921,59.043606],[23.434906,59.056098],[23.490733,59.088284],[23.51824,59.07331],[23.519379,59.124986],[23.486176,59.17414],[23.470876,59.212144],[23.525645,59.230414],[23.578461,59.226304],[23.641856,59.257392],[23.662283,59.258287],[23.715505,59.231676],[23.730479,59.230414],[23.742198,59.239407],[23.742931,59.250149],[23.736013,59.259589],[23.723643,59.265082],[23.734874,59.277737],[23.756847,59.283637],[23.845388,59.284654],[23.888845,59.278754],[24.038585,59.29328],[24.080577,59.271308],[24.100108,59.294501],[24.092052,59.312567],[24.019379,59.367255],[24.022227,59.378119],[24.034841,59.388658],[24.062999,59.397366],[24.080577,59.395453],[24.164887,59.354071],[24.193858,59.347724],[24.221934,59.35517],[24.21339,59.37226],[24.163097,59.402289],[24.182872,59.408759],[24.271251,59.412095],[24.306163,59.419094],[24.317719,59.430976],[24.333832,59.470608],[24.399669,59.478827],[24.422537,59.477444],[24.478282,59.448391],[24.498302,59.443834],[24.548188,59.462958],[24.642589,59.436428],[24.660492,59.440619],[24.656586,59.449897],[24.621837,59.463121],[24.621837,59.470608],[24.658539,59.472073],[24.66627,59.492092],[24.674978,59.496039],[24.69752,59.491034],[24.744395,59.447211],[24.772634,59.4501],[24.79005,59.45893],[24.815766,59.489325],[24.806814,59.504706],[24.783539,59.519843],[24.772634,59.559963],[24.803477,59.570502],[24.841645,59.554429],[24.90919,59.511542],[24.934418,59.508043],[25.0,59.516755],[25.0,58.029564],[24.949309,58.006435],[24.872518,58.00044],[24.81681,57.976669],[24.733508,57.992198],[24.718832,57.981837],[24.700435,57.95419],[24.684829,57.947575],[24.53383,57.945069],[24.481327,57.919308],[24.441639,57.908094],[24.429134,57.900343],[24.401539,57.866469],[24.378181,57.859441],[24.349655,57.85864],[24.306159,57.868186]]],[[[23.937999,58.137274],[23.955333,58.151801],[23.984223,58.157131],[24.013357,58.15351],[24.022146,58.129869],[24.002452,58.108547],[23.970714,58.099595],[23.94337,58.113186],[23.937999,58.137274]]],[[[23.255138,58.500067],[23.31837,58.47248],[23.333263,58.456366],[23.324962,58.442288],[23.261404,58.465888],[23.237641,58.456366],[23.261729,58.451606],[23.278005,58.43651],[23.234874,58.439887],[23.196056,58.456366],[23.181895,58.474677],[23.156505,58.477525],[23.130382,58.439521],[23.108653,58.429023],[23.084239,58.429633],[23.080577,58.418524],[23.086762,58.394965],[23.042491,58.371487],[23.021983,58.363227],[22.97755,58.381659],[22.954845,58.381049],[22.94752,58.372626],[22.969493,58.360175],[22.90268,58.311835],[22.854015,58.298733],[22.811209,58.273424],[22.721202,58.270331],[22.710134,58.257758],[22.756684,58.242255],[22.723155,58.225409],[22.6692,58.221503],[22.654959,58.244696],[22.621349,58.252753],[22.586192,58.247789],[22.564952,58.235175],[22.535004,58.254055],[22.526134,58.247382],[22.517589,58.230414],[22.504161,58.223538],[22.497244,58.223049],[22.490977,58.244696],[22.476817,58.245103],[22.443044,58.234076],[22.421641,58.221625],[22.38795,58.226752],[22.323416,58.20661],[22.295095,58.192857],[22.271739,58.174262],[22.265391,58.115058],[22.256847,58.093248],[22.229259,58.052191],[22.19988,58.026028],[22.202973,57.993964],[22.189952,57.983832],[22.04835,57.915107],[22.016856,57.914496],[21.990082,57.935614],[21.994395,57.947252],[21.990733,57.958238],[21.980805,57.966498],[21.964122,57.971381],[21.96339,57.984036],[21.997569,57.984036],[22.021332,58.021226],[22.05893,58.052314],[22.085704,58.082587],[22.096202,58.086412],[22.135509,58.076728],[22.147716,58.079576],[22.16505,58.116889],[22.202973,58.147895],[22.180349,58.160834],[22.141856,58.169501],[22.072276,58.175849],[22.052989,58.186591],[22.016856,58.233873],[21.993826,58.244696],[21.928884,58.245103],[21.896495,58.250718],[21.867849,58.264594],[21.843761,58.293606],[21.843272,58.302151],[21.855642,58.306871],[21.908214,58.298733],[21.873302,58.34162],[21.894542,58.346503],[21.944591,58.318752],[21.96339,58.326606],[21.954926,58.344062],[21.968028,58.35456],[21.990489,58.357856],[22.011241,58.353949],[21.990082,58.386949],[21.945974,58.432278],[21.901134,58.468411],[21.832367,58.510972],[21.901378,58.497992],[21.91627,58.501166],[21.928477,58.518378],[21.995616,58.512519],[22.020763,58.499254],[22.06422,58.456692],[22.073578,58.426907],[22.089366,58.422187],[22.098481,58.426093],[22.09311,58.44953],[22.103689,58.487209],[22.113617,58.497992],[22.171886,58.521552],[22.194591,58.545844],[22.215587,58.544176],[22.228852,58.510565],[22.273204,58.502021],[22.282888,58.52204],[22.288341,58.569322],[22.321951,58.584784],[22.463064,58.592922],[22.550304,58.629584],[22.583181,58.634508],[22.594086,58.629136],[22.612641,58.605699],[22.648123,58.586737],[22.68214,58.600328],[22.736339,58.58808],[22.757986,58.592922],[22.790701,58.614814],[22.811371,58.622952],[22.846365,58.61343],[22.899669,58.620266],[22.922048,58.617418],[23.091075,58.57095],[23.111339,58.555732],[23.125824,58.535102],[23.148285,58.521552],[23.255138,58.500067]]],[[[23.397146,58.563666],[23.400238,58.555406],[23.379893,58.547553],[23.362153,58.532457],[23.313731,58.544664],[23.278575,58.546373],[23.223806,58.535468],[23.134613,58.579901],[23.083263,58.590522],[23.059337,58.603461],[23.062836,58.624579],[23.07545,58.629828],[23.10613,58.624213],[23.120942,58.628323],[23.134613,58.661811],[23.154633,58.67593],[23.197765,58.680609],[23.288341,58.66649],[23.330251,58.653062],[23.343761,58.644721],[23.349132,58.635077],[23.347504,58.607164],[23.397146,58.563666]]],[[[23.389659,59.007514],[23.393728,58.996243],[23.384776,58.980536],[23.374278,58.975531],[23.340099,58.983954],[23.299083,58.970893],[23.278575,58.970689],[23.223399,58.983954],[23.210785,58.972968],[23.174164,58.968329],[23.148285,58.974026],[23.114106,59.021796],[23.118907,59.033515],[23.148204,59.04442],[23.208018,59.044094],[23.278005,59.032375],[23.344249,59.039293],[23.389659,59.007514]]],[[[22.226899,58.886461],[22.194998,58.888007],[22.062511,58.925849],[22.044688,58.936184],[22.055512,58.952704],[22.094249,58.956041],[22.168224,58.950385],[22.463064,58.970893],[22.443533,58.977729],[22.442068,58.984687],[22.4546,58.987209],[22.488455,58.981147],[22.487559,59.016425],[22.504242,59.02558],[22.544444,59.030097],[22.559255,59.038398],[22.572927,59.052802],[22.578298,59.078437],[22.587169,59.086982],[22.597667,59.089504],[22.666677,59.084906],[22.696544,59.079169],[22.714122,59.069566],[22.69158,59.041164],[22.701345,59.02497],[22.736664,59.005072],[22.837169,59.008612],[22.934093,58.984036],[22.949555,58.970893],[22.952647,58.960598],[22.947602,58.945136],[22.949555,58.936184],[23.015147,58.891791],[23.021739,58.864081],[23.039073,58.861029],[23.040538,58.840766],[23.033539,58.830308],[23.019054,58.829088],[22.956798,58.847398],[22.942231,58.834215],[22.92921,58.839993],[22.879568,58.832709],[22.867198,58.820054],[22.883067,58.817288],[22.886974,58.811835],[22.886729,58.790473],[22.845388,58.776516],[22.79005,58.780992],[22.778331,58.792182],[22.789317,58.802639],[22.826915,58.819159],[22.819347,58.829657],[22.777599,58.824368],[22.736664,58.806464],[22.71518,58.78205],[22.681,58.724066],[22.654959,58.702786],[22.611176,58.690497],[22.555675,58.686998],[22.50172,58.69477],[22.463064,58.716457],[22.497244,58.737535],[22.449474,58.786811],[22.442638,58.803046],[22.439789,58.841376],[22.429942,58.852444],[22.382091,58.88227],[22.324962,58.896633],[22.226899,58.886461]]],[[[24.51588,59.59809],[24.550059,59.557766],[24.542817,59.547797],[24.516287,59.544257],[24.489106,59.559638],[24.487315,59.578518],[24.500499,59.596259],[24.51588,59.59809]]],[[[23.270681,57.807807],[23.275076,57.798733],[23.270193,57.785631],[23.250255,57.784369],[23.217784,57.80093],[23.224294,57.823717],[23.239594,57.822577],[23.270681,57.807807]]]]}},{"type":"Feature","properties":{"kind":"land"},"geometry":{"type":"MultiPolygon","coordinates":[[[[24.983208,56.290493],[24.962124,56.319277],[24.936286,56.379919],[24.910138,56.421958],[24.892258,56.438727],[24.870967,56.442602],[24.857118,56.435368],[24.845852,56.40493],[24.805545,56.408548],[24.678628,56.377283],[24.639147,56.359972],[24.538998,56.287625],[24.481327,56.26884],[24.44722,56.260521],[24.414354,56.265507],[24.350792,56.291552],[24.318546,56.29858],[24.287644,56.295531],[24.166824,56.260314],[24.138919,56.257446],[24.108637,56.260701],[24.07515,56.271192],[23.981306,56.312404],[23.858109,56.334392],[23.825036,56.334909],[23.7561,56.325969],[23.724991,56.328811],[23.723544,56.345812],[23.706697,56.354442],[23.609856,56.353822],[23.577713,56.348603],[23.517561,56.328656],[23.481595,56.330103],[23.288428,56.373046],[23.17257,56.357956],[23.154173,56.351394],[23.162854,56.341007],[23.112728,56.310879],[23.062292,56.304161],[23.016714,56.32385],[22.956976,56.401985],[22.924523,56.412113],[22.888969,56.408444],[22.822927,56.382864],[22.666347,56.349094],[22.649087,56.353099],[22.604749,56.379092],[22.57581,56.387722],[22.511731,56.395964],[22.214902,56.390383],[22.139144,56.415705],[22.094082,56.41741],[21.684495,56.310104],[21.596025,56.307882],[21.558921,56.297288],[21.419292,56.237395],[21.358313,56.233235],[21.327618,56.224373],[21.254857,56.185202],[21.229639,56.163188],[21.212586,56.130994],[21.205351,56.103424],[21.190365,56.084459],[21.053396,56.072618],[21.028819,56.147406],[20.973399,56.232001],[20.969086,56.253485],[20.980235,56.279283],[20.982677,56.301459],[20.968598,56.369818],[20.970551,56.388983],[21.003184,56.434801],[21.005544,56.465522],[21.01059,56.475735],[21.000499,56.510647],[21.006358,56.519965],[21.024262,56.510484],[21.035818,56.473944],[21.044688,56.462104],[21.030528,56.448432],[21.044688,56.442206],[21.044688,56.421129],[21.030528,56.408108],[21.061778,56.38703],[21.077159,56.395209],[21.079763,56.403062],[21.068614,56.424058],[21.066661,56.44184],[21.072113,56.46955],[21.05836,56.503648],[21.048106,56.515611],[21.030528,56.524156],[21.003103,56.530015],[20.992198,56.548896],[21.000336,56.557685],[21.010509,56.5987],[21.046153,56.656195],[21.05836,56.688666],[21.065196,56.774319],[21.052745,56.828925],[21.065196,56.84634],[21.147227,56.87641],[21.156749,56.885565],[21.222911,56.907701],[21.277599,56.949123],[21.360118,56.989691],[21.382498,57.008938],[21.401622,57.037502],[21.413585,57.073188],[21.414806,57.113837],[21.401052,57.151313],[21.414806,57.184882],[21.412608,57.250067],[21.421397,57.288723],[21.449474,57.320014],[21.480235,57.333645],[21.517751,57.3876],[21.589122,57.438788],[21.699229,57.555325],[21.729666,57.573798],[21.771658,57.586127],[21.955903,57.592963],[21.999278,57.600328],[22.483735,57.742499],[22.585785,57.759711],[22.600271,57.758043],[22.610362,57.754625],[22.600271,57.743842],[22.590831,57.706122],[22.587169,57.664984],[22.590994,57.644761],[22.600759,57.630113],[22.656098,57.585761],[22.878917,57.481269],[22.950369,57.432807],[23.031423,57.394477],[23.083344,57.378241],[23.130219,57.370795],[23.138031,57.343166],[23.174571,57.297349],[23.198741,57.224189],[23.222423,57.207017],[23.250499,57.114447],[23.260916,57.098944],[23.292654,57.088935],[23.340099,57.05858],[23.422862,57.040229],[23.508556,57.031236],[23.585134,56.979071],[23.632009,56.970933],[23.69516,56.967271],[23.866059,56.99018],[23.952891,57.013251],[23.991222,57.031236],[24.035655,57.068996],[24.074555,57.074937],[24.210785,57.123725],[24.219249,57.138007],[24.238617,57.149563],[24.278575,57.161038],[24.278819,57.17178],[24.288748,57.1789],[24.312673,57.1883],[24.379161,57.230211],[24.400645,57.258124],[24.408865,57.298163],[24.405528,57.344468],[24.381602,57.469428],[24.375173,57.528551],[24.358572,57.55036],[24.374766,57.613471],[24.357677,57.685492],[24.313731,57.725043],[24.299571,57.743842],[24.285981,57.832587],[24.288829,57.845282],[24.306159,57.868186],[24.349655,57.85864],[24.378181,57.859441],[24.401539,57.866469],[24.429134,57.900343],[24.441639,57.908094],[24.481327,57.919308],[24.53383,57.945069],[24.684829,57.947575],[24.700435,57.95419],[24.718832,57.981837],[24.733508,57.992198],[24.81681,57.976669],[24.872518,58.00044],[24.949309,58.006435],[25.0,58.029564],[25.0,56.280102],[24.983208,56.290493]]]]}},{"type":"Feature","properties":{"kind":"land"},"geometry":{"type":"MultiPolygon","coordinates":[[[[20.623165,69.036356],[20.102266,69.022145],[20.341115,68.910058],[20.348763,68.893109],[20.356514,68.804587],[20.352173,68.785673],[20.338841,68.765468],[20.236625,68.659066],[20.151772,68.606821],[19.962223,68.541192],[20.245927,68.477372],[20.010282,68.36389],[19.971215,68.351281],[19.93101,68.350196],[19.481735,68.424042],[19.038145,68.505639],[18.700284,68.495614],[18.644577,68.501246],[18.481797,68.561966],[18.436218,68.573852],[18.171841,68.535921],[18.161506,68.530185],[18.136805,68.426315],[18.135668,68.395723],[18.188584,68.198732],[18.166674,68.158476],[17.950769,67.991096],[17.921004,67.972855],[17.895372,67.969651],[17.321454,68.105301],[17.299957,68.097912],[17.220065,68.040086],[16.807997,67.910636],[16.782882,67.896994],[16.761901,67.87715],[16.608733,67.647293],[16.587235,67.625899],[16.482952,67.557841],[16.428589,67.534018],[16.36699,67.521668],[16.199559,67.508284],[16.180748,67.496398],[16.127108,67.422759],[16.43789,67.200318],[16.443781,67.182619],[16.415566,67.052704],[16.39965,67.035961],[16.31056,67.009916],[16.125661,66.934365],[16.038845,66.887546],[15.669462,66.599424],[15.426272,66.491214],[15.42989,66.463567],[15.482083,66.34081],[15.491798,66.287996],[15.481876,66.274871],[15.053375,66.153276],[14.540538,66.125448],[14.644408,65.842907],[14.648852,65.802393],[14.63707,65.781206],[14.570201,65.716713],[14.560692,65.701055],[14.510359,65.464739],[14.518318,65.364538],[14.514287,65.318081],[14.482144,65.288677],[14.400495,65.25545],[14.380238,65.240282],[14.365975,65.215762],[14.338484,65.122899],[14.310682,65.084142],[14.172602,64.991538],[13.642764,64.584018],[13.940058,64.49131],[14.060878,64.476634],[14.096948,64.465317],[14.115551,64.441236],[14.16144,64.205436],[14.16051,64.187246],[14.147797,64.169004],[13.98233,64.019504],[13.964243,64.009531],[13.234106,64.090869],[12.982442,64.05883],[12.755273,63.991392],[12.681892,63.956356],[12.482524,63.809491],[12.293182,63.656994],[12.170295,63.598135],[12.219491,63.49659],[12.219801,63.474266],[12.204919,63.454629],[11.992425,63.288903],[12.222695,63.001479],[12.104356,62.923344],[12.093298,62.907427],[12.097018,62.88655],[12.156239,62.733691],[12.154069,62.710514],[12.103116,62.634033],[12.090094,62.606335],[12.091231,62.58631],[12.286361,62.335421],[12.314266,62.286122],[12.31747,62.234032],[12.161717,61.724838],[12.175566,61.711531],[12.291322,61.651122],[12.33783,61.632983],[12.416482,61.582289],[12.444801,61.573504],[12.482524,61.569137],[12.550944,61.566915],[12.583397,61.561101],[12.613783,61.547045],[12.886944,61.361501],[12.888184,61.349616],[12.854698,61.255306],[12.839815,61.226987],[12.819661,61.204947],[12.73915,61.142445],[12.713518,61.061158],[12.703803,61.046197],[12.682512,61.040332],[12.569651,61.050642],[12.511773,61.049117],[12.280986,61.015192],[12.253288,61.001704],[12.256078,60.981318],[12.294836,60.935326],[12.313232,60.901865],[12.350026,60.793345],[12.377001,60.754096],[12.482524,60.657332],[12.594352,60.514938],[12.608615,60.48649],[12.612646,60.455381],[12.605308,60.419156],[12.593629,60.395023],[12.558592,60.359883],[12.504745,60.325621],[12.491723,60.312289],[12.487279,60.295907],[12.49565,60.262008],[12.521592,60.197619],[12.524692,60.161704],[12.510946,60.117985],[12.483248,60.081243],[12.446764,60.051116],[12.290598,59.958719],[12.143734,59.898412],[12.102703,59.893968],[11.942196,59.90203],[11.890313,59.892779],[11.849592,59.872419],[11.842977,59.838416],[11.854863,59.824308],[11.889796,59.801416],[11.902095,59.785137],[11.897237,59.713979],[11.852485,59.673361],[11.828404,59.659719],[11.693735,59.622305],[11.674925,59.607112],[11.670998,59.58055],[11.677406,59.559053],[11.783962,59.360616],[11.806803,59.293591],[11.811661,59.249666],[11.775591,59.202537],[11.748512,59.140061],[11.745308,59.092156],[11.708928,59.021618],[11.693735,58.973507],[11.664383,58.920074],[11.61157,58.893151],[11.547078,58.884727],[11.482585,58.886898],[11.451993,58.896044],[11.453233,58.960485],[11.437755,58.998236],[11.403575,59.03856],[11.389334,59.080756],[11.370453,59.100653],[11.344574,59.111396],[11.313813,59.11518],[11.216563,59.110419],[11.182384,59.116034],[11.170177,59.134752],[11.174653,59.140937],[11.206716,59.145697],[11.178559,59.164984],[11.181,59.188056],[11.176443,59.196845],[11.135509,59.183173],[11.150157,59.175198],[11.153087,59.162543],[11.147309,59.14997],[11.135509,59.142239],[11.118826,59.142279],[11.087738,59.175767],[11.099132,59.134182],[11.091075,59.127997],[11.032481,59.127997],[11.039806,59.143744],[11.007823,59.159125],[10.998302,59.172309],[10.948497,59.183336],[10.936209,59.183173],[10.944835,59.164862],[10.944021,59.149319],[10.934093,59.140367],[10.916352,59.142239],[10.900645,59.164008],[10.897716,59.180894],[10.90211,59.196845],[10.850271,59.180365],[10.847992,59.166571],[10.841156,59.161444],[10.822927,59.163967],[10.802013,59.188788],[10.779145,59.189399],[10.78419,59.206285],[10.766368,59.231757],[10.77296,59.252102],[10.738129,59.216702],[10.733165,59.240912],[10.743663,59.268012],[10.779145,59.312934],[10.763438,59.315334],[10.734711,59.334052],[10.724457,59.329779],[10.700694,59.306708],[10.674083,59.315741],[10.659841,59.359361],[10.642751,59.374945],[10.659679,59.400214],[10.653005,59.408189],[10.595958,59.423733],[10.591645,59.43065],[10.601085,59.4501],[10.644542,59.49315],[10.656423,59.49787],[10.662934,59.488715],[10.648936,59.443834],[10.662446,59.437893],[10.675141,59.440863],[10.685069,59.450263],[10.69044,59.463121],[10.690278,59.480658],[10.663097,59.504706],[10.651134,59.526435],[10.645518,59.549465],[10.646821,59.572577],[10.656423,59.594672],[10.625987,59.637274],[10.617686,59.663072],[10.614594,59.69717],[10.597504,59.684556],[10.57545,59.699612],[10.560232,59.726223],[10.563243,59.748358],[10.614594,59.833686],[10.655528,59.856676],[10.680349,59.827338],[10.69809,59.777167],[10.717784,59.738105],[10.728201,59.776353],[10.747325,59.814358],[10.758474,59.850165],[10.745128,59.882066],[10.752615,59.888902],[10.688731,59.91177],[10.66627,59.888902],[10.62143,59.896308],[10.594249,59.882066],[10.52947,59.88231],[10.475434,59.850043],[10.473806,59.841376],[10.498709,59.833686],[10.488617,59.816311],[10.484548,59.788642],[10.491222,59.731269],[10.502208,59.708726],[10.518891,59.689032],[10.539806,59.675035],[10.582693,59.662055],[10.599132,59.643988],[10.614594,59.607733],[10.59311,59.57038],[10.542735,59.535549],[10.483735,59.514472],[10.436697,59.518378],[10.423595,59.53384],[10.427419,59.607367],[10.408702,59.67121],[10.397634,59.688056],[10.360525,59.711005],[10.332286,59.711493],[10.296641,59.732001],[10.266856,59.739732],[10.238943,59.738756],[10.224376,59.723822],[10.238048,59.71898],[10.257091,59.701077],[10.360037,59.672756],[10.379242,59.658352],[10.39088,59.63817],[10.394867,59.611151],[10.390147,59.558295],[10.381033,59.535346],[10.364268,59.525824],[10.332774,59.53262],[10.269379,59.559027],[10.237315,59.559963],[10.247813,59.543158],[10.267914,59.525051],[10.291026,59.510565],[10.331309,59.495063],[10.369395,59.455268],[10.458995,59.440863],[10.47755,59.429633],[10.480317,59.412095],[10.472179,59.393866],[10.446788,59.364732],[10.444509,59.348944],[10.461681,59.335761],[10.498709,59.31977],[10.514171,59.302924],[10.487071,59.284125],[10.469574,59.247789],[10.451182,59.248969],[10.416189,59.265082],[10.371593,59.273749],[10.36085,59.271308],[10.36199,59.21955],[10.334727,59.214789],[10.330251,59.209662],[10.317149,59.179592],[10.313731,59.127997],[10.289806,59.134589],[10.286957,59.114895],[10.306895,59.059719],[10.292654,59.070136],[10.272146,59.114325],[10.268077,59.094672],[10.269542,59.047797],[10.262462,59.03856],[10.23113,59.114325],[10.224376,59.114325],[10.211274,59.066555],[10.232188,59.040351],[10.227794,59.028957],[10.174978,59.005316],[10.140798,58.999945],[10.114513,59.005072],[10.125662,59.014553],[10.161876,59.027533],[10.169688,59.035468],[10.163422,59.052314],[10.148774,59.051581],[10.076508,59.021308],[10.059418,59.018134],[10.033458,59.031073],[10.016775,59.033677],[10.033376,58.993476],[10.014822,58.973131],[10.0,58.967307],[10.0,63.362506],[10.047048,63.352281],[10.099294,63.324897],[10.242198,63.326321],[10.254405,63.314439],[10.259044,63.267279],[10.268565,63.273017],[10.272227,63.281684],[10.272146,63.304877],[10.279552,63.318264],[10.26588,63.331936],[10.244884,63.344062],[10.068696,63.365546],[10.049083,63.381903],[10.040863,63.406399],[10.094005,63.438666],[10.156016,63.452338],[10.300466,63.466539],[10.373057,63.441718],[10.447276,63.456773],[10.481944,63.454657],[10.546153,63.434882],[10.576915,63.430732],[10.69044,63.452338],[10.695974,63.447333],[10.7588,63.438666],[10.797862,63.417385],[10.810232,63.42121],[10.829763,63.440579],[10.893077,63.44953],[10.908051,63.456244],[10.916352,63.466539],[10.82252,63.475898],[10.77768,63.487494],[10.7588,63.517483],[10.780772,63.539008],[10.831065,63.55036],[10.922618,63.554755],[10.922618,63.562201],[10.856944,63.569322],[10.861501,63.578599],[10.912364,63.588528],[10.922618,63.602484],[10.851329,63.59809],[10.768321,63.574042],[10.730154,63.571763],[10.702159,63.55744],[10.671641,63.548774],[10.656423,63.548529],[10.656423,63.554755],[10.672618,63.558173],[10.686046,63.57746],[10.705089,63.583686],[10.719737,63.603502],[10.755707,63.625067],[10.864268,63.651516],[10.905447,63.684475],[11.033458,63.719184],[11.056895,63.716051],[11.083018,63.704576],[11.11964,63.704495],[11.156749,63.711127],[11.183849,63.719794],[11.242198,63.765082],[11.265798,63.7744],[11.33725,63.784166],[11.443044,63.786078],[11.457693,63.789984],[11.463878,63.801703],[11.459727,63.812445],[11.449392,63.818915],[11.424083,63.822211],[11.437755,63.835883],[11.415212,63.850084],[11.354747,63.848131],[11.27711,63.867377],[11.111583,63.849555],[11.096528,63.8581],[11.096446,63.889635],[11.176606,63.909247],[11.200369,63.919745],[11.223318,63.945461],[11.299978,63.965562],[11.43686,63.98314],[11.486827,64.006659],[11.497895,64.020819],[11.454438,64.017401],[11.42628,64.028795],[11.366547,64.027289],[11.254242,64.037909],[11.241954,64.051581],[11.240489,64.061021],[11.345063,64.104885],[11.362071,64.117092],[11.299978,64.107164],[11.225352,64.071967],[11.203461,64.027411],[11.175141,64.007025],[10.962738,63.947943],[10.871349,63.897203],[10.838064,63.887274],[10.720063,63.869818],[10.68865,63.860297],[10.646169,63.833238],[10.595388,63.820258],[10.573741,63.809149],[10.631602,63.816311],[10.700694,63.842719],[10.77003,63.850287],[10.900238,63.894721],[10.934906,63.898139],[11.056,63.861274],[11.073985,63.835883],[11.007498,63.813137],[10.991466,63.801703],[10.977875,63.767564],[10.910004,63.731024],[10.811046,63.72016],[10.740733,63.690375],[10.671723,63.686835],[10.642751,63.677639],[10.611583,63.640326],[10.602306,63.635932],[10.529633,63.619452],[10.415782,63.579413],[10.32016,63.562201],[10.241384,63.562201],[10.204845,63.544338],[10.166352,63.536933],[10.080333,63.507514],[10.0,63.500127],[10.0,63.723908],[10.036306,63.734605],[10.10141,63.767564],[10.075938,63.765815],[10.030284,63.747992],[10.005219,63.746527],[10.017589,63.765937],[10.039317,63.7744],[10.029552,63.783515],[10.0,63.775298],[10.0,63.908278],[10.068044,63.91767],[10.115977,63.941107],[10.173676,63.934068],[10.197032,63.9383],[10.172374,63.957221],[10.141775,63.965562],[10.095714,63.948676],[10.0,63.930185],[10.0,63.947722],[10.08725,63.966498],[10.128103,63.986721],[10.113048,63.987006],[10.080333,63.973049],[10.058604,63.986802],[10.0,63.966916],[10.0,64.036168],[10.01824,64.035102],[10.014415,64.049221],[10.025645,64.062445],[10.0,64.087768],[10.0,64.110838],[10.013682,64.118801],[10.035818,64.115465],[10.107921,64.089748],[10.192068,64.101467],[10.208832,64.109768],[10.21754,64.123928],[10.191417,64.117377],[10.107677,64.117092],[10.117361,64.130439],[10.1338,64.138495],[10.152599,64.140774],[10.169688,64.136908],[10.156016,64.15119],[10.156016,64.158026],[10.197032,64.158026],[10.177908,64.166693],[10.176768,64.174954],[10.18336,64.18537],[10.169688,64.198961],[10.222179,64.192613],[10.237315,64.198961],[10.23113,64.205797],[10.29713,64.209947],[10.319998,64.205797],[10.365082,64.185045],[10.374522,64.18537],[10.365408,64.20718],[10.323497,64.222235],[10.245372,64.233791],[10.2588,64.245592],[10.333507,64.260443],[10.326834,64.274115],[10.351573,64.27497],[10.397309,64.26439],[10.391368,64.287787],[10.43629,64.28498],[10.462576,64.294135],[10.491222,64.295233],[10.491222,64.301418],[10.457693,64.301011],[10.449555,64.312812],[10.450206,64.349799],[10.47755,64.349799],[10.470714,64.356635],[10.493907,64.356431],[10.517345,64.350043],[10.559418,64.329332],[10.553559,64.343451],[10.539317,64.353258],[10.504731,64.364081],[10.504731,64.370307],[10.567393,64.363918],[10.598318,64.345771],[10.648936,64.356635],[10.648936,64.364081],[10.607107,64.365546],[10.598399,64.383002],[10.570323,64.390774],[10.552989,64.405097],[10.463878,64.405097],[10.471039,64.415717],[10.497325,64.429104],[10.511567,64.431708],[10.544119,64.426174],[10.599132,64.402086],[10.628266,64.39765],[10.613129,64.420803],[10.602224,64.4265],[10.594249,64.424872],[10.58546,64.434312],[10.604747,64.452216],[10.646251,64.43537],[10.66627,64.418118],[10.731944,64.415758],[10.745128,64.39765],[10.815115,64.370266],[10.834972,64.369127],[10.854991,64.377753],[10.799327,64.400784],[10.786632,64.411282],[10.805186,64.420803],[10.796641,64.432318],[10.774587,64.441881],[10.752615,64.44599],[10.679942,64.439032],[10.656423,64.44599],[10.656423,64.452216],[10.670421,64.454291],[10.704112,64.472724],[10.752615,64.465888],[10.762218,64.48017],[10.792817,64.48017],[10.841156,64.465888],[10.836925,64.482896],[10.800304,64.507473],[10.824718,64.511379],[10.848399,64.504869],[10.892263,64.474677],[10.916352,64.49315],[10.945486,64.484036],[10.956716,64.487006],[10.922618,64.507473],[10.927908,64.513373],[10.964122,64.507473],[10.964122,64.51496],[10.94988,64.520494],[10.956716,64.552191],[10.939952,64.566107],[10.916352,64.575751],[10.916352,64.582587],[10.95045,64.590033],[10.956716,64.603013],[10.971202,64.602607],[11.060313,64.575751],[11.063487,64.566148],[11.059744,64.547431],[11.076182,64.523627],[11.101329,64.521145],[11.167247,64.489163],[11.178071,64.478664],[11.176117,64.465481],[11.162771,64.44599],[11.185069,64.441596],[11.269786,64.452582],[11.293956,64.449164],[11.341563,64.431708],[11.320323,64.398668],[11.268728,64.366645],[11.224864,64.322455],[11.247406,64.325588],[11.299978,64.370307],[11.377615,64.397162],[11.389334,64.405097],[11.362071,64.411282],[11.397227,64.445746],[11.409841,64.452216],[11.44337,64.438544],[11.520274,64.46247],[11.612641,64.46955],[11.656261,64.48017],[11.437755,64.465888],[11.447765,64.476996],[11.451671,64.496283],[11.460704,64.511176],[11.475271,64.517239],[11.539561,64.521145],[11.539561,64.527981],[11.518077,64.533149],[11.506033,64.548407],[11.573741,64.555854],[11.547048,64.541571],[11.570079,64.537258],[11.656261,64.569525],[11.750499,64.585679],[11.779796,64.596869],[11.659516,64.594306],[11.635753,64.582587],[11.624522,64.592597],[11.633556,64.612982],[11.628917,64.624172],[11.611176,64.628607],[11.589122,64.622952],[11.553233,64.603013],[11.572765,64.596381],[11.594737,64.596869],[11.577159,64.575019],[11.547618,64.568183],[11.516775,64.572943],[11.454438,64.620429],[11.420665,64.636379],[11.424083,64.651435],[11.402029,64.663153],[11.395681,64.672838],[11.396169,64.685614],[11.420177,64.686103],[11.424083,64.695868],[11.396169,64.706732],[11.421072,64.713813],[11.479828,64.71955],[11.531749,64.744574],[11.588552,64.736396],[11.615896,64.74022],[11.594737,64.747707],[11.595225,64.75849],[11.553233,64.767524],[11.790375,64.783637],[11.841807,64.794867],[11.841807,64.802314],[11.73878,64.802314],[11.745616,64.809149],[11.64324,64.82274],[11.677094,64.832099],[11.787283,64.835842],[11.779796,64.850084],[11.787283,64.857571],[11.683604,64.837063],[11.649425,64.843207],[11.708507,64.858303],[11.726085,64.876614],[11.745453,64.884182],[11.814464,64.895087],[11.91684,64.925198],[11.991954,64.930243],[12.063731,64.959947],[12.224864,64.939439],[12.18629,64.95954],[12.143891,64.969428],[12.053477,64.972968],[11.982188,64.953111],[11.911632,64.949408],[11.73878,64.891059],[11.617035,64.869615],[11.608409,64.861965],[11.622081,64.850084],[11.622081,64.843207],[11.547618,64.819648],[11.478282,64.810614],[11.426768,64.77025],[11.403331,64.759711],[11.260997,64.734361],[11.238536,64.74022],[11.35141,64.767524],[11.429698,64.815904],[11.346365,64.804999],[11.302419,64.821967],[11.255056,64.816596],[11.2317,64.82274],[11.252696,64.837836],[11.281993,64.84455],[11.523774,64.862535],[11.664887,64.893256],[11.697113,64.912177],[11.672537,64.912299],[11.601573,64.891059],[11.245372,64.857571],[11.401378,64.922268],[11.450206,64.922309],[11.512218,64.898505],[11.55421,64.899075],[11.594737,64.918362],[11.594737,64.925198],[11.533946,64.904731],[11.477387,64.932603],[11.495372,64.940863],[11.560069,64.953111],[11.635753,64.945624],[11.615896,64.959947],[11.62908,64.965888],[11.663097,64.953111],[11.710623,64.957261],[11.776378,64.976711],[11.82016,64.981187],[11.834972,64.98664],[11.804535,64.998603],[11.801524,65.007636],[11.81422,65.018012],[11.872569,65.041897],[11.978526,65.068834],[12.012462,65.055487],[12.010102,65.035956],[12.015473,65.029608],[12.026134,65.031317],[12.043468,65.058987],[12.054454,65.065579],[12.060395,65.060045],[12.063731,65.0456],[12.075938,65.039455],[12.115571,65.049302],[12.137055,65.046698],[12.153168,65.039455],[12.177013,65.014594],[12.173188,64.997789],[12.194021,64.994859],[12.211192,65.014594],[12.18686,65.034491],[12.184337,65.0456],[12.193126,65.050482],[12.280935,65.060126],[12.368826,65.090277],[12.437999,65.084621],[12.471528,65.089301],[12.486095,65.113511],[12.507498,65.121243],[12.636241,65.131293],[12.602224,65.137437],[12.617361,65.149848],[12.677257,65.159166],[12.715587,65.184638],[12.774587,65.211575],[12.790538,65.213813],[12.807384,65.242092],[12.838064,65.253607],[12.931,65.312405],[12.939952,65.327826],[12.931814,65.333197],[12.668224,65.19595],[12.541026,65.162258],[12.502778,65.144924],[12.429047,65.139228],[12.390147,65.142524],[12.368826,65.15176],[12.381684,65.177232],[12.470551,65.182603],[12.499197,65.200141],[12.451427,65.206366],[12.438324,65.213813],[12.438324,65.226874],[12.417003,65.230211],[12.355154,65.219957],[12.355154,65.226874],[12.408214,65.246894],[12.508067,65.240668],[12.520193,65.250718],[12.677013,65.249213],[12.712087,65.254136],[12.680675,65.262681],[12.588145,65.260972],[12.516449,65.267768],[12.458181,65.254136],[12.465017,65.267768],[12.43572,65.273342],[12.34547,65.267768],[12.320567,65.260199],[12.276215,65.232245],[12.245291,65.233629],[12.257172,65.245103],[12.300466,65.267768],[12.342133,65.302558],[12.378103,65.309394],[12.451427,65.313544],[12.478689,65.336656],[12.459972,65.336819],[12.41033,65.322455],[12.41863,65.33515],[12.432953,65.34455],[12.499197,65.370836],[12.516449,65.357164],[12.600841,65.354682],[12.625743,65.347235],[12.656505,65.325751],[12.67449,65.322577],[12.69158,65.32982],[12.662771,65.354682],[12.547048,65.364],[12.538097,65.372504],[12.527029,65.405585],[12.48878,65.432318],[12.478689,65.446519],[12.548595,65.447008],[12.567393,65.439765],[12.569021,65.423489],[12.574229,65.418647],[12.583344,65.417914],[12.591645,65.429877],[12.602224,65.432318],[12.629242,65.42121],[12.680675,65.37995],[12.712087,65.370836],[12.640798,65.416409],[12.629405,65.432318],[12.64975,65.450263],[12.780284,65.459621],[12.740977,65.46776],[12.608409,65.459621],[12.608409,65.467027],[12.656912,65.480699],[12.6338,65.487982],[12.596528,65.488593],[12.577973,65.498033],[12.564626,65.513658],[12.615733,65.52851],[12.594249,65.534003],[12.579438,65.549506],[12.572602,65.569892],[12.574229,65.589993],[12.551931,65.56802],[12.53712,65.534817],[12.513682,65.512152],[12.465017,65.521674],[12.525727,65.561835],[12.533865,65.583157],[12.51002,65.573717],[12.466563,65.536851],[12.438324,65.52851],[12.404307,65.53498],[12.396495,65.551907],[12.417166,65.596747],[12.368419,65.592678],[12.355154,65.604193],[12.357677,65.629299],[12.348888,65.638373],[12.364106,65.652493],[12.398204,65.67121],[12.438324,65.706],[12.495372,65.733344],[12.554535,65.729397],[12.581309,65.71308],[12.587901,65.689602],[12.636241,65.686184],[12.615733,65.673285],[12.608246,65.663153],[12.608409,65.651353],[12.656912,65.638373],[12.712413,65.64411],[12.740896,65.629706],[12.78712,65.638373],[12.776866,65.649075],[12.758149,65.65526],[12.683604,65.661444],[12.663585,65.679348],[12.650157,65.709906],[12.586436,65.727729],[12.574229,65.733954],[12.557791,65.75373],[12.567149,65.766547],[12.645356,65.807685],[12.66033,65.809719],[12.698741,65.790595],[12.71754,65.78913],[12.7046,65.802232],[12.711192,65.827135],[12.693696,65.835517],[12.626313,65.827379],[12.615733,65.827948],[12.611664,65.834662],[12.615733,65.850653],[12.636241,65.864325],[12.642426,65.891588],[12.660411,65.911811],[12.682302,65.926663],[12.789073,65.964993],[12.848481,65.966702],[12.917491,65.95303],[12.965831,65.925727],[13.022797,65.929755],[13.040375,65.925727],[13.068207,65.898383],[13.120453,65.892157],[13.122895,65.877916],[13.156993,65.850653],[13.176036,65.85578],[13.151052,65.892483],[13.149669,65.912095],[13.133556,65.924262],[13.122895,65.943101],[13.112559,65.946845],[13.048513,65.946845],[12.978363,65.959906],[12.942393,65.973863],[12.924327,65.994045],[12.963145,66.010199],[12.968028,66.022854],[12.951508,66.03559],[12.970551,66.052802],[13.023611,66.067288],[13.040375,66.083441],[13.002208,66.082668],[12.927257,66.061469],[12.712087,66.042426],[12.725597,66.056098],[12.699392,66.063381],[12.670421,66.062893],[12.687185,66.074612],[12.75172,66.105129],[12.868988,66.134345],[13.047537,66.152289],[13.089529,66.146145],[13.103689,66.161566],[13.225352,66.185777],[13.306,66.217922],[13.527192,66.240139],[13.561778,66.234198],[13.576508,66.21894],[13.557384,66.205146],[13.523204,66.195705],[13.492849,66.193305],[13.492849,66.185777],[13.582286,66.185777],[13.534434,66.138617],[13.530121,66.120266],[13.535899,66.110541],[13.561778,66.111314],[13.600922,66.143297],[13.616954,66.152289],[13.639659,66.157294],[13.711925,66.158515],[13.760265,66.165961],[13.821625,66.14704],[13.830414,66.148749],[13.834809,66.158515],[13.831798,66.168524],[13.822439,66.17182],[13.776622,66.176174],[13.705089,66.172756],[13.609548,66.185777],[13.641124,66.220608],[13.696462,66.238715],[13.757823,66.242418],[13.808116,66.234198],[13.799164,66.223782],[13.760265,66.199449],[13.788422,66.200832],[13.836681,66.222073],[13.986176,66.241034],[14.009776,66.270941],[14.035981,66.277493],[14.051606,66.287258],[14.112804,66.302314],[14.134613,66.316392],[14.143891,66.333808],[14.130544,66.343085],[14.100108,66.336859],[14.04835,66.316799],[13.964041,66.304755],[13.938487,66.29564],[13.907481,66.268378],[13.803477,66.277777],[13.780284,66.28262],[13.753754,66.295844],[13.739268,66.289455],[13.740408,66.277533],[13.723643,66.264106],[13.699067,66.253079],[13.619802,66.240912],[13.591645,66.243842],[13.57545,66.262152],[13.62322,66.275214],[13.600922,66.285875],[13.57545,66.289455],[13.503184,66.259019],[13.413748,66.24315],[13.327322,66.245795],[13.287364,66.241034],[13.204763,66.204657],[13.069347,66.174058],[13.040375,66.179633],[13.031586,66.198228],[13.112478,66.23078],[13.134451,66.247056],[13.163097,66.259101],[13.3213,66.300279],[13.494314,66.299994],[13.534434,66.309312],[13.505626,66.31859],[13.403494,66.316799],[13.411306,66.327338],[13.42335,66.332465],[13.451915,66.337226],[13.432872,66.343248],[13.364757,66.338324],[13.310883,66.374498],[13.306977,66.369127],[13.314708,66.350287],[13.337657,66.327826],[13.226573,66.297349],[13.136567,66.303127],[13.157725,66.318264],[13.161632,66.326728],[13.150238,66.33039],[13.095551,66.316799],[13.064138,66.314358],[13.037283,66.319973],[13.015636,66.334133],[13.000011,66.357123],[13.140961,66.386135],[13.170665,66.41234],[13.161306,66.422065],[13.156993,66.436591],[13.149669,66.443549],[13.10255,66.453925],[13.131684,66.460924],[13.163829,66.46015],[13.163829,66.466986],[13.10255,66.474433],[13.081798,66.497992],[13.0171,66.505276],[12.972016,66.522203],[13.10255,66.542711],[13.133311,66.530666],[13.208995,66.514106],[13.219086,66.504828],[13.231456,66.468085],[13.225352,66.453925],[13.362071,66.455512],[13.397227,66.466986],[13.287852,66.46011],[13.266856,66.466986],[13.270518,66.483832],[13.284434,66.498481],[13.287771,66.509508],[13.259532,66.515367],[13.259532,66.522203],[13.284923,66.524115],[13.355968,66.542711],[13.441417,66.539944],[13.489431,66.550116],[13.568614,66.528469],[13.671072,66.515367],[13.648936,66.530585],[13.623383,66.538764],[13.479991,66.554999],[13.458751,66.563788],[13.507091,66.584296],[13.601329,66.607245],[13.726248,66.604804],[13.687511,66.61579],[13.502778,66.606513],[13.472423,66.597357],[13.42335,66.562812],[13.396332,66.557318],[13.239024,66.548407],[13.204845,66.556342],[13.209727,66.573676],[13.21811,66.583075],[13.24586,66.597968],[13.232758,66.604804],[13.250011,66.613837],[13.288259,66.6164],[13.332205,66.626288],[13.381602,66.619086],[13.403494,66.62523],[13.373302,66.633287],[13.250743,66.633124],[13.170665,66.651923],[13.191173,66.666571],[13.237315,66.653998],[13.283946,66.660712],[13.348888,66.645738],[13.425141,66.659166],[13.451915,66.658759],[13.521332,66.640611],[13.547374,66.638251],[13.522634,66.661078],[13.480154,66.675279],[13.266856,66.701646],[13.225352,66.714016],[13.256033,66.724066],[13.493175,66.714016],[13.527599,66.693549],[13.693126,66.691311],[13.718761,66.700385],[13.698253,66.707221],[13.698253,66.714016],[13.799001,66.711493],[13.851248,66.717108],[13.890147,66.735093],[13.711925,66.735093],[13.610688,66.714179],[13.57545,66.714016],[13.54713,66.724311],[13.543224,66.739203],[13.558767,66.753485],[13.589122,66.761786],[13.718028,66.750556],[13.75294,66.761786],[13.721039,66.769517],[13.56365,66.777167],[13.543305,66.77147],[13.507091,66.782294],[13.54184,66.803209],[13.612153,66.809801],[13.687266,66.807034],[13.768321,66.792629],[13.993012,66.78974],[13.948009,66.800198],[13.801443,66.809556],[13.785411,66.813666],[13.758474,66.832343],[13.739268,66.837551],[13.702891,66.832221],[13.688324,66.835028],[13.677908,66.851142],[13.698253,66.857978],[13.643891,66.867987],[13.637706,66.874701],[13.636241,66.891669],[13.630626,66.899604],[13.605724,66.906887],[13.547537,66.899604],[13.520763,66.905748],[13.564952,66.932359],[13.589692,66.938178],[13.744477,66.936957],[13.780284,66.946112],[13.760265,66.967841],[13.839041,66.964097],[13.862804,66.967841],[13.890147,66.988349],[13.913259,66.993964],[13.972667,66.994574],[13.957774,66.974026],[13.890147,66.953559],[13.917491,66.9289],[13.934581,66.922187],[13.958995,66.926947],[13.931651,66.933092],[13.979991,66.953559],[13.985688,66.965969],[14.027843,66.967841],[14.043793,66.980943],[14.042735,66.995063],[14.014334,67.022528],[14.040294,67.055976],[14.059906,67.060858],[14.085623,67.036811],[14.099294,67.003079],[14.109386,66.990668],[14.151541,66.971625],[14.164561,66.979071],[14.190684,66.976549],[14.226736,66.983588],[14.226248,66.99258],[14.25172,67.003852],[14.269054,67.023993],[14.270763,67.043158],[14.246349,67.049791],[14.272146,67.060004],[14.418224,67.063422],[14.493419,67.042955],[14.529552,67.048489],[14.544281,67.045356],[14.555431,67.029283],[14.552501,67.0185],[14.568207,67.018134],[14.587738,67.02676],[14.595876,67.042955],[14.581309,67.058417],[14.551768,67.064114],[14.496837,67.063422],[14.37672,67.077704],[14.29005,67.075832],[14.267426,67.08393],[14.287446,67.08983],[14.335785,67.124905],[14.321788,67.13642],[14.328136,67.14704],[14.363048,67.159654],[14.451915,67.165839],[14.415701,67.129381],[14.411388,67.11872],[14.422862,67.109442],[14.440766,67.11518],[14.472911,67.139228],[14.459239,67.152818],[14.676931,67.159573],[14.709239,67.150824],[14.743337,67.118313],[14.750336,67.123928],[14.747244,67.145413],[14.723155,67.1612],[14.651378,67.176703],[14.513927,67.180121],[14.569998,67.200019],[14.60377,67.20425],[14.651622,67.185248],[14.678722,67.187812],[14.781423,67.214301],[14.882986,67.206204],[14.97934,67.214301],[14.97934,67.206855],[14.924815,67.200629],[14.932628,67.180487],[14.900727,67.165758],[14.890636,67.152818],[14.899099,67.141588],[14.941173,67.123684],[14.972911,67.103827],[14.993907,67.099066],[15.007986,67.1022],[15.003917,67.114936],[14.986339,67.128241],[14.931651,67.152818],[15.019542,67.204088],[15.094574,67.213365],[15.129893,67.195787],[15.218598,67.192288],[15.300629,67.169013],[15.356781,67.165839],[15.383311,67.156724],[15.394705,67.142035],[15.391938,67.122138],[15.37672,67.097602],[15.435557,67.075751],[15.501475,67.070258],[15.491222,67.080512],[15.438731,67.097602],[15.442393,67.108059],[15.438731,67.11872],[15.480317,67.152818],[15.472911,67.152818],[15.455414,67.17178],[15.400727,67.187893],[15.37672,67.200629],[15.410492,67.213121],[15.455089,67.213568],[15.716319,67.173285],[15.740408,67.173285],[15.733165,67.187567],[15.692638,67.206855],[15.706309,67.214301],[15.606212,67.202826],[15.550466,67.21955],[15.40797,67.235745],[15.383556,67.234687],[15.311697,67.208889],[15.287446,67.205634],[15.261241,67.214301],[15.329112,67.226304],[15.342459,67.241604],[15.28297,67.247016],[15.212738,67.234768],[15.062511,67.247748],[15.07781,67.260443],[15.137706,67.269517],[15.147472,67.277737],[15.16505,67.310492],[15.13795,67.311021],[15.01352,67.291653],[15.004731,67.278713],[14.989513,67.270494],[14.909353,67.274726],[14.774587,67.269517],[14.83546,67.255276],[14.811209,67.244696],[14.673839,67.216702],[14.616954,67.214301],[14.672862,67.23371],[14.694591,67.24844],[14.692068,67.269517],[14.699474,67.275702],[14.681814,67.278266],[14.662446,67.274726],[14.575694,67.251899],[14.410899,67.247748],[14.349376,67.235053],[14.328298,67.241604],[14.411388,67.269517],[14.406912,67.278062],[14.417817,67.284491],[14.451915,67.29621],[14.492198,67.322903],[14.601736,67.377346],[14.611583,67.387885],[14.605235,67.393785],[14.575938,67.392401],[14.575938,67.398627],[14.616954,67.406073],[14.623057,67.42064],[14.652517,67.426337],[14.742442,67.420071],[14.799978,67.42182],[14.822439,67.406073],[14.795095,67.385565],[14.824718,67.378323],[14.882986,67.404771],[14.982758,67.423814],[15.049001,67.447008],[14.939138,67.440863],[14.822439,67.447008],[14.842784,67.46133],[14.82252,67.46601],[14.78419,67.46247],[14.767751,67.467475],[14.780772,67.475002],[14.768565,67.48078],[14.726817,67.488674],[14.740082,67.500963],[14.794119,67.525214],[14.990408,67.570624],[15.058849,67.577338],[15.115408,67.563951],[15.143891,67.550605],[15.158865,67.535793],[15.106944,67.529608],[15.03004,67.55976],[15.008311,67.563666],[14.986827,67.549506],[15.036388,67.518541],[15.055186,67.515937],[15.010427,67.487006],[14.88502,67.486396],[14.829275,67.475002],[14.853852,67.47016],[14.987153,67.465969],[15.016775,67.468736],[15.079356,67.496283],[15.124034,67.502265],[15.175792,67.521308],[15.192882,67.515937],[15.188162,67.508694],[15.191417,67.501654],[15.212738,67.494818],[15.212738,67.488674],[15.182872,67.481838],[15.151378,67.481147],[15.151378,67.475002],[15.172374,67.467475],[15.143321,67.436713],[15.137706,67.420356],[15.15561,67.424384],[15.18922,67.442857],[15.217133,67.44953],[15.227061,67.471259],[15.240977,67.479193],[15.371267,67.487738],[15.429047,67.482978],[15.472911,67.46133],[15.492198,67.431464],[15.541759,67.379381],[15.548595,67.351467],[15.575938,67.331],[15.644786,67.303046],[15.644786,67.29621],[15.604828,67.29092],[15.603526,67.280341],[15.62615,67.27261],[15.658458,67.275702],[15.700043,67.303046],[15.692231,67.312649],[15.63795,67.324164],[15.62143,67.333686],[15.617442,67.357652],[15.58546,67.395575],[15.514415,67.4265],[15.529959,67.43887],[15.582774,67.46133],[15.55421,67.460761],[15.528656,67.467475],[15.558442,67.493354],[15.597911,67.509914],[15.786306,67.550605],[15.89796,67.556871],[15.868175,67.573228],[15.668142,67.551947],[15.555919,67.515937],[15.498709,67.510484],[15.267345,67.524359],[15.239268,67.529242],[15.227061,67.539496],[15.228363,67.558783],[15.233409,67.566718],[15.261241,67.577338],[15.240733,67.584215],[15.275645,67.593573],[15.307872,67.594143],[15.410899,67.583441],[15.425629,67.579169],[15.436371,67.559801],[15.446625,67.561713],[15.466075,67.577338],[15.418793,67.604682],[15.438731,67.612128],[15.406586,67.631293],[15.388194,67.632392],[15.370453,67.62519],[15.384044,67.612128],[15.359141,67.605211],[15.274913,67.62519],[15.194347,67.60871],[15.178559,67.618354],[15.196462,67.644599],[15.336925,67.687201],[15.304942,67.686591],[15.274913,67.694037],[15.291515,67.714911],[15.301117,67.720201],[15.330333,67.720364],[15.368663,67.710273],[15.412283,67.68891],[15.541759,67.67357],[15.514415,67.694037],[15.658458,67.680406],[15.58725,67.704332],[15.548106,67.711249],[15.486583,67.69892],[15.457286,67.707831],[15.404552,67.735053],[15.404552,67.741889],[15.596934,67.748847],[15.658458,67.735053],[15.799653,67.679023],[15.822032,67.677802],[15.836599,67.694037],[15.806814,67.695746],[15.781912,67.707709],[15.788748,67.728217],[15.6692,67.761786],[15.630544,67.762356],[15.640636,67.775336],[15.692638,67.796454],[15.659841,67.793769],[15.594981,67.773871],[15.411388,67.796454],[15.42156,67.813137],[15.446137,67.83218],[15.446056,67.844916],[15.432791,67.860745],[15.420909,67.856838],[15.404552,67.824408],[15.383556,67.855292],[15.369477,67.86518],[15.356781,67.851142],[15.384044,67.8039],[15.30893,67.776028],[15.262218,67.752265],[15.223806,67.743354],[15.181977,67.714545],[15.040701,67.677558],[14.952403,67.663642],[14.918142,67.651516],[14.836111,67.642524],[14.808442,67.648342],[14.752696,67.648017],[14.726817,67.659369],[14.876964,67.700263],[14.876964,67.707709],[14.780772,67.714545],[14.792979,67.728827],[14.856456,67.725084],[14.875499,67.731147],[15.117198,67.741889],[15.087576,67.748481],[15.01531,67.746649],[14.993663,67.769232],[15.034679,67.782864],[14.876964,67.773261],[14.829275,67.762356],[14.843028,67.769232],[14.829275,67.776028],[14.831228,67.791815],[14.819347,67.797431],[14.802257,67.794013],[14.788341,67.782864],[14.769542,67.78974],[14.75408,67.8039],[14.789399,67.822821],[14.806977,67.825344],[14.87322,67.822943],[14.959321,67.837226],[15.063243,67.838772],[15.102875,67.851142],[15.075857,67.861518],[14.84962,67.844916],[14.84962,67.851142],[14.867442,67.851874],[14.8838,67.858547],[14.899425,67.872992],[14.945323,67.886786],[14.998709,67.895453],[15.036306,67.894477],[15.084972,67.887274],[15.192068,67.886054],[15.233246,67.872219],[15.201182,67.859809],[15.19337,67.847357],[15.199067,67.831244],[15.302094,67.890367],[15.336925,67.899563],[15.338064,67.891832],[15.359874,67.891669],[15.483165,67.91767],[15.535492,67.919867],[15.543468,67.916978],[15.503184,67.875434],[15.514903,67.85635],[15.532563,67.852362],[15.541759,67.858547],[15.524262,67.866767],[15.524425,67.877997],[15.534923,67.889797],[15.548595,67.899563],[15.597992,67.916693],[15.60377,67.930569],[15.752289,67.952094],[15.788748,67.951361],[15.820811,67.937649],[15.832205,67.927395],[15.840994,67.901068],[15.860118,67.899644],[15.870779,67.926825],[15.885509,67.93887],[15.944998,67.965562],[15.966319,67.995103],[15.953298,67.995103],[15.968761,68.008612],[16.000662,68.012274],[16.063162,68.009426],[16.063162,68.016181],[15.90089,68.023586],[15.850271,68.036689],[15.850271,68.042914],[15.888031,68.057929],[15.898285,68.06684],[15.877452,68.070868],[15.824718,68.05268],[15.789236,68.034329],[15.602387,68.038275],[15.575938,68.063422],[15.558767,68.073554],[15.545421,68.074693],[15.520681,68.063422],[15.384044,68.023017],[15.392833,68.011298],[15.438731,68.009426],[15.398204,67.99494],[15.356781,67.995917],[15.317068,68.010484],[15.281749,68.036689],[15.294281,68.047187],[15.342459,68.057196],[15.354503,68.079983],[15.403575,68.10456],[15.46339,68.124213],[15.507579,68.13227],[15.501964,68.117987],[15.50408,68.10517],[15.51295,68.095649],[15.528656,68.091295],[15.533539,68.094306],[15.538341,68.111802],[15.583018,68.111802],[15.629893,68.134589],[15.63795,68.142808],[15.636241,68.165513],[15.643728,68.168931],[15.665782,68.16706],[15.658458,68.152777],[15.734141,68.139716],[15.700043,68.126044],[15.728363,68.113105],[15.737478,68.102769],[15.734141,68.091295],[15.710134,68.084621],[15.644298,68.096625],[15.617442,68.091295],[15.626964,68.084621],[15.628591,68.076402],[15.617442,68.057196],[15.64031,68.050605],[15.665782,68.05036],[15.6574,68.066718],[15.669444,68.072333],[15.73463,68.072333],[15.761485,68.077623],[15.766449,68.089545],[15.844493,68.096259],[15.906749,68.132473],[15.925304,68.13227],[15.872325,68.169664],[15.870779,68.186916],[15.888682,68.19245],[15.942068,68.18594],[15.953298,68.204576],[15.945079,68.231147],[15.949555,68.239],[15.964041,68.247219],[16.014659,68.249579],[16.037852,68.242987],[16.049815,68.211737],[16.063162,68.201158],[16.047699,68.185777],[16.027843,68.180732],[16.042491,68.162299],[16.097179,68.173285],[16.104015,68.160224],[16.090343,68.125678],[16.069672,68.112494],[16.089854,68.074205],[16.083669,68.057359],[16.053396,68.041083],[16.042003,68.029853],[16.15797,67.999701],[16.192882,67.981513],[16.210623,67.958808],[16.213227,67.911607],[16.220063,67.892727],[16.236827,67.883612],[16.281993,67.877183],[16.437348,67.807563],[16.484711,67.797797],[16.514985,67.8039],[16.460297,67.817694],[16.443533,67.831529],[16.453461,67.851142],[16.311046,67.873969],[16.268565,67.889309],[16.254568,67.900336],[16.275401,67.926825],[16.271251,67.964911],[16.275401,67.975287],[16.243337,67.99433],[16.207042,68.00259],[16.244802,68.009426],[16.274262,68.005683],[16.301117,67.993598],[16.405935,67.919501],[16.412608,67.906317],[16.466563,67.899563],[16.446056,67.926825],[16.466563,67.940497],[16.396169,67.95893],[16.334809,67.994452],[16.333507,68.002427],[16.357432,68.009426],[16.380382,68.008938],[16.397227,68.000881],[16.42628,67.975287],[16.451508,67.962795],[16.481781,67.95718],[16.542247,67.961005],[16.523936,67.967434],[16.48113,67.96955],[16.46339,67.978339],[16.46339,67.987698],[16.500743,68.016181],[16.364757,68.029853],[16.373709,68.046332],[16.389171,68.059272],[16.442638,68.076117],[16.463634,68.094306],[16.487071,68.091295],[16.550141,68.06623],[16.662771,68.050686],[16.68629,68.057196],[16.665212,68.063422],[16.688975,68.071031],[16.576996,68.08511],[16.500743,68.118598],[16.445079,68.115546],[16.346446,68.08218],[16.289073,68.091295],[16.302745,68.111802],[16.253673,68.121649],[16.241222,68.13227],[16.319998,68.1258],[16.360118,68.14411],[16.40211,68.13703],[16.412608,68.145941],[16.398936,68.152777],[16.41627,68.158759],[16.473399,68.152777],[16.464366,68.165717],[16.412608,68.180732],[16.412608,68.186916],[16.545177,68.165025],[16.590099,68.16706],[16.572602,68.173651],[16.53297,68.178168],[16.466807,68.201158],[16.459972,68.205471],[16.46046,68.224189],[16.453136,68.228461],[16.405772,68.207994],[16.172048,68.203681],[16.16212,68.211127],[16.18336,68.221137],[16.213715,68.226264],[16.347341,68.228461],[16.35613,68.231838],[16.355642,68.239],[16.34018,68.249579],[16.190929,68.25845],[16.119802,68.27383],[16.103363,68.283149],[16.121349,68.289984],[16.149669,68.313056],[16.172374,68.317857],[16.247569,68.304185],[16.281749,68.30744],[16.302908,68.299628],[16.316905,68.283149],[16.339203,68.279853],[16.388438,68.284125],[16.398936,68.276923],[16.508311,68.255439],[16.559825,68.232815],[16.562755,68.194322],[16.739513,68.138902],[16.802989,68.13227],[16.749278,68.158026],[16.731293,68.176703],[16.643728,68.201728],[16.612153,68.219062],[16.592621,68.239488],[16.60377,68.255805],[16.567393,68.276313],[16.522797,68.288886],[16.411876,68.298774],[16.357758,68.311835],[16.317719,68.329413],[16.264334,68.324286],[16.241222,68.331529],[16.281586,68.34455],[16.235199,68.34512],[16.220063,68.351386],[16.263927,68.362209],[16.35613,68.370917],[16.422862,68.38935],[16.694591,68.405463],[16.802989,68.379299],[16.848969,68.378485],[16.869884,68.372545],[16.878673,68.355129],[16.824067,68.324042],[16.847504,68.323432],[16.994802,68.34455],[17.046886,68.362616],[17.127289,68.37287],[17.14503,68.36872],[17.183116,68.337714],[17.196788,68.300482],[17.223806,68.284247],[17.330577,68.255805],[17.310069,68.232245],[17.313162,68.22309],[17.330577,68.207994],[17.318614,68.170071],[17.333995,68.16706],[17.354991,68.171861],[17.364024,68.183539],[17.363048,68.198065],[17.35434,68.211127],[17.352061,68.225531],[17.374034,68.232896],[17.419932,68.235907],[17.389985,68.266832],[17.352224,68.284735],[17.268565,68.31037],[17.222992,68.339586],[17.206065,68.372992],[17.236176,68.379869],[17.255544,68.393012],[17.247895,68.405992],[17.327973,68.408393],[17.495779,68.365058],[17.576915,68.358832],[17.545584,68.376776],[17.364594,68.413479],[17.395274,68.423041],[17.539887,68.428371],[17.709483,68.411811],[17.816661,68.384752],[17.871837,68.393012],[17.815684,68.397284],[17.612153,68.450873],[17.467621,68.447577],[17.544119,68.518541],[17.54656,68.530097],[17.480968,68.520331],[17.438487,68.506496],[17.364594,68.502875],[17.327647,68.491156],[17.260102,68.455227],[17.046641,68.434149],[17.001638,68.447577],[17.081309,68.458238],[17.097179,68.468695],[17.09197,68.48078],[17.071544,68.489081],[17.019054,68.497626],[16.987966,68.50967],[16.848643,68.448717],[16.739106,68.452379],[16.668793,68.438381],[16.534841,68.4383],[16.510997,68.441311],[16.500743,68.450995],[16.498057,68.473212],[16.46461,68.509996],[16.473399,68.523342],[16.484874,68.528957],[16.542003,68.543769],[16.60434,68.528876],[16.621104,68.533515],[16.632091,68.546291],[16.628266,68.550849],[16.596934,68.55744],[16.573253,68.569241],[16.562755,68.591539],[16.571788,68.612128],[16.597016,68.629543],[16.629242,68.641669],[16.696951,68.650539],[16.809825,68.680976],[16.925059,68.693264],[16.960704,68.704535],[16.992931,68.707953],[17.045258,68.675727],[17.080903,68.664008],[17.083507,68.646186],[17.148692,68.63231],[17.186534,68.638739],[17.169932,68.651801],[17.132579,68.655219],[17.100434,68.669501],[17.097179,68.676174],[17.100597,68.690619],[17.115082,68.699042],[17.205414,68.711371],[17.250173,68.723944],[17.310069,68.707668],[17.370372,68.711127],[17.403656,68.684556],[17.42156,68.675727],[17.460216,68.666693],[17.576671,68.67414],[17.65561,68.657294],[17.679373,68.660468],[17.620616,68.681342],[17.494477,68.690334],[17.403331,68.744452],[17.373871,68.750312],[17.323578,68.731594],[17.290294,68.736558],[17.234386,68.756049],[17.26295,68.768215],[17.333263,68.787095],[17.395518,68.796454],[17.460948,68.815375],[17.564789,68.788764],[17.72169,68.778469],[17.78297,68.748603],[17.782888,68.778144],[17.739268,68.791327],[17.645274,68.797065],[17.467621,68.831204],[17.545665,68.847154],[17.609223,68.871487],[17.707367,68.893256],[17.768728,68.871812],[17.823578,68.868313],[17.851329,68.872748],[17.825938,68.893744],[17.707367,68.913764],[17.720958,68.934231],[17.521495,68.916734],[17.457774,68.899807],[17.426117,68.899482],[17.436371,68.913398],[17.479747,68.947821],[17.495128,68.954739],[17.523936,68.955024],[17.533702,68.960842],[17.535981,68.975165],[17.530447,68.986884],[17.519216,68.990465],[17.488292,68.988837],[17.488292,68.995673],[17.559418,69.031724],[17.603201,69.060614],[17.656993,69.078111],[17.679373,69.091864],[17.631602,69.105536],[17.658865,69.116889],[17.868988,69.121324],[17.958832,69.148505],[18.024181,69.155666],[18.152354,69.153957],[18.081309,69.169135],[18.071056,69.177558],[18.073253,69.197414],[18.0796,69.207017],[18.105235,69.229071],[18.077159,69.237128],[18.016287,69.229193],[17.988536,69.235256],[18.00408,69.250149],[18.003103,69.285712],[18.015798,69.304145],[18.045421,69.31745],[18.112559,69.333482],[18.138682,69.352525],[18.130544,69.36933],[18.180349,69.407782],[18.166026,69.420844],[18.171072,69.433661],[18.152354,69.448147],[18.158458,69.459621],[18.24171,69.47606],[18.263357,69.488105],[18.300955,69.486762],[18.341482,69.467678],[18.382335,69.431342],[18.38738,69.422187],[18.364757,69.391506],[18.44752,69.393541],[18.487153,69.382025],[18.50294,69.370063],[18.509288,69.355943],[18.495616,69.290473],[18.516287,69.276109],[18.498546,69.252021],[18.502452,69.235256],[18.533214,69.277899],[18.538341,69.347968],[18.543956,69.359361],[18.564789,69.364651],[18.579763,69.352932],[18.591807,69.314683],[18.602061,69.300238],[18.651703,69.288235],[18.691661,69.263495],[18.702973,69.262519],[18.707774,69.276801],[18.703136,69.287665],[18.681,69.296454],[18.673676,69.304145],[18.689708,69.317857],[18.735037,69.324164],[18.823904,69.325263],[18.863455,69.319322],[18.929698,69.295803],[19.01295,69.287055],[19.016368,69.293931],[19.01352,69.299302],[18.988536,69.307115],[18.9546,69.328315],[18.664806,69.36933],[18.606619,69.390448],[18.591807,69.420844],[18.57781,69.431342],[18.529796,69.441352],[18.466645,69.445217],[18.4546,69.454332],[18.456879,69.465399],[18.466156,69.473822],[18.48878,69.482245],[18.468516,69.504055],[18.474294,69.516425],[18.564708,69.526557],[18.630626,69.541002],[18.852712,69.552314],[18.861583,69.546698],[18.864268,69.521918],[18.844493,69.502753],[18.893728,69.497626],[18.911388,69.481838],[18.916759,69.458075],[18.935313,69.446275],[19.009532,69.42829],[19.003184,69.407904],[19.014415,69.39704],[19.057384,69.386054],[19.146007,69.352525],[19.347423,69.344184],[19.379405,69.321845],[19.371104,69.300116],[19.350597,69.290473],[19.284923,69.275539],[19.229259,69.283677],[19.215343,69.281562],[19.167003,69.267035],[19.177501,69.253485],[19.196625,69.251288],[19.250987,69.274237],[19.268565,69.266181],[19.272309,69.252387],[19.249034,69.242662],[19.300792,69.224026],[19.336599,69.224921],[19.379405,69.242662],[19.413097,69.24018],[19.477224,69.220771],[19.509288,69.229071],[19.448578,69.260321],[19.440929,69.283677],[19.4546,69.306098],[19.4546,69.318427],[19.449474,69.324856],[19.429535,69.341742],[19.350108,69.379096],[19.29835,69.38581],[19.156261,69.377143],[19.119395,69.386054],[19.085216,69.414008],[19.077891,69.434516],[19.04363,69.441352],[19.001313,69.464342],[18.992686,69.48314],[19.005707,69.506171],[19.031912,69.521145],[19.069102,69.533271],[19.194835,69.550482],[19.235606,69.528266],[19.262706,69.523261],[19.233246,69.553168],[19.229259,69.567939],[19.147634,69.564887],[19.053396,69.552151],[19.016368,69.534369],[18.994477,69.539618],[18.958018,69.561103],[18.944347,69.615302],[19.084972,69.693427],[19.098318,69.736151],[19.117849,69.743354],[19.201427,69.753323],[19.249034,69.777086],[19.295746,69.782904],[19.444347,69.777086],[19.483084,69.781399],[19.558767,69.800198],[19.737153,69.813056],[19.78419,69.804389],[19.769379,69.784247],[19.731456,69.756822],[19.736339,69.739569],[19.728689,69.722886],[19.674327,69.681545],[19.69337,69.663723],[19.715587,69.654934],[19.727387,69.642157],[19.71518,69.612616],[19.643321,69.540595],[19.629893,69.520453],[19.626475,69.495917],[19.650157,69.459621],[19.581716,69.437445],[19.551931,69.420111],[19.530284,69.400336],[19.688487,69.444729],[19.724864,69.516059],[19.708344,69.530707],[19.756847,69.599555],[19.743175,69.612616],[19.803396,69.614163],[19.928559,69.60517],[19.994395,69.589057],[20.060232,69.579088],[20.112559,69.585354],[20.031586,69.588324],[19.954845,69.609198],[19.857758,69.627265],[19.842459,69.659735],[19.824474,69.681545],[19.824474,69.7119],[19.836436,69.723944],[19.878184,69.74433],[19.872325,69.763414],[19.889496,69.774888],[19.927745,69.784125],[19.944591,69.794176],[19.977875,69.830512],[20.006114,69.842841],[20.009044,69.834866],[20.002696,69.821112],[19.983165,69.796698],[19.968516,69.763414],[20.007009,69.7685],[20.033946,69.790351],[20.07838,69.845404],[20.114757,69.878404],[20.154552,69.934882],[20.167735,69.942206],[20.170665,69.880439],[20.207286,69.858954],[20.208751,69.879543],[20.201915,69.924221],[20.207693,69.93183],[20.270356,69.967841],[20.292654,69.971015],[20.314952,69.963813],[20.417247,69.890367],[20.425304,69.877183],[20.399913,69.845404],[20.393565,69.804389],[20.363617,69.778551],[20.350271,69.745063],[20.335704,69.725572],[20.318614,69.681545],[20.323009,69.669176],[20.330414,69.663275],[20.383067,69.63467],[20.386241,69.62287],[20.382579,69.598782],[20.376475,69.589179],[20.365977,69.585354],[20.29127,69.573554],[20.274181,69.560614],[20.304373,69.544338],[20.289073,69.537909],[20.269542,69.517279],[20.263927,69.502753],[20.278494,69.485175],[20.266856,69.468085],[20.24171,69.459784],[20.215587,69.468655],[20.206716,69.439846],[20.19158,69.413235],[20.168793,69.393704],[20.116059,69.38288],[20.057872,69.359361],[20.000255,69.348375],[19.982188,69.338935],[20.002696,69.325263],[19.937266,69.288398],[19.91684,69.269273],[19.948009,69.263129],[20.000255,69.285712],[20.070486,69.336005],[20.225352,69.384345],[20.266938,69.387641],[20.277029,69.392279],[20.354259,69.468085],[20.422862,69.506903],[20.441091,69.522773],[20.452159,69.555854],[20.482432,69.577867],[20.497325,69.577623],[20.570811,69.544827],[20.646983,69.521186],[20.791515,69.509589],[20.837169,69.49022],[20.853038,69.495917],[20.812185,69.510443],[20.718435,69.528388],[20.684825,69.547797],[20.647634,69.585354],[20.626801,69.594428],[20.540294,69.610338],[20.492361,69.627265],[20.482432,69.636868],[20.488292,69.648383],[20.52711,69.677802],[20.541759,69.70539],[20.535167,69.730455],[20.513357,69.748765],[20.482432,69.756008],[20.482432,69.763414],[20.511974,69.769477],[20.642914,69.77265],[20.785167,69.801744],[20.822276,69.828599],[20.824962,69.841539],[20.791515,69.879543],[20.829275,69.883043],[21.051768,69.944729],[21.09254,69.948391],[21.09254,69.942206],[20.982432,69.904039],[20.918956,69.866848],[20.893891,69.859687],[20.893891,69.852851],[20.955089,69.846096],[20.969086,69.832343],[20.951671,69.829779],[20.941091,69.818671],[20.99464,69.793402],[21.020518,69.788153],[21.050955,69.797593],[21.004893,69.813951],[20.996349,69.824897],[21.049001,69.832017],[21.068614,69.842678],[21.05836,69.859687],[21.170421,69.875637],[21.188813,69.869574],[21.180512,69.85456],[21.12672,69.811225],[21.17921,69.819485],[21.206554,69.830797],[21.222911,69.845404],[21.223888,69.857408],[21.209239,69.907457],[21.325938,69.907457],[21.302094,69.920356],[21.270518,69.929755],[21.209239,69.93476],[21.225271,69.974677],[21.250158,70.0],[21.513827,70.0],[21.558116,69.989407],[21.556326,69.975165],[21.569672,69.965399],[21.606456,69.955268],[21.578624,69.927924],[21.608897,69.911933],[21.684337,69.890123],[21.75766,69.88288],[21.904552,69.825426],[21.930919,69.808417],[21.942231,69.78734],[21.957286,69.777818],[22.051524,69.749823],[22.03419,69.743069],[21.977061,69.749823],[22.03004,69.73432],[22.061046,69.733385],[22.086274,69.739569],[22.098155,69.749823],[22.092052,69.757636],[22.05893,69.77025],[22.056163,69.793606],[22.01002,69.812405],[21.915538,69.838568],[21.937022,69.842597],[21.999848,69.83515],[22.018077,69.845404],[22.011974,69.859524],[21.930024,69.87934],[21.929373,69.910468],[21.913585,69.945258],[21.928559,69.962714],[21.921397,69.976752],[21.928559,69.98314],[22.024099,69.9855],[22.034841,69.979438],[22.02475,69.955268],[22.052257,69.938422],[22.061371,69.956692],[22.056102,70.0],[23.120152,70.0],[23.12436,69.987942],[23.148936,69.975735],[23.123302,69.960883],[23.094412,69.955268],[23.125499,69.944403],[23.15919,69.951077],[23.299083,69.996243],[23.314138,69.996527],[23.339041,69.977729],[23.309581,69.954088],[23.309581,69.949774],[23.329845,69.948391],[23.420584,69.978095],[23.467296,69.985785],[23.481196,70.0],[25.0,70.0],[25.0,68.614711],[24.981245,68.615089],[24.951789,68.605064],[24.927088,68.570389],[24.905177,68.556953],[24.879235,68.554835],[24.860942,68.563413],[24.829626,68.594109],[24.754179,68.637879],[24.663435,68.666094],[24.332499,68.708624],[24.186875,68.744539],[24.131167,68.776165],[23.929009,68.816214],[23.852631,68.816679],[23.787209,68.799781],[23.767985,68.755959],[23.734809,68.715445],[23.641585,68.694981],[23.481595,68.685628],[23.197581,68.618035],[23.17536,68.621652],[23.097949,68.670125],[23.071491,68.680874],[23.019297,68.686713],[22.851659,68.675706],[22.570126,68.726814],[22.428739,68.710071],[22.409205,68.712913],[22.3967,68.731826],[22.371378,68.822622],[22.356805,68.832751],[22.277224,68.857452],[22.200226,68.908457],[22.160745,68.956102],[22.023079,69.012016],[21.662894,69.263215],[21.638813,69.27138],[21.313562,69.291431],[21.098381,69.239496],[21.079674,69.230142],[21.033579,69.181205],[21.156362,69.087619],[21.099001,69.043797],[21.071509,69.036666],[21.032545,69.041007],[20.744397,69.104362],[20.716595,69.098781],[20.623165,69.036356]]],[[[14.872406,68.222724],[14.813813,68.231838],[14.795584,68.246161],[14.817719,68.268297],[14.886729,68.300849],[14.940115,68.302151],[14.953136,68.277411],[14.897146,68.243557],[14.872406,68.222724]]],[[[14.240896,68.31387],[14.26824,68.28262],[14.242198,68.256578],[14.200531,68.248765],[14.14324,68.273505],[14.138031,68.285224],[14.145844,68.29564],[14.058604,68.296942],[14.040375,68.312567],[14.079438,68.315172],[14.066417,68.332099],[14.117198,68.337307],[14.147146,68.334703],[14.169281,68.321682],[14.199229,68.315172],[14.240896,68.31387]]],[[[14.08725,68.28262],[14.125011,68.274807],[14.158865,68.255276],[14.110688,68.207099],[14.062022,68.201158],[14.043468,68.183498],[14.034028,68.180732],[13.947765,68.17768],[13.910411,68.16767],[13.876313,68.180732],[13.855805,68.162746],[13.84197,68.159613],[13.774099,68.159613],[13.784679,68.146918],[13.824718,68.143134],[13.842296,68.13227],[13.845958,68.120551],[13.839366,68.112006],[13.825694,68.106757],[13.774099,68.101955],[13.760265,68.104967],[13.749522,68.123277],[13.722667,68.123033],[13.698253,68.098131],[13.706065,68.085924],[13.718761,68.077623],[13.698985,68.070258],[13.643728,68.070868],[13.651134,68.077623],[13.62322,68.08511],[13.624685,68.107856],[13.5949,68.120551],[13.558849,68.119615],[13.54127,68.101549],[13.547374,68.090806],[13.564789,68.081773],[13.547374,68.070868],[13.527192,68.043402],[13.512869,68.040513],[13.456716,68.07099],[13.485688,68.106838],[13.589122,68.159613],[13.562999,68.164211],[13.509939,68.136705],[13.479259,68.13227],[13.479259,68.139716],[13.500743,68.143988],[13.513357,68.159613],[13.479259,68.16706],[13.527599,68.173285],[13.479259,68.186916],[13.515636,68.209703],[13.615896,68.22663],[13.582286,68.235907],[13.500011,68.242255],[13.636729,68.294338],[13.677908,68.290595],[13.715017,68.274644],[13.750011,68.28262],[13.770844,68.280015],[13.791189,68.268052],[13.800792,68.269477],[13.873709,68.325588],[13.919281,68.341213],[13.983084,68.337307],[14.007823,68.294338],[13.967459,68.269599],[13.9935,68.25788],[14.027843,68.262641],[14.08725,68.28262]]],[[[14.717459,68.490953],[14.704438,68.513088],[14.626313,68.543036],[14.604177,68.558661],[14.619802,68.57038],[14.669281,68.587307],[14.713552,68.57689],[14.867198,68.569078],[15.000011,68.554755],[14.998654,68.535187],[14.991114,68.530618],[14.891938,68.494859],[14.717459,68.490953]]],[[[11.312185,64.540107],[11.425629,64.53974],[11.451427,64.51496],[11.438975,64.506903],[11.416759,64.472724],[11.391449,64.482733],[11.315766,64.487982],[11.283865,64.513251],[11.246918,64.515286],[11.180186,64.507473],[11.128673,64.555854],[11.141612,64.571275],[11.169932,64.574042],[11.224864,64.569525],[11.191742,64.595608],[11.083995,64.588284],[11.042979,64.599921],[11.037364,64.614447],[11.042654,64.630357],[11.053966,64.643948],[11.06658,64.651435],[11.085785,64.652045],[11.142345,64.631008],[11.229259,64.611274],[11.269379,64.592231],[11.286306,64.558987],[11.312185,64.540107]]],[[[11.091075,64.901597],[11.005707,64.898505],[10.940278,64.874823],[10.906912,64.857408],[10.879161,64.85163],[10.826915,64.850084],[10.826915,64.857571],[11.101329,64.953111],[11.167166,64.937323],[11.192638,64.923977],[11.206879,64.909125],[11.265798,64.898505],[11.266368,64.893704],[11.17628,64.848619],[11.132172,64.838853],[11.080903,64.835842],[11.087738,64.850084],[11.067556,64.854722],[11.046072,64.850084],[11.046072,64.857571],[11.080251,64.875067],[11.092052,64.889635],[11.091075,64.901597]]],[[[10.816905,64.868557],[10.738129,64.850084],[10.745128,64.863715],[10.710948,64.863715],[10.730479,64.872219],[10.750499,64.903957],[10.765636,64.918362],[10.783865,64.924018],[10.871755,64.92768],[10.96339,64.957465],[11.032481,64.972968],[11.033458,64.988227],[11.059337,64.990424],[11.092459,64.983873],[11.115001,64.972968],[10.965017,64.918687],[10.898936,64.908271],[10.816905,64.868557]]],[[[12.224864,65.123765],[12.309093,65.110582],[12.300466,65.096503],[12.270274,65.080715],[12.231212,65.068508],[12.156505,65.055487],[11.999848,65.0751],[11.979015,65.082831],[11.993663,65.086737],[12.04835,65.085395],[12.043468,65.107001],[12.060557,65.117621],[12.122325,65.131293],[12.107595,65.128974],[12.092784,65.135565],[12.088145,65.144924],[12.095063,65.178412],[12.113943,65.192572],[12.167247,65.211127],[12.190929,65.213813],[12.208018,65.207261],[12.240977,65.178697],[12.271658,65.164618],[12.258556,65.147895],[12.224864,65.123765]]],[[[12.461681,65.412828],[12.490489,65.39761],[12.506602,65.398139],[12.491873,65.387519],[12.458751,65.38227],[12.444591,65.370836],[12.392426,65.360175],[12.35255,65.33633],[12.336436,65.331529],[12.239024,65.322455],[12.211111,65.324652],[12.204275,65.319322],[12.211192,65.302558],[12.236339,65.291327],[12.247732,65.280463],[12.221039,65.270901],[12.183849,65.247301],[12.080577,65.215033],[12.053477,65.219957],[12.077322,65.233629],[12.122325,65.302558],[12.100352,65.302151],[12.08074,65.308783],[12.122244,65.357327],[12.142833,65.364],[12.180675,65.35102],[12.211192,65.377631],[12.211192,65.385077],[12.183767,65.38349],[12.160818,65.395819],[12.211192,65.426093],[12.267751,65.449408],[12.328461,65.467027],[12.317149,65.48078],[12.31422,65.49494],[12.258556,65.472968],[12.229015,65.468492],[12.197439,65.473863],[12.232188,65.487494],[12.204356,65.487494],[12.240408,65.526068],[12.245291,65.54149],[12.224864,65.548977],[12.244395,65.558824],[12.258637,65.574612],[12.274262,65.581732],[12.297374,65.566067],[12.324718,65.531928],[12.397309,65.507554],[12.444591,65.467027],[12.446544,65.438422],[12.461681,65.412828]]],[[[11.999766,65.678046],[11.957856,65.665025],[11.972992,65.649563],[11.976085,65.641588],[11.971446,65.631537],[11.91684,65.589993],[11.907074,65.590318],[11.898692,65.601304],[11.889903,65.604193],[11.859386,65.598375],[11.848643,65.604193],[11.869151,65.610419],[11.847423,65.614163],[11.779796,65.607001],[11.759288,65.617906],[11.765147,65.634996],[11.785004,65.660305],[11.824474,65.69302],[11.926117,65.708726],[11.954438,65.696438],[11.997895,65.700141],[12.005138,65.689602],[11.999766,65.678046]]],[[[12.740896,66.013577],[12.800304,66.024807],[12.860037,66.026801],[12.903819,66.015082],[12.890147,66.001451],[12.857677,66.000474],[12.73406,65.975572],[12.674815,65.952216],[12.623383,65.942125],[12.492686,65.879788],[12.465831,65.873277],[12.430919,65.87108],[12.470714,65.887519],[12.478689,65.898383],[12.368826,65.891588],[12.383556,65.90648],[12.430919,65.932563],[12.472423,65.980943],[12.491222,65.990627],[12.601329,66.021674],[12.627208,66.023017],[12.650076,66.015082],[12.608572,65.979926],[12.615245,65.974189],[12.635997,65.97606],[12.740896,66.013577]]],[[[12.533376,66.060696],[12.2942,66.015082],[12.334727,66.042426],[12.380056,66.056586],[12.429698,66.087104],[12.417166,66.090237],[12.342133,66.075914],[12.342133,66.083441],[12.385997,66.100898],[12.472423,66.111314],[12.487478,66.135077],[12.52296,66.140692],[12.574229,66.158515],[12.542166,66.1706],[12.504242,66.175849],[12.465587,66.174302],[12.430919,66.165961],[12.430919,66.172756],[12.542979,66.201972],[12.551443,66.220364],[12.561697,66.221137],[12.595225,66.205024],[12.612071,66.169379],[12.611827,66.156806],[12.590505,66.14761],[12.547048,66.138617],[12.547048,66.131171],[12.621918,66.131171],[12.587901,66.117499],[12.587901,66.111314],[12.646658,66.113186],[12.656912,66.103909],[12.640391,66.090277],[12.600271,66.08869],[12.533376,66.060696]]],[[[14.258556,67.137641],[14.239594,67.115465],[14.192393,67.08393],[14.212738,67.049221],[14.215099,67.032416],[14.198497,67.022528],[14.205903,67.008857],[14.192231,67.003567],[14.158214,67.00141],[14.146983,67.032701],[14.100108,67.061672],[13.993012,67.077704],[13.993012,67.08393],[14.030772,67.098049],[14.062022,67.11872],[14.057302,67.133043],[14.066905,67.134955],[14.1338,67.110093],[14.152192,67.107123],[14.171886,67.111274],[14.219574,67.155951],[14.246837,67.173733],[14.273692,67.165839],[14.258556,67.137641]]],[[[13.054698,68.104967],[13.0796,68.104193],[13.156993,68.08511],[13.156993,68.077623],[13.143403,68.077623],[13.121593,68.062323],[13.095551,68.057196],[13.095551,68.05036],[13.136567,68.05036],[13.120616,68.038235],[13.081228,68.037421],[13.061371,68.033271],[13.050304,68.024563],[13.050304,68.016547],[13.075043,68.009426],[13.11085,68.028266],[13.13087,67.963853],[13.13087,67.952582],[13.123871,67.943996],[13.040375,67.940497],[12.995372,67.964789],[12.976817,67.969468],[12.985688,67.947943],[12.970876,67.94953],[12.961111,67.946682],[12.960216,67.940985],[12.972016,67.934272],[13.024099,67.928656],[13.04127,67.923407],[13.046641,67.915473],[13.033051,67.89647],[13.017914,67.890855],[13.013682,67.879096],[12.897309,67.855902],[12.87086,67.825141],[12.84197,67.815619],[12.78712,67.810126],[12.794444,67.820624],[12.848481,67.854804],[12.841645,67.879096],[12.889171,67.928656],[12.893077,67.948391],[12.900157,67.957831],[12.927745,67.964667],[12.931163,67.988959],[12.979177,68.036526],[13.013682,68.057196],[13.062266,68.070868],[13.075043,68.08511],[13.054698,68.098131],[13.054698,68.104967]]],[[[13.295665,68.152289],[13.330577,68.155748],[13.400401,68.145941],[13.437673,68.126044],[13.413748,68.082994],[13.395844,68.060248],[13.379893,68.05036],[13.366222,68.012763],[13.3567,68.010647],[13.321544,68.029853],[13.269054,67.997789],[13.238617,67.985541],[13.225352,67.998847],[13.224376,68.02143],[13.215505,68.036689],[13.197032,68.033433],[13.19337,68.016791],[13.184337,68.009426],[13.172699,68.009019],[13.163748,68.02558],[13.168468,68.04975],[13.177989,68.059475],[13.239268,68.092108],[13.258311,68.095608],[13.276866,68.088202],[13.298106,68.065497],[13.312185,68.058295],[13.32838,68.063422],[13.338634,68.086005],[13.32016,68.104153],[13.280528,68.129136],[13.295665,68.152289]]],[[[14.945323,68.351386],[14.97934,68.337714],[14.93629,68.327867],[14.763194,68.259019],[14.735525,68.25495],[14.719981,68.262641],[14.722911,68.279608],[14.738617,68.295803],[14.774587,68.317857],[14.756602,68.317369],[14.733653,68.337714],[14.718761,68.337633],[14.709727,68.332913],[14.692068,68.31037],[14.703136,68.29682],[14.693858,68.2862],[14.639415,68.272447],[14.62379,68.262641],[14.630056,68.257799],[14.671641,68.249579],[14.614919,68.224555],[14.572032,68.219875],[14.49822,68.196723],[14.407074,68.19245],[14.383556,68.180732],[14.322032,68.186916],[14.328298,68.173285],[14.312185,68.168036],[14.277029,68.167792],[14.247081,68.158393],[14.198497,68.152777],[14.212738,68.173285],[14.219737,68.175971],[14.198497,68.201158],[14.234874,68.220038],[14.356212,68.242133],[14.274181,68.237006],[14.253184,68.249579],[14.288829,68.261908],[14.328298,68.262641],[14.305919,68.274482],[14.296723,68.293158],[14.303396,68.311998],[14.328298,68.324042],[14.357921,68.320502],[14.395274,68.28734],[14.425059,68.283149],[14.425059,68.290595],[14.413422,68.297309],[14.431651,68.305406],[14.442719,68.318427],[14.472911,68.304185],[14.495616,68.306057],[14.49643,68.316311],[14.466075,68.34455],[14.456228,68.337388],[14.444021,68.337307],[14.435802,68.344306],[14.438162,68.358832],[14.383556,68.372504],[14.493419,68.385565],[14.58961,68.365058],[14.581798,68.38109],[14.552989,68.394029],[14.541759,68.405992],[14.653494,68.428534],[14.671641,68.416897],[14.678233,68.395657],[14.70753,68.377916],[14.70574,68.413479],[14.714122,68.423285],[14.72641,68.429999],[14.760916,68.433905],[14.796397,68.426703],[14.814464,68.419176],[14.822439,68.409735],[14.825531,68.395087],[14.821951,68.389838],[14.75408,68.358832],[14.75408,68.351386],[14.783539,68.354153],[14.840099,68.374457],[14.870128,68.379299],[14.880382,68.385972],[14.884451,68.419827],[14.897472,68.433905],[14.929861,68.437323],[15.009776,68.428046],[15.063324,68.448717],[15.172374,68.454413],[15.154633,68.438666],[15.03419,68.363471],[15.014171,68.358832],[15.018809,68.370429],[15.014171,68.379299],[15.003917,68.377631],[15.000499,68.365058],[14.945323,68.351386]]],[[[16.422862,68.491929],[16.466563,68.468695],[16.3921,68.455959],[16.371593,68.447577],[16.405284,68.429429],[16.414073,68.418402],[16.398611,68.413479],[16.230724,68.409573],[16.17921,68.399807],[16.123546,68.379218],[16.0949,68.397528],[16.115408,68.410346],[16.172374,68.42772],[16.117686,68.433905],[16.137706,68.468695],[16.168956,68.499091],[16.192149,68.51496],[16.22169,68.523749],[16.343598,68.537014],[16.358735,68.534857],[16.41212,68.519477],[16.422862,68.491929]]],[[[17.073416,68.812079],[17.131602,68.783393],[17.145681,68.770331],[17.104991,68.758043],[16.840994,68.725409],[16.816661,68.735582],[16.830333,68.747138],[16.837169,68.766588],[16.844249,68.773261],[16.910981,68.797065],[16.974294,68.845445],[17.000987,68.858588],[17.015636,68.860012],[17.052908,68.817532],[17.073416,68.812079]]],[[[17.205333,68.913275],[17.224946,68.921129],[17.319672,68.918443],[17.364268,68.909329],[17.405528,68.892279],[17.44044,68.865912],[17.348969,68.83515],[17.299815,68.803656],[17.262218,68.793647],[17.223643,68.793036],[17.19337,68.8039],[17.178233,68.815009],[17.172374,68.847968],[17.158702,68.865912],[17.087169,68.898505],[17.083507,68.913764],[17.104503,68.925035],[17.131196,68.915432],[17.172374,68.88581],[17.225922,68.861396],[17.25587,68.855414],[17.282237,68.858466],[17.264822,68.86872],[17.22047,68.882229],[17.206391,68.893256],[17.205333,68.913275]]],[[[16.576996,68.707668],[16.534841,68.680976],[16.560883,68.671698],[16.55893,68.655219],[16.524669,68.622626],[16.491059,68.60578],[16.487071,68.594672],[16.492035,68.582343],[16.506033,68.568183],[16.497569,68.554023],[16.481456,68.547512],[16.419444,68.55744],[16.346528,68.559516],[16.222179,68.547431],[16.141775,68.523342],[16.105968,68.53852],[16.093516,68.533515],[16.053396,68.46483],[16.012055,68.446967],[15.966319,68.393012],[15.940929,68.380316],[15.903982,68.369859],[15.876231,68.369086],[15.878184,68.385565],[15.870779,68.40058],[15.884288,68.444159],[15.870616,68.478461],[15.870779,68.495429],[15.858572,68.486233],[15.864513,68.454413],[15.849294,68.43476],[15.823009,68.424018],[15.781016,68.438178],[15.774425,68.430854],[15.780447,68.418687],[15.807384,68.403144],[15.816173,68.393012],[15.792735,68.393622],[15.761485,68.424018],[15.747895,68.42536],[15.733084,68.401313],[15.7199,68.393012],[15.726736,68.372504],[15.691417,68.373236],[15.658458,68.365058],[15.681163,68.359076],[15.706309,68.358832],[15.691254,68.343004],[15.640147,68.31745],[15.63795,68.304185],[15.62436,68.300482],[15.582774,68.304185],[15.596446,68.31037],[15.596446,68.317857],[15.575369,68.319403],[15.52768,68.337714],[15.375987,68.327582],[15.33839,68.331977],[15.322602,68.351386],[15.34254,68.348212],[15.358084,68.354926],[15.387869,68.382473],[15.405935,68.391913],[15.472911,68.405992],[15.507172,68.422553],[15.570079,68.463039],[15.611339,68.474921],[15.580577,68.487454],[15.572765,68.502875],[15.553722,68.511176],[15.541759,68.50967],[15.552908,68.487779],[15.553966,68.475328],[15.439301,68.418402],[15.411794,68.413479],[15.384044,68.420233],[15.363617,68.405992],[15.316254,68.395494],[15.278656,68.373236],[15.211762,68.365953],[15.185395,68.351386],[15.214854,68.352525],[15.226736,68.348822],[15.233246,68.337714],[15.134044,68.308051],[15.11378,68.286811],[15.085785,68.271226],[15.040863,68.257025],[15.000499,68.253323],[14.986827,68.269477],[15.007335,68.283149],[14.995372,68.297797],[15.009288,68.313666],[15.068126,68.339097],[15.123383,68.393012],[15.192556,68.434882],[15.268077,68.461249],[15.356781,68.461249],[15.260102,68.466498],[15.240733,68.474921],[15.248383,68.486233],[15.336925,68.488593],[15.281749,68.495429],[15.274913,68.498521],[15.275238,68.512681],[15.271495,68.515855],[15.178559,68.523342],[15.217296,68.556871],[15.23878,68.564276],[15.311697,68.558824],[15.323253,68.562812],[15.30893,68.578559],[15.394705,68.584784],[15.434337,68.561835],[15.452322,68.55744],[15.439626,68.573635],[15.391612,68.605211],[15.452322,68.597805],[15.438731,68.612128],[15.438731,68.619534],[15.548839,68.625718],[15.589122,68.606431],[15.616873,68.606635],[15.630544,68.612128],[15.615977,68.61286],[15.582774,68.632554],[15.513845,68.636176],[15.497732,68.642483],[15.457367,68.66706],[15.442068,68.682196],[15.438731,68.707668],[15.443044,68.723578],[15.449555,68.729153],[15.569102,68.729397],[15.604828,68.735745],[15.713634,68.701402],[15.678884,68.715074],[15.665782,68.735582],[15.639659,68.743232],[15.501231,68.743069],[15.475922,68.746894],[15.459809,68.756049],[15.455577,68.769029],[15.459158,68.796129],[15.452322,68.811265],[15.497081,68.8039],[15.50766,68.806464],[15.528656,68.824937],[15.556326,68.826361],[15.613455,68.817776],[15.63795,68.824937],[15.563487,68.839179],[15.548595,68.852281],[15.553233,68.87226],[15.575694,68.882229],[15.624278,68.88581],[15.614106,68.900458],[15.596446,68.906928],[15.644786,68.954739],[15.676606,68.962714],[15.778494,68.954739],[15.857595,68.97016],[15.884288,68.968329],[15.9074,68.959418],[15.909841,68.949774],[15.89796,68.917426],[15.904552,68.903876],[15.924083,68.88642],[15.878184,68.817532],[15.870779,68.790229],[15.823985,68.756171],[15.761485,68.735582],[15.853526,68.747626],[15.898936,68.763617],[15.935557,68.787095],[15.955577,68.791653],[15.976899,68.781317],[15.989594,68.763495],[15.983653,68.745551],[15.942393,68.690619],[15.933116,68.684149],[15.904796,68.677558],[15.870779,68.653022],[15.793305,68.642971],[15.774425,68.632554],[15.765798,68.615668],[15.781912,68.578559],[15.777843,68.562161],[15.752615,68.545722],[15.740408,68.530097],[15.802908,68.551337],[15.816173,68.564276],[15.816742,68.610826],[15.836599,68.625718],[15.858572,68.634182],[16.005138,68.677558],[16.027843,68.67414],[16.045421,68.643012],[16.06129,68.630316],[16.083018,68.638739],[16.090017,68.656195],[16.081065,68.672512],[16.033214,68.711371],[16.076182,68.735582],[16.107432,68.740709],[16.213227,68.735582],[16.20102,68.760728],[16.178884,68.771674],[16.123871,68.784003],[16.094574,68.801663],[16.088878,68.814887],[16.097179,68.831204],[16.207042,68.858466],[16.22462,68.856024],[16.267914,68.838609],[16.284028,68.840318],[16.293956,68.847357],[16.295258,68.854926],[16.262462,68.866685],[16.249522,68.884182],[16.246837,68.89997],[16.254649,68.903225],[16.314626,68.870103],[16.438813,68.849555],[16.439789,68.82807],[16.455577,68.815334],[16.530447,68.825995],[16.555919,68.824937],[16.505544,68.803168],[16.494477,68.790229],[16.53061,68.789008],[16.546723,68.78266],[16.555919,68.770331],[16.526134,68.760972],[16.525727,68.752631],[16.533702,68.741116],[16.528575,68.721991],[16.576996,68.707668]]],[[[16.584646,68.961859],[16.599457,68.94717],[16.601899,68.93122],[16.583263,68.921129],[16.587169,68.897447],[16.567068,68.887397],[16.476248,68.88581],[16.394867,68.902004],[16.343598,68.933743],[16.285167,68.952094],[16.261729,68.968329],[16.306326,68.995307],[16.359386,68.990139],[16.41505,68.97248],[16.466807,68.962144],[16.520518,68.962144],[16.566173,68.968329],[16.584646,68.961859]]],[[[14.38795,68.663886],[14.369884,68.687201],[14.381114,68.697659],[14.425059,68.701402],[14.42628,68.714423],[14.464122,68.724514],[14.541759,68.735582],[14.541759,68.742418],[14.516612,68.742499],[14.438162,68.756049],[14.455333,68.776028],[14.488455,68.795356],[14.523936,68.807074],[14.548025,68.8039],[14.553233,68.794338],[14.555024,68.770413],[14.572276,68.746324],[14.604991,68.735175],[14.62379,68.735582],[14.58961,68.748603],[14.59783,68.767401],[14.608653,68.778062],[14.644216,68.790229],[14.616466,68.799058],[14.607595,68.807278],[14.613536,68.821234],[14.628429,68.829901],[14.648692,68.832953],[14.685802,68.824937],[14.678966,68.817532],[14.692068,68.811265],[14.679698,68.76732],[14.686534,68.757473],[14.719981,68.762885],[14.80128,68.789374],[14.843598,68.796291],[14.8838,68.790229],[14.872895,68.780463],[14.872325,68.769232],[14.880056,68.759955],[14.894054,68.756049],[14.907074,68.76024],[14.928966,68.779039],[14.945323,68.784003],[14.942231,68.801459],[14.952647,68.817532],[14.904307,68.845445],[14.952647,68.865912],[14.991059,68.842027],[14.993663,68.817532],[15.006033,68.79385],[15.017589,68.800482],[15.027599,68.814399],[15.021007,68.824937],[15.049815,68.852769],[15.08546,68.845201],[15.123302,68.825588],[15.158865,68.817532],[15.145681,68.842515],[15.068696,68.878974],[15.076671,68.898993],[15.065196,68.913153],[15.027843,68.934231],[15.009288,68.963324],[15.00766,68.981024],[15.084483,69.011217],[15.137706,69.013088],[15.168224,68.988267],[15.170665,68.973782],[15.151378,68.962144],[15.206554,68.940375],[15.192882,68.934231],[15.192882,68.927395],[15.218516,68.924384],[15.240733,68.913764],[15.195567,68.896918],[15.185395,68.88581],[15.214366,68.881659],[15.271495,68.919745],[15.295258,68.906928],[15.281749,68.865912],[15.240733,68.824937],[15.302094,68.843004],[15.325857,68.85871],[15.339692,68.855536],[15.34783,68.84691],[15.384044,68.852281],[15.350759,68.802924],[15.329763,68.797065],[15.284434,68.803534],[15.274913,68.797065],[15.302745,68.776557],[15.274913,68.762885],[15.358409,68.746283],[15.394216,68.731106],[15.397716,68.693996],[15.375255,68.669908],[15.336192,68.652899],[15.062673,68.578518],[14.87322,68.584459],[14.842784,68.591539],[14.863292,68.605211],[14.806407,68.615953],[14.815929,68.637763],[14.833669,68.644477],[14.876964,68.646186],[14.948741,68.66413],[15.034679,68.666693],[15.043468,68.669379],[15.062511,68.687201],[15.088878,68.695014],[15.14088,68.695014],[15.16505,68.701402],[15.146739,68.725531],[15.14503,68.739569],[15.151378,68.756049],[15.026052,68.771186],[14.993663,68.762885],[15.01352,68.763007],[15.068696,68.748603],[15.050141,68.729804],[15.019542,68.712144],[14.986013,68.702541],[14.958832,68.707668],[14.962901,68.716213],[14.958832,68.729397],[14.925304,68.695014],[14.90089,68.681301],[14.86199,68.689887],[14.82781,68.673489],[14.808767,68.680976],[14.820649,68.694078],[14.821544,68.707221],[14.815115,68.714748],[14.805024,68.711371],[14.774587,68.67414],[14.750336,68.667467],[14.721934,68.673041],[14.696056,68.687567],[14.678966,68.707668],[14.674083,68.686957],[14.630626,68.653022],[14.622569,68.628852],[14.558279,68.627265],[14.520681,68.609036],[14.491954,68.606676],[14.435069,68.612128],[14.417247,68.619534],[14.413259,68.63642],[14.4192,68.654853],[14.431895,68.666693],[14.420909,68.672512],[14.408051,68.662177],[14.38795,68.663886]]],[[[15.501475,68.895819],[15.464041,68.882066],[15.431488,68.884223],[15.418793,68.913764],[15.427989,68.924628],[15.425059,68.962144],[15.430919,68.977525],[15.454438,69.000556],[15.459809,69.013088],[15.517589,69.053941],[15.569672,69.105536],[15.610688,69.125678],[15.659923,69.138495],[15.758067,69.147121],[15.791352,69.161282],[15.84311,69.220282],[15.870779,69.229071],[15.864513,69.249498],[15.93214,69.263129],[15.975108,69.287177],[16.101573,69.315253],[16.131521,69.310981],[16.149913,69.290839],[16.146739,69.269232],[16.098969,69.211086],[16.089203,69.171454],[16.076182,69.153957],[16.060802,69.144599],[16.014008,69.132799],[15.970388,69.108954],[15.946462,69.101874],[15.914806,69.075141],[15.877126,69.062242],[15.870779,69.044094],[15.847911,69.029242],[15.760427,69.005683],[15.632172,68.98664],[15.596446,68.995673],[15.566742,69.012681],[15.549083,69.016262],[15.528656,69.009345],[15.560069,68.990139],[15.569102,68.977729],[15.569672,68.962144],[15.528656,68.913764],[15.501475,68.895819]]],[[[18.078624,69.424994],[18.081065,69.387641],[18.098643,69.376125],[18.097667,69.367621],[18.084727,69.352525],[18.070811,69.349066],[18.015798,69.352525],[17.955333,69.342678],[17.923106,69.332343],[17.905935,69.318427],[17.919119,69.312323],[17.926443,69.283677],[17.967459,69.263129],[17.950694,69.2508],[17.926931,69.24726],[17.878673,69.249498],[17.878673,69.242662],[17.932465,69.22724],[17.949067,69.205146],[18.008962,69.201117],[17.988455,69.187445],[17.958263,69.180487],[17.820649,69.169501],[17.707205,69.172919],[17.611095,69.153957],[17.519054,69.157945],[17.488292,69.153957],[17.493907,69.168891],[17.529796,69.201117],[17.472179,69.200141],[17.419932,69.180609],[17.378429,69.153957],[17.23463,69.106187],[17.188324,69.083482],[17.158702,69.050279],[17.172374,69.0456],[17.199474,69.048245],[17.213878,69.044094],[17.185069,69.0244],[17.129405,69.011542],[17.073009,69.008124],[17.042003,69.016791],[17.043468,69.030707],[17.058279,69.039211],[17.097179,69.044094],[17.083507,69.050279],[17.091563,69.061713],[17.138031,69.072008],[17.109874,69.084703],[16.823253,69.054429],[16.809825,69.064602],[16.779633,69.070136],[16.773123,69.088202],[16.786469,69.10814],[16.816661,69.119208],[16.872406,69.104397],[16.896251,69.104234],[16.892345,69.126654],[16.988536,69.139635],[17.033051,69.132025],[17.056,69.13288],[17.069835,69.147121],[17.056326,69.160142],[17.144542,69.184068],[17.172374,69.201117],[17.082367,69.181586],[17.04949,69.180609],[16.974294,69.194892],[16.898611,69.194892],[16.898611,69.201117],[16.908702,69.203192],[16.919119,69.215399],[16.878673,69.222154],[16.944835,69.236518],[17.086762,69.228949],[17.145681,69.256334],[17.12379,69.25023],[17.108897,69.251776],[17.109711,69.268215],[17.088878,69.289537],[17.070567,69.268052],[17.040375,69.268256],[16.98113,69.276801],[16.98113,69.283677],[16.996104,69.287746],[17.007823,69.297919],[16.925548,69.293443],[16.906016,69.297919],[16.897634,69.311713],[16.915294,69.317572],[17.131847,69.310981],[17.104015,69.325263],[17.117686,69.331448],[17.077403,69.330512],[17.058279,69.334296],[17.042003,69.34512],[17.07545,69.352037],[17.11085,69.352525],[17.084646,69.361762],[17.055675,69.364447],[16.971365,69.356513],[16.878673,69.359361],[16.878673,69.366197],[16.907237,69.368598],[16.93393,69.379869],[16.926524,69.393541],[16.94988,69.398017],[16.99822,69.386054],[17.021739,69.400336],[17.076671,69.386054],[17.141938,69.400336],[17.276052,69.393541],[17.368419,69.366889],[17.399425,69.366197],[17.389415,69.380439],[17.330577,69.393541],[17.296235,69.411363],[17.282237,69.414008],[17.446625,69.414293],[17.495779,69.42829],[17.32545,69.439439],[17.242931,69.454739],[17.186534,69.502753],[17.24643,69.496039],[17.263438,69.47842],[17.316254,69.461819],[17.303233,69.482245],[17.372732,69.47663],[17.3921,69.482245],[17.368175,69.49079],[17.326671,69.517727],[17.303233,69.523261],[17.317149,69.53498],[17.343272,69.537543],[17.420909,69.519517],[17.450369,69.517035],[17.461436,69.513739],[17.478038,69.499213],[17.530935,69.490139],[17.583018,69.467963],[17.645274,69.461819],[17.645274,69.468655],[17.616466,69.47606],[17.590668,69.489691],[17.566417,69.523261],[17.495128,69.540595],[17.474783,69.552965],[17.460216,69.571682],[17.473643,69.586615],[17.467621,69.599555],[17.516856,69.596991],[17.553966,69.574856],[17.617931,69.517035],[17.657888,69.50849],[17.682628,69.509263],[17.693614,69.520168],[17.68922,69.52969],[17.670095,69.531968],[17.665782,69.540595],[17.653005,69.594143],[17.658946,69.599555],[17.673839,69.603461],[17.687755,69.599514],[17.707367,69.585354],[17.735688,69.551703],[17.753103,69.540595],[17.772227,69.547797],[17.817719,69.587104],[17.837413,69.592108],[17.859141,69.586737],[17.873871,69.573147],[17.892833,69.536851],[17.844574,69.502509],[17.837657,69.482245],[17.824718,69.465766],[17.822765,69.457506],[17.830821,69.448147],[17.844981,69.445217],[17.857677,69.452338],[17.891368,69.498725],[17.917735,69.505927],[17.944102,69.523261],[17.972667,69.520006],[18.050548,69.495917],[18.039073,69.484768],[18.021169,69.481024],[17.98227,69.482245],[17.993907,69.462836],[17.984386,69.449612],[17.940684,69.42829],[18.002289,69.40998],[18.015798,69.420844],[18.01002,69.433051],[18.024669,69.440863],[18.048595,69.442939],[18.070811,69.437934],[18.078624,69.424994]]],[[[18.986013,69.833808],[19.0442,69.802151],[19.060802,69.787055],[19.057384,69.763414],[19.033458,69.74372],[18.9699,69.733466],[18.914561,69.699042],[18.838552,69.689399],[18.794119,69.675605],[18.769298,69.646715],[18.777029,69.635443],[18.82781,69.62287],[18.836436,69.604315],[18.822927,69.590725],[18.769298,69.571682],[18.731944,69.565334],[18.625987,69.577867],[18.560395,69.558051],[18.485606,69.55858],[18.261974,69.530585],[18.194021,69.530707],[18.168712,69.540432],[18.128266,69.564927],[18.105235,69.571682],[18.047862,69.572008],[18.020844,69.576646],[17.995372,69.592108],[18.037446,69.619452],[18.02947,69.633124],[18.080903,69.622748],[18.13502,69.636949],[18.236827,69.629299],[18.269054,69.617377],[18.282725,69.60578],[18.276052,69.599677],[18.278087,69.594428],[18.290212,69.592108],[18.324229,69.612616],[18.322276,69.618354],[18.343516,69.618842],[18.400076,69.64057],[18.324229,69.633124],[18.291026,69.638983],[18.186534,69.708808],[18.214366,69.714179],[18.353201,69.70482],[18.478526,69.708808],[18.61085,69.692816],[18.632823,69.701972],[18.593923,69.710924],[18.389171,69.719916],[18.351817,69.729926],[18.344737,69.749823],[18.326915,69.765448],[18.334727,69.780951],[18.356781,69.792873],[18.382335,69.797593],[18.394867,69.796088],[18.419932,69.780504],[18.436534,69.776313],[18.466482,69.780015],[18.481944,69.777086],[18.486095,69.768988],[18.483084,69.750963],[18.502452,69.749823],[18.513682,69.754096],[18.533214,69.780504],[18.556895,69.796373],[18.585134,69.80329],[18.653168,69.804389],[18.641287,69.755601],[18.663259,69.712958],[18.707367,69.686835],[18.762462,69.68773],[18.742198,69.694566],[18.736827,69.706],[18.756684,69.751899],[18.789806,69.783881],[18.774425,69.7956],[18.68865,69.835517],[18.674083,69.847154],[18.66684,69.859687],[18.678884,69.886054],[18.717947,69.881659],[18.763845,69.869818],[18.796641,69.873277],[18.78297,69.879543],[18.801524,69.887397],[18.822032,69.886054],[18.858165,69.865871],[18.844493,69.85692],[18.837657,69.845404],[18.898448,69.84809],[18.986013,69.833808]]],[[[21.667979,69.948391],[21.701996,69.954779],[21.736176,69.948391],[21.729747,69.938463],[21.695811,69.927924],[21.677908,69.934394],[21.667979,69.948391]]],[[[20.980724,69.981635],[20.975352,69.962714],[20.94044,69.946967],[20.891938,69.937974],[20.842621,69.937812],[20.805186,69.948391],[20.761729,69.987616],[20.760509,69.999661],[21.056257,70.0],[20.980724,69.981635]]],[[[19.683116,69.985785],[19.647472,69.969957],[19.540212,69.951606],[19.523448,69.93476],[19.516612,69.914252],[19.508637,69.907782],[19.434093,69.869574],[19.406749,69.838568],[19.374766,69.82331],[19.333995,69.812649],[19.121593,69.787828],[19.08839,69.801011],[19.04363,69.838568],[18.843028,69.903306],[18.764334,69.914944],[18.733409,69.931342],[18.728852,69.947821],[18.769298,69.955268],[18.865245,69.942206],[18.883637,69.94538],[18.933767,69.96955],[18.875662,69.973131],[18.844737,69.982123],[18.831689,70.0],[19.375984,70.0],[19.392589,69.991889],[19.420421,69.989407],[19.419639,70.0],[19.574735,70.0],[19.582286,69.993232],[19.596889,70.0],[19.684273,70.0],[19.683116,69.985785]]],[[[12.882335,66.276801],[12.886892,66.256903],[12.879242,66.243394],[12.824962,66.215888],[12.810232,66.223578],[12.787283,66.217271],[12.760753,66.22191],[12.740977,66.241645],[12.700206,66.243232],[12.714692,66.259101],[12.792817,66.294989],[12.793793,66.311225],[12.799978,66.311957],[12.812185,66.296698],[12.824392,66.299018],[12.835623,66.293647],[12.867198,66.291693],[12.882335,66.276801]]],[[[12.960704,66.459459],[12.966482,66.453111],[12.954112,66.433092],[12.948904,66.409084],[12.938487,66.394436],[12.931,66.38935],[12.9074,66.398912],[12.899669,66.416083],[12.885997,66.401679],[12.881358,66.39057],[12.884288,66.376451],[12.898936,66.355048],[12.800792,66.384711],[12.84311,66.398424],[12.850271,66.409613],[12.817231,66.442572],[12.896739,66.456204],[12.912446,66.431383],[12.919444,66.431586],[12.928233,66.442043],[12.928884,66.457831],[12.960704,66.459459]]],[[[15.303966,67.945054],[15.304861,67.93769],[15.289236,67.925849],[15.253673,67.916571],[15.242524,67.919745],[15.163097,67.910712],[15.022634,67.918891],[14.980235,67.914618],[14.972179,67.91649],[14.961192,67.941596],[14.965099,67.952582],[14.976899,67.959133],[14.972016,67.970038],[15.052094,67.968248],[15.105724,68.000718],[15.113617,67.994859],[15.106619,67.980862],[15.108897,67.976223],[15.139903,67.958441],[15.211599,67.951239],[15.227875,67.947699],[15.231293,67.941881],[15.257091,67.940497],[15.262706,67.932563],[15.280284,67.942816],[15.303966,67.945054]]],[[[15.932953,68.004055],[15.933604,67.997016],[15.924815,67.992865],[15.883962,67.984117],[15.841156,67.98371],[15.786143,67.99315],[15.72877,68.011949],[15.706228,68.012356],[15.679373,67.993598],[15.661306,67.988593],[15.617361,67.985256],[15.523448,67.989976],[15.482432,68.002631],[15.483165,68.006049],[15.508474,68.008002],[15.535899,68.020819],[15.574067,68.02558],[15.859711,68.027493],[15.918712,68.014228],[15.932953,68.004055]]],[[[15.160492,67.992621],[15.176524,68.011542],[15.211436,68.025539],[15.220958,68.03144],[15.222016,68.037258],[15.230317,68.036689],[15.275076,67.995429],[15.286632,67.976996],[15.26824,67.966986],[15.184825,67.966783],[15.160492,67.992621]]],[[[14.987559,68.88467],[14.958344,68.875312],[14.901215,68.872301],[14.843598,68.885443],[14.840099,68.891669],[14.855235,68.907172],[14.851899,68.918769],[14.85727,68.923041],[14.873383,68.929145],[14.899669,68.930854],[14.958669,68.926093],[14.982921,68.917792],[14.996593,68.901597],[14.987559,68.88467]]],[[[20.698253,69.884019],[20.696625,69.877875],[20.704438,69.861029],[20.720714,69.837104],[20.706716,69.817288],[20.660899,69.803371],[20.606212,69.793769],[20.553966,69.800482],[20.532481,69.812323],[20.526703,69.821112],[20.522634,69.839423],[20.529307,69.854193],[20.549001,69.873358],[20.562755,69.895982],[20.576915,69.90119],[20.713145,69.909613],[20.722016,69.90412],[20.722504,69.897528],[20.698253,69.884019]]],[[[19.834239,69.994818],[19.856456,69.973131],[19.834727,69.949652],[19.792328,69.925198],[19.758067,69.891791],[19.720551,69.864691],[19.677094,69.855211],[19.483653,69.838324],[19.434255,69.840522],[19.442719,69.858466],[19.509939,69.893744],[19.53297,69.919379],[19.546886,69.925482],[19.595063,69.934394],[19.692638,69.963609],[19.762061,70.0],[19.820294,70.0],[19.834239,69.994818]]],[[[18.730317,69.999945],[18.701671,69.984687],[18.670095,69.99901],[18.67012,70.0],[18.730317,69.999945]]],[[[11.070323,59.079332],[11.083018,59.077297],[11.082367,59.067857],[11.075531,59.058539],[11.051606,59.046129],[11.054861,59.035875],[11.046397,59.026801],[11.01824,59.019355],[11.008962,59.029202],[10.991466,59.033596],[10.993175,59.076646],[11.003266,59.086493],[11.020763,59.091254],[11.034353,59.088935],[11.039806,59.074408],[11.047618,59.073188],[11.070486,59.074897],[11.070323,59.079332]]],[[[10.910492,59.116441],[10.914399,59.100735],[10.907074,59.090562],[10.877452,59.071234],[10.869802,59.077094],[10.845714,59.075751],[10.829112,59.099433],[10.855479,59.115383],[10.867931,59.113267],[10.855724,59.102362],[10.85727,59.099066],[10.897634,59.115627],[10.910492,59.116441]]],[[[11.472911,64.569485],[11.4817,64.563422],[11.480235,64.556057],[11.437836,64.549872],[11.43393,64.547349],[11.437348,64.543647],[11.432872,64.542426],[11.351329,64.564399],[11.344493,64.573676],[11.354259,64.587348],[11.368826,64.59101],[11.361339,64.627753],[11.366466,64.634426],[11.391449,64.611029],[11.388845,64.620266],[11.393077,64.625922],[11.444021,64.595404],[11.465505,64.587836],[11.472911,64.569485]]],[[[11.355724,64.667304],[11.340099,64.620429],[11.312266,64.599677],[11.279796,64.611762],[11.245453,64.63939],[11.22047,64.63345],[11.173106,64.637356],[11.169932,64.644599],[11.181651,64.657538],[11.167979,64.659735],[11.174001,64.66885],[11.185557,64.673814],[11.303966,64.692084],[11.316661,64.689765],[11.316417,64.680813],[11.342621,64.67768],[11.355724,64.667304]]],[[[11.776866,65.118476],[11.777192,65.110053],[11.76531,65.102118],[11.673595,65.071723],[11.673513,65.068508],[11.700857,65.064765],[11.698497,65.05744],[11.669444,65.044908],[11.657237,65.042426],[11.651866,65.045722],[11.652192,65.060004],[11.65797,65.064683],[11.579845,65.042548],[11.558604,65.04206],[11.518809,65.054592],[11.528168,65.063788],[11.525076,65.065416],[11.531016,65.085191],[11.580333,65.109687],[11.688975,65.117987],[11.725759,65.106635],[11.742931,65.115383],[11.776866,65.118476]]],[[[17.55836,69.091986],[17.572113,69.089545],[17.55128,69.081244],[17.53891,69.055609],[17.457856,69.027167],[17.418956,68.996405],[17.401134,68.989325],[17.376638,68.989325],[17.351899,68.995754],[17.344086,69.003241],[17.349376,69.009345],[17.35255,69.034735],[17.364431,69.047105],[17.386485,69.063544],[17.419688,69.079169],[17.55836,69.091986]]],[[[14.399181,67.42182],[14.4192,67.423407],[14.412852,67.413072],[14.3921,67.398505],[14.366466,67.390937],[14.256114,67.373847],[14.226736,67.377346],[14.229015,67.384182],[14.248546,67.388902],[14.245291,67.392646],[14.248871,67.395331],[14.259125,67.395494],[14.309418,67.423082],[14.371755,67.441107],[14.400645,67.436591],[14.403494,67.430162],[14.399181,67.42182]]]]}},{"type":"Feature","properties":{"kind":"land"},"geometry":{"type":"MultiPolygon","coordinates":[[[[20.675461,69.018166],[20.79535,69.011241],[20.863977,68.986281],[20.911209,68.9807],[20.934567,68.966954],[20.934257,68.949023],[20.917824,68.932951],[20.887644,68.92706],[20.884544,68.9067],[20.905731,68.894607],[21.072129,68.869441],[21.216617,68.817248],[21.293718,68.768207],[21.305397,68.755804],[21.385909,68.753841],[21.406373,68.74888],[21.421255,68.727486],[21.46363,68.686868],[21.495669,68.675499],[21.572461,68.667386],[21.661551,68.633538],[21.716845,68.619224],[21.737102,68.587908],[21.919209,68.568219],[22.036102,68.506517],[22.038375,68.488275],[22.072172,68.47701],[22.303062,68.476131],[22.371068,68.46838],[22.377993,68.454117],[22.456851,68.451792],[22.521343,68.438201],[22.565165,68.436289],[22.607643,68.42492],[22.662213,68.427401],[22.748616,68.385491],[22.808251,68.394896],[22.833366,68.384768],[22.87512,68.351075],[22.903749,68.336605],[23.052164,68.29821],[23.066943,68.290251],[23.081619,68.265292],[23.140013,68.234182],[23.155206,68.217439],[23.149419,68.19403],[23.158514,68.186692],[23.159754,68.178734],[23.149419,68.139408],[23.151692,68.130261],[23.165645,68.122045],[23.187246,68.122251],[23.272098,68.144989],[23.306515,68.145609],[23.330906,68.127781],[23.382996,68.051248],[23.484695,68.015901],[23.573682,67.97332],[23.643135,67.963191],[23.662152,67.950427],[23.661222,67.932857],[23.636107,67.913478],[23.603344,67.902988],[23.532548,67.89317],[23.498855,67.882163],[23.481285,67.864644],[23.476737,67.841338],[23.484695,67.796225],[23.484592,67.737159],[23.499475,67.708995],[23.518802,67.652823],[23.542573,67.626674],[23.550324,67.610913],[23.553528,67.587038],[23.47343,67.554999],[23.484695,67.542958],[23.443457,67.504718],[23.431262,67.48552],[23.443664,67.461025],[23.477151,67.443817],[23.594559,67.45361],[23.662669,67.436221],[23.752586,67.427307],[23.765195,67.420072],[23.763231,67.397541],[23.751346,67.369532],[23.751449,67.346226],[23.785659,67.337519],[23.763231,67.306487],[23.735429,67.289692],[23.622258,67.269022],[23.602724,67.260263],[23.591459,67.225019],[23.59673,67.217965],[23.61492,67.213986],[23.597557,67.190267],[23.573992,67.173033],[23.58133,67.153137],[23.666596,67.097921],[23.676725,67.058492],[23.72034,67.016867],[23.743801,67.001028],[23.792067,66.988935],[23.816665,66.9755],[23.873612,66.92465],[23.93335,66.888761],[23.960842,66.861889],[24.004043,66.8052],[23.999186,66.796286],[23.984406,66.792978],[23.939241,66.791118],[23.924772,66.77298],[23.892422,66.750914],[23.902964,66.706885],[23.903171,66.686318],[23.899037,66.666371],[23.88188,66.6318],[23.893249,66.59604],[23.891492,66.578883],[23.88188,66.563535],[23.807673,66.539247],[23.806123,66.528137],[23.785866,66.518422],[23.731089,66.503125],[23.731089,66.487157],[23.676828,66.474006],[23.652437,66.458839],[23.642308,66.436256],[23.646649,66.42406],[23.665873,66.40556],[23.677035,66.363625],[23.676415,66.350008],[23.662772,66.316522],[23.689437,66.25699],[23.724164,66.206632],[23.750002,66.189656],[23.785555,66.176685],[23.889322,66.161105],[23.911439,66.148625],[23.974588,66.072816],[24.01965,66.048941],[24.055306,65.985172],[24.05479,65.947914],[24.102332,65.908588],[24.12445,65.8689],[24.163414,65.840788],[24.163097,65.822699],[24.14031,65.804511],[24.105154,65.801825],[24.032725,65.809719],[24.043793,65.798529],[24.053233,65.796047],[24.028819,65.790107],[23.980154,65.794867],[23.957042,65.78913],[23.943858,65.766547],[23.926443,65.760403],[23.885427,65.773627],[23.877696,65.778998],[23.871837,65.794867],[23.854666,65.78913],[23.781749,65.793036],[23.761974,65.822252],[23.739431,65.829291],[23.690196,65.830146],[23.674978,65.825385],[23.635509,65.796047],[23.623302,65.79621],[23.607595,65.809719],[23.528005,65.810004],[23.484141,65.815863],[23.490571,65.829779],[23.483572,65.834377],[23.470063,65.833319],[23.457367,65.830146],[23.449962,65.815863],[23.422048,65.802232],[23.437836,65.792304],[23.433442,65.766669],[23.428477,65.765326],[23.38502,65.775214],[23.374278,65.790432],[23.370453,65.808336],[23.374278,65.822699],[23.352794,65.821357],[23.312185,65.796047],[23.289724,65.795844],[23.230235,65.822699],[23.195974,65.826972],[23.183767,65.819648],[23.182384,65.802232],[23.190766,65.789862],[23.237641,65.768704],[23.148204,65.745592],[23.128429,65.733954],[23.129568,65.715033],[23.103038,65.704657],[23.078787,65.707221],[23.086762,65.727729],[23.045909,65.761217],[22.989757,65.764309],[22.944021,65.775336],[22.914887,65.796047],[22.901052,65.798651],[22.860199,65.796047],[22.837169,65.807685],[22.805919,65.848578],[22.785167,65.864325],[22.673025,65.905707],[22.653005,65.908393],[22.634288,65.905219],[22.672537,65.881781],[22.68214,65.87108],[22.699718,65.803941],[22.688731,65.775621],[22.663748,65.757514],[22.648123,65.755072],[22.653005,65.778062],[22.62794,65.790351],[22.569835,65.796047],[22.511485,65.774888],[22.505544,65.783596],[22.511567,65.794664],[22.531993,65.809719],[22.518403,65.822659],[22.4699,65.843207],[22.477306,65.856879],[22.405528,65.863918],[22.370128,65.861721],[22.367442,65.843207],[22.325938,65.836982],[22.367442,65.809719],[22.364513,65.797797],[22.319102,65.802232],[22.345551,65.771308],[22.360606,65.761217],[22.32602,65.7355],[22.285492,65.743394],[22.24464,65.76024],[22.209239,65.761217],[22.249848,65.735745],[22.339529,65.724189],[22.361827,65.716254],[22.376638,65.700263],[22.38795,65.672512],[22.362804,65.672919],[22.33961,65.665025],[22.329438,65.689276],[22.307872,65.700832],[22.281505,65.701483],[22.257579,65.69302],[22.268077,65.68122],[22.257579,65.665025],[22.284923,65.631537],[22.262055,65.625556],[22.18922,65.624091],[22.262706,65.611762],[22.300629,65.611518],[22.319102,65.631537],[22.314138,65.641791],[22.289561,65.655707],[22.284923,65.665025],[22.293142,65.673651],[22.308604,65.669379],[22.333344,65.651353],[22.325938,65.645209],[22.380382,65.634019],[22.384532,65.627834],[22.340099,65.61286],[22.333344,65.604193],[22.343598,65.595649],[22.411388,65.579006],[22.428966,65.548977],[22.405284,65.541938],[22.369884,65.562812],[22.298513,65.57689],[22.274913,65.587877],[22.263031,65.589586],[22.250743,65.583157],[22.256602,65.569037],[22.228282,65.572089],[22.126475,65.603746],[22.05128,65.617336],[22.006196,65.641791],[21.963878,65.646715],[21.929861,65.663398],[21.852794,65.67829],[21.809581,65.710598],[21.764171,65.727729],[21.787771,65.686713],[21.847911,65.660956],[21.970225,65.631537],[22.052745,65.597642],[22.132579,65.578192],[22.170095,65.553046],[22.202973,65.548977],[22.176931,65.539781],[22.09311,65.535346],[22.083995,65.531806],[22.075694,65.51789],[22.065929,65.514309],[22.047618,65.52497],[22.011241,65.517483],[21.874685,65.536851],[21.853526,65.535346],[21.900238,65.501288],[21.927908,65.489447],[21.950369,65.49494],[21.921723,65.508002],[21.947113,65.509426],[22.004568,65.476874],[22.031586,65.467027],[22.011729,65.432034],[21.997569,65.426093],[21.981212,65.426825],[21.966075,65.433743],[21.942231,65.453355],[21.932302,65.441352],[21.942882,65.421536],[21.942231,65.411811],[21.927745,65.40412],[21.906993,65.402777],[21.88852,65.40766],[21.88087,65.418647],[21.820974,65.401028],[21.790212,65.400092],[21.705903,65.414496],[21.688324,65.41234],[21.702647,65.398139],[21.656098,65.397162],[21.631114,65.400051],[21.610037,65.418647],[21.586681,65.418199],[21.544444,65.411811],[21.544444,65.405585],[21.59962,65.398139],[21.59962,65.391913],[21.527517,65.396796],[21.489106,65.393378],[21.469981,65.377631],[21.489757,65.370836],[21.448904,65.357164],[21.491547,65.348293],[21.542979,65.31859],[21.565684,65.315863],[21.583995,65.32095],[21.585948,65.336656],[21.604747,65.333726],[21.687022,65.29682],[21.701671,65.285875],[21.699229,65.271552],[21.668142,65.252753],[21.622813,65.24079],[21.576996,65.238105],[21.544444,65.247301],[21.515961,65.283393],[21.489594,65.305487],[21.474294,65.314032],[21.408946,65.333197],[21.345551,65.372789],[21.312266,65.370836],[21.332774,65.364],[21.319509,65.351386],[21.277843,65.350043],[21.264415,65.336656],[21.391368,65.321845],[21.42213,65.308783],[21.48227,65.260972],[21.537608,65.230902],[21.609874,65.16885],[21.618826,65.148017],[21.599864,65.139065],[21.544444,65.137437],[21.55714,65.131171],[21.562836,65.122504],[21.562185,65.112006],[21.543793,65.083075],[21.549408,65.077582],[21.585948,65.069159],[21.563162,65.061265],[21.479259,65.062323],[21.467052,65.055487],[21.477387,65.040513],[21.503429,65.02143],[21.463145,65.007717],[21.42213,65.014594],[21.414806,65.000922],[21.383149,64.986558],[21.379405,64.977362],[21.394216,64.966783],[21.377778,64.960028],[21.243419,64.953111],[21.241466,64.94538],[21.252208,64.932563],[21.246837,64.92178],[21.227875,64.906562],[21.202403,64.898505],[21.212576,64.871975],[21.172699,64.85342],[21.181326,64.835842],[21.113048,64.82274],[21.097341,64.827541],[21.085216,64.857571],[21.069102,64.860745],[21.053559,64.856676],[21.042003,64.846869],[21.037364,64.832709],[21.042328,64.819892],[21.085216,64.809149],[21.078949,64.794867],[21.097179,64.785305],[21.153982,64.781195],[21.21754,64.789252],[21.305837,64.768297],[21.312266,64.753852],[21.29949,64.748847],[21.229177,64.747707],[21.267263,64.717515],[21.312266,64.699286],[21.312266,64.69245],[21.295746,64.692084],[21.288748,64.686835],[21.291352,64.679348],[21.304942,64.671942],[21.304942,64.665717],[21.278656,64.670885],[21.231293,64.693996],[21.184825,64.706732],[21.143891,64.732978],[21.119884,64.729682],[21.109141,64.716376],[21.111176,64.699368],[21.122732,64.683051],[21.140391,64.671942],[21.231944,64.661078],[21.250255,64.643988],[21.2317,64.642646],[21.232188,64.633002],[21.245128,64.622016],[21.304942,64.6105],[21.318858,64.592678],[21.353282,64.569525],[21.362804,64.572211],[21.365408,64.577623],[21.360118,64.582587],[21.368337,64.604234],[21.374034,64.607978],[21.394216,64.603013],[21.455577,64.562486],[21.467296,64.587348],[21.485606,64.583441],[21.489757,64.579169],[21.489757,64.555854],[21.501231,64.544176],[21.515147,64.537095],[21.551931,64.534735],[21.510997,64.520941],[21.496593,64.524563],[21.463145,64.548407],[21.386567,64.521715],[21.364594,64.541693],[21.349864,64.538153],[21.347341,64.531968],[21.366954,64.527981],[21.386078,64.510321],[21.399181,64.505194],[21.422537,64.514635],[21.476085,64.51496],[21.489757,64.487006],[21.477712,64.471666],[21.479666,64.460842],[21.491954,64.454332],[21.519867,64.45539],[21.537608,64.472724],[21.578624,64.465888],[21.572439,64.48017],[21.585948,64.48017],[21.597667,64.475165],[21.605317,64.465644],[21.606456,64.452216],[21.600108,64.44245],[21.575206,64.441107],[21.525727,64.42178],[21.457286,64.371649],[21.37322,64.33039],[21.318533,64.364081],[21.324229,64.346625],[21.318533,64.329332],[21.332774,64.315009],[21.287771,64.302314],[21.243907,64.307074],[21.117035,64.221137],[21.078949,64.226874],[21.044688,64.191555],[20.966563,64.1494],[20.948497,64.130072],[20.960785,64.11286],[20.954275,64.094794],[20.912364,64.052924],[20.907563,64.035102],[20.910004,64.037095],[20.914399,64.024237],[20.901378,64.014065],[20.896983,63.98371],[20.863292,63.965562],[20.841482,63.959418],[20.824962,63.944729],[20.777192,63.869371],[20.72934,63.849555],[20.684744,63.848456],[20.674815,63.842719],[20.669932,63.829088],[20.677908,63.822577],[20.708995,63.822211],[20.674653,63.789252],[20.664317,63.791205],[20.643077,63.814521],[20.630219,63.820868],[20.612641,63.822211],[20.564952,63.798326],[20.561778,63.785224],[20.553559,63.777045],[20.542654,63.775336],[20.530935,63.781236],[20.540863,63.791693],[20.538748,63.800767],[20.503429,63.822008],[20.455821,63.772203],[20.43686,63.761176],[20.413585,63.767564],[20.4192,63.759345],[20.413585,63.740302],[20.421072,63.712348],[20.394298,63.681098],[20.383067,63.677639],[20.364919,63.680732],[20.354747,63.689154],[20.353526,63.701402],[20.362315,63.716051],[20.361664,63.725491],[20.338878,63.750149],[20.32545,63.753974],[20.316661,63.740058],[20.318126,63.679023],[20.307953,63.654364],[20.295177,63.652248],[20.267589,63.6706],[20.266938,63.681342],[20.286632,63.720771],[20.284434,63.732856],[20.264903,63.719713],[20.246104,63.698228],[20.236013,63.67357],[20.242849,63.650865],[20.153494,63.650865],[20.119884,63.642483],[20.092052,63.664537],[20.073578,63.666246],[20.034516,63.656806],[20.02003,63.647447],[20.011078,63.634101],[20.013438,63.62287],[20.030528,63.602484],[19.937755,63.619859],[19.886974,63.603095],[19.879731,63.599066],[19.864431,63.573188],[19.753184,63.524319],[19.750336,63.514228],[19.766856,63.487616],[19.772472,63.464586],[19.768891,63.460761],[19.744802,63.457261],[19.687348,63.431342],[19.639496,63.444892],[19.637055,63.478339],[19.612966,63.485826],[19.619151,63.500067],[19.578624,63.521186],[19.526378,63.530504],[19.492524,63.552802],[19.470225,63.561469],[19.4463,63.560858],[19.420421,63.548529],[19.468761,63.534247],[19.4546,63.508938],[19.467052,63.500881],[19.493988,63.497382],[19.523448,63.485826],[19.461436,63.46894],[19.511729,63.433336],[19.516612,63.41474],[19.507986,63.411851],[19.4546,63.43122],[19.372569,63.47956],[19.346202,63.485907],[19.345225,63.477607],[19.372569,63.444892],[19.35141,63.440009],[19.293224,63.466539],[19.280772,63.459418],[19.276134,63.442694],[19.269542,63.342475],[19.259288,63.329047],[19.245453,63.322333],[19.233653,63.32567],[19.229259,63.342475],[19.20753,63.326117],[19.156586,63.319037],[19.133067,63.308295],[19.153494,63.294013],[19.141856,63.287421],[19.11199,63.253079],[19.133067,63.253079],[19.11671,63.23664],[19.097179,63.23786],[19.057384,63.260484],[19.039887,63.238959],[19.056407,63.226508],[19.11199,63.21955],[19.104177,63.207831],[19.080089,63.207506],[19.067882,63.202135],[19.052745,63.17886],[19.036794,63.177924],[18.961762,63.225775],[18.966563,63.238918],[18.906749,63.267076],[18.885997,63.272528],[18.872895,63.269192],[18.879161,63.253079],[18.866059,63.249905],[18.810313,63.260484],[18.75115,63.259467],[18.735199,63.253079],[18.755626,63.242743],[18.913341,63.212063],[18.894379,63.197821],[18.862641,63.192043],[18.796641,63.191596],[18.803477,63.177924],[18.787283,63.168036],[18.773123,63.168769],[18.760427,63.177558],[18.75294,63.207668],[18.823904,63.212063],[18.823904,63.21955],[18.729015,63.232001],[18.70045,63.225775],[18.714122,63.219224],[18.727794,63.191596],[18.755626,63.157457],[18.611339,63.1789],[18.564464,63.177924],[18.564464,63.171129],[18.608653,63.165351],[18.643077,63.146918],[18.657074,63.123725],[18.654633,63.113715],[18.639659,63.109687],[18.578624,63.124498],[18.556977,63.116523],[18.538422,63.084662],[18.52296,63.075507],[18.556977,63.075507],[18.499034,63.05508],[18.492931,63.049628],[18.486583,63.025702],[18.478201,63.02025],[18.434093,63.047553],[18.403819,63.05565],[18.372081,63.047553],[18.421886,63.026923],[18.434093,63.014106],[18.368337,63.02025],[18.351573,63.037055],[18.34311,63.039537],[18.339122,63.02558],[18.324229,63.014106],[18.299815,63.006659],[18.24171,62.999823],[18.266449,62.990302],[18.524425,62.991889],[18.551117,62.985907],[18.570649,62.97309],[18.576671,62.958401],[18.568044,62.953437],[18.554047,62.958401],[18.543956,62.97309],[18.536632,62.97309],[18.528087,62.953803],[18.504893,62.949205],[18.418142,62.969306],[18.403331,62.96483],[18.392589,62.945217],[18.439626,62.928168],[18.4546,62.92475],[18.510997,62.93244],[18.52296,62.92475],[18.512543,62.90412],[18.472341,62.901679],[18.400076,62.911078],[18.41505,62.897162],[18.46339,62.8876],[18.474457,62.876899],[18.471365,62.867743],[18.462576,62.861151],[18.426931,62.854071],[18.377615,62.836737],[18.324229,62.841539],[18.316905,62.85578],[18.268321,62.88349],[18.248546,62.883734],[18.255382,62.869452],[18.207042,62.869452],[18.207042,62.863227],[18.218028,62.85932],[18.220225,62.852281],[18.207042,62.835354],[18.229259,62.829535],[18.262218,62.848293],[18.282725,62.841539],[18.2588,62.810614],[18.243663,62.799018],[18.224376,62.794379],[18.195079,62.777411],[18.18336,62.783515],[18.182872,62.789984],[18.200857,62.80801],[18.18629,62.811672],[18.15919,62.780097],[18.140473,62.771918],[18.077322,62.773871],[18.084727,62.786933],[18.06837,62.793891],[18.008962,62.794379],[18.034028,62.811469],[18.12143,62.805813],[18.146169,62.822252],[18.084321,62.837348],[18.071056,62.848944],[18.077322,62.85578],[18.020274,62.841254],[17.988617,62.825914],[17.967784,62.807807],[17.935313,62.817043],[17.926443,62.822252],[17.924327,62.831122],[17.926443,62.86636],[17.912771,62.883734],[17.926443,62.900539],[17.921397,62.915717],[17.878673,62.911078],[17.854503,62.955146],[17.83546,62.970282],[17.809744,62.979315],[17.830821,62.999823],[17.808604,62.998358],[17.761974,62.979315],[17.710785,62.998236],[17.693614,62.993598],[17.817556,62.942328],[17.847667,62.921291],[17.889659,62.870185],[17.901866,62.839301],[17.885509,62.822252],[17.885509,62.814846],[17.929047,62.800523],[17.956798,62.782538],[17.954926,62.763332],[17.962413,62.752143],[17.995372,62.727729],[18.002696,62.70897],[17.990896,62.680813],[17.997325,62.664862],[17.993419,62.659898],[17.974864,62.657172],[17.933604,62.670844],[17.871837,62.670844],[17.891612,62.658026],[18.043224,62.626166],[18.047699,62.606635],[18.06422,62.595771],[18.042491,62.592108],[17.968272,62.560492],[17.962169,62.563625],[17.95338,62.611762],[17.937022,62.615627],[17.925792,62.604722],[17.909353,62.549384],[17.878673,62.541083],[17.892833,62.527493],[17.84311,62.489691],[17.823497,62.485826],[17.786143,62.505764],[17.73463,62.505764],[17.693044,62.497748],[17.671235,62.489447],[17.658946,62.47842],[17.659679,62.461371],[17.696056,62.450588],[17.707367,62.437445],[17.561778,62.443752],[17.526134,62.464789],[17.481456,62.505764],[17.426768,62.541083],[17.406098,62.53559],[17.395518,62.511298],[17.341482,62.498114],[17.330821,62.487738],[17.330577,62.472235],[17.377452,62.433905],[17.378429,62.410793],[17.359386,62.403957],[17.337413,62.403957],[17.360525,62.389594],[17.366466,62.378892],[17.360037,62.355658],[17.380626,62.332668],[17.392751,62.328274],[17.437836,62.330268],[17.454112,62.321438],[17.476817,62.292304],[17.488292,62.286607],[17.488292,62.280463],[17.460216,62.273017],[17.54656,62.249091],[17.566661,62.253892],[17.599376,62.249579],[17.65268,62.232001],[17.569509,62.204739],[17.544444,62.201606],[17.541759,62.206366],[17.569509,62.232001],[17.552989,62.23725],[17.534923,62.235012],[17.508637,62.218411],[17.504161,62.203681],[17.508637,62.163764],[17.474457,62.116604],[17.473155,62.084662],[17.467621,62.076361],[17.447276,62.068183],[17.469005,62.062161],[17.459239,62.048651],[17.426117,62.026557],[17.452647,62.012274],[17.46046,62.003323],[17.3921,61.992418],[17.386485,61.982082],[17.385997,61.961982],[17.354747,61.955308],[17.344574,61.936672],[17.348155,61.911566],[17.364594,61.886298],[17.361501,61.879706],[17.343516,61.871283],[17.342621,61.855658],[17.351817,61.852525],[17.35377,61.847317],[17.337413,61.823676],[17.340831,61.818061],[17.353689,61.814032],[17.40561,61.821112],[17.392914,61.805243],[17.371593,61.800605],[17.371593,61.793158],[17.388357,61.788316],[17.385916,61.746039],[17.391124,61.727729],[17.399181,61.722357],[17.483084,61.734565],[17.514171,61.713813],[17.520274,61.702379],[17.52003,61.69123],[17.505626,61.66706],[17.496349,61.635077],[17.481456,61.62873],[17.461599,61.629625],[17.432872,61.63939],[17.383311,61.692694],[17.362315,61.709133],[17.330577,61.718085],[17.332286,61.705024],[17.350922,61.677151],[17.313162,61.681952],[17.299815,61.689927],[17.303233,61.705064],[17.266612,61.721625],[17.224294,61.72724],[17.138031,61.725531],[17.150401,61.714301],[17.199962,61.711249],[17.268565,61.690823],[17.259776,61.67414],[17.228689,61.663072],[17.166189,61.656684],[17.166189,61.649848],[17.19337,61.64232],[17.164806,61.63642],[17.118907,61.645819],[17.097179,61.636135],[17.225597,61.622016],[17.247895,61.608832],[17.225922,61.602851],[17.150727,61.617906],[17.083507,61.615668],[17.083507,61.608832],[17.134939,61.605943],[17.145681,61.595201],[17.102875,61.585028],[17.056326,61.58218],[17.082367,61.571275],[17.186534,61.561021],[17.186534,61.554185],[17.090343,61.556057],[17.080089,61.550482],[17.130138,61.532701],[17.166189,61.526923],[17.166189,61.519477],[17.124522,61.519477],[17.124522,61.513251],[17.172374,61.498969],[17.177013,61.486884],[17.151866,61.46483],[17.169281,61.441107],[17.192556,61.436998],[17.204112,61.448228],[17.213552,61.451158],[17.220388,61.447984],[17.217052,61.433905],[17.184581,61.427314],[17.166189,61.416409],[17.147227,61.433539],[17.136567,61.437079],[17.127615,61.41828],[17.108409,61.409369],[17.104015,61.399359],[17.138031,61.369289],[17.167003,61.35578],[17.200206,61.348131],[17.201834,61.337104],[17.276052,61.314032],[17.246104,61.310289],[17.213715,61.313422],[17.151866,61.328315],[17.16627,61.308417],[17.247895,61.287299],[17.205089,61.28852],[17.187266,61.291205],[17.135102,61.316107],[17.097179,61.320868],[17.097179,61.314032],[17.121349,61.308173],[17.180349,61.276028],[17.200206,61.259426],[17.212738,61.235297],[17.197113,61.226304],[17.170909,61.220038],[17.151866,61.204169],[17.186534,61.191107],[17.181651,61.165961],[17.158702,61.149563],[17.178966,61.135972],[17.182791,61.123236],[17.171397,61.115058],[17.145681,61.114732],[17.19337,61.108588],[17.19988,61.095893],[17.19752,61.090399],[17.181163,61.083686],[17.168712,61.059312],[17.166189,61.046536],[17.186534,61.032864],[17.158702,61.019843],[17.23585,61.022284],[17.247895,61.012356],[17.188243,61.004584],[17.167735,60.992174],[17.158214,60.948432],[17.179698,60.937242],[17.205089,60.933905],[17.202403,60.921536],[17.216807,60.899359],[17.232921,60.904608],[17.246267,60.898017],[17.282237,60.84101],[17.258067,60.83275],[17.259288,60.81566],[17.275076,60.817206],[17.282237,60.813137],[17.283051,60.781155],[17.296397,60.772773],[17.335704,60.766913],[17.311534,60.745266],[17.279145,60.736274],[17.252208,60.720038],[17.214692,60.706244],[17.191173,60.701728],[17.186697,60.692369],[17.238048,60.697699],[17.257986,60.694403],[17.278005,60.679877],[17.310232,60.673041],[17.364594,60.649237],[17.323741,60.635647],[17.323741,60.62873],[17.339529,60.622992],[17.380219,60.624416],[17.413829,60.637926],[17.574962,60.647895],[17.608409,60.630439],[17.645518,60.618598],[17.658946,60.608303],[17.646739,60.599555],[17.60377,60.584133],[17.606944,60.569525],[17.638194,60.515448],[17.670584,60.504096],[17.741466,60.49844],[17.727061,60.534735],[17.762218,60.5633],[17.816091,60.585273],[17.91863,60.600165],[17.948741,60.599189],[17.974864,60.587836],[17.995372,60.553046],[17.987641,60.530748],[17.967459,60.518948],[17.967459,60.512112],[17.993419,60.510932],[18.018321,60.502265],[18.098399,60.464911],[18.11199,60.436957],[18.143321,60.41356],[18.178722,60.398912],[18.262218,60.382392],[18.207042,60.355048],[18.207042,60.347602],[18.234874,60.327094],[18.296397,60.355048],[18.326345,60.355536],[18.358409,60.347602],[18.427989,60.348782],[18.447765,60.341376],[18.447765,60.313463],[18.474457,60.299791],[18.474457,60.292955],[18.437999,60.29206],[18.426768,60.2862],[18.56544,60.259345],[18.604828,60.238349],[18.563731,60.227607],[18.400564,60.259589],[18.316905,60.32095],[18.330903,60.285712],[18.447765,60.211086],[18.430675,60.210354],[18.392589,60.232164],[18.399669,60.207831],[18.419932,60.193508],[18.468272,60.176337],[18.506114,60.155748],[18.534923,60.158881],[18.544119,60.164252],[18.548513,60.17414],[18.550141,60.129096],[18.578136,60.07392],[18.584321,60.07392],[18.589854,60.088853],[18.590831,60.108303],[18.587169,60.127509],[18.578136,60.142157],[18.625743,60.150824],[18.651378,60.148261],[18.68572,60.130805],[18.720714,60.126044],[18.735199,60.114814],[18.740001,60.098619],[18.738292,60.064114],[18.745128,60.049709],[18.788829,60.017564],[18.796641,60.00495],[18.781505,60.030829],[18.762543,60.055976],[18.753103,60.08218],[18.76588,60.11107],[18.803477,60.121649],[18.816905,60.11758],[18.824474,60.068305],[18.868175,59.99372],[18.903087,59.947211],[18.92213,59.934312],[18.965831,59.926825],[19.005544,59.911811],[19.009532,59.90941],[19.009532,59.896308],[19.032074,59.881496],[19.04363,59.882066],[19.036794,59.902533],[19.071625,59.896308],[19.067882,59.833686],[19.034679,59.835028],[19.021251,59.840033],[18.949067,59.89997],[18.916759,59.921291],[18.885997,59.929877],[18.930675,59.885484],[18.935313,59.868476],[18.924083,59.852281],[18.861583,59.803046],[18.820811,59.79267],[18.754568,59.791164],[18.738617,59.782782],[18.733897,59.768785],[18.751964,59.768866],[18.789806,59.779039],[19.042003,59.78498],[19.085216,59.772203],[19.074474,59.749701],[19.057791,59.736151],[19.035981,59.728502],[18.956798,59.719224],[18.941254,59.723822],[18.913341,59.751776],[18.901378,59.734687],[18.879893,59.721584],[18.855479,59.71308],[18.781261,59.701565],[18.757823,59.691067],[18.755626,59.676663],[18.714122,59.673245],[18.708507,59.657457],[18.693614,59.649359],[18.742035,59.649359],[18.735606,59.641506],[18.70045,59.621405],[18.672699,59.635199],[18.660004,59.635688],[18.686534,59.60578],[18.639985,59.583645],[18.597341,59.574042],[18.540701,59.545844],[18.48406,59.53441],[18.457856,59.521959],[18.413097,59.491034],[18.379649,59.476386],[18.344981,59.47309],[18.269054,59.477444],[18.269054,59.470608],[18.303233,59.456977],[18.289317,59.450588],[18.248546,59.4501],[18.282725,59.436428],[18.276866,59.422553],[18.293142,59.414049],[18.337901,59.408515],[18.307302,59.396796],[18.247569,59.397691],[18.188487,59.407416],[18.15919,59.422187],[18.182872,59.428046],[18.207042,59.422187],[18.199474,59.450873],[18.194021,59.456977],[18.181407,59.458197],[18.145518,59.443834],[18.126231,59.455268],[18.113292,59.454657],[18.084483,59.438951],[18.084483,59.427802],[18.098399,59.408515],[18.06544,59.397162],[18.042491,59.397366],[18.008962,59.408515],[18.146169,59.340237],[18.095063,59.338406],[18.095144,59.326809],[18.172862,59.326565],[18.196625,59.334174],[18.207042,59.332668],[18.214366,59.31977],[18.220551,59.31977],[18.254731,59.362779],[18.318126,59.375922],[18.389659,59.369452],[18.447765,59.353909],[18.426768,59.340237],[18.470063,59.337104],[18.481944,59.347724],[18.447765,59.395453],[18.495616,59.395453],[18.437511,59.419257],[18.426768,59.436428],[18.48463,59.434231],[18.536632,59.415961],[18.543956,59.395453],[18.612315,59.374945],[18.600841,59.362494],[18.543956,59.36815],[18.632579,59.34691],[18.646495,59.330268],[18.638927,59.31509],[18.619802,59.308295],[18.567638,59.306708],[18.519298,59.298285],[18.461192,59.312445],[18.364431,59.306586],[18.337901,59.312934],[18.344737,59.334052],[18.32488,59.334418],[18.29127,59.322699],[18.27589,59.312934],[18.300141,59.301337],[18.316905,59.28559],[18.316905,59.278754],[18.283051,59.278998],[18.27296,59.274237],[18.279307,59.261705],[18.361176,59.24079],[18.412283,59.215033],[18.426768,59.196845],[18.335704,59.235907],[18.313731,59.234076],[18.313487,59.222113],[18.329438,59.214667],[18.365245,59.209906],[18.387055,59.183092],[18.406261,59.189399],[18.392589,59.175767],[18.392589,59.168891],[18.429698,59.174628],[18.434093,59.165229],[18.424164,59.143948],[18.414317,59.140041],[18.381521,59.147773],[18.343761,59.14175],[18.307628,59.131293],[18.290212,59.120551],[18.311371,59.120998],[18.324229,59.1081],[18.200857,59.080756],[18.255382,59.101264],[18.24171,59.1081],[18.255382,59.114325],[18.255382,59.120551],[18.223643,59.119534],[18.185232,59.099311],[18.138682,59.093817],[18.108653,59.063056],[18.096202,59.058336],[18.043224,59.059719],[18.050548,59.03856],[18.013682,59.044908],[18.002696,59.03856],[18.018565,59.022895],[17.977387,58.986558],[17.961192,58.963446],[17.970551,58.935981],[17.961192,58.922512],[17.930675,58.910061],[17.912771,58.909857],[17.899669,58.915717],[17.892345,58.889797],[17.892833,58.861029],[17.869395,58.877021],[17.865245,58.888821],[17.871837,58.902045],[17.861176,58.919094],[17.851817,58.924791],[17.830821,58.922512],[17.814708,58.928209],[17.773611,58.960679],[17.775645,58.947211],[17.787364,58.925523],[17.803477,58.908271],[17.786306,58.884223],[17.779307,58.881537],[17.774425,58.886217],[17.78297,58.915717],[17.749278,58.923814],[17.746755,58.942613],[17.751964,58.965074],[17.741466,58.983954],[17.741466,58.9914],[17.755707,59.006334],[17.760753,59.037014],[17.756114,59.085191],[17.769054,59.108954],[17.768809,59.120551],[17.758149,59.125922],[17.732758,59.114447],[17.721202,59.058987],[17.71046,59.052802],[17.665782,59.080756],[17.668712,59.095445],[17.688813,59.117987],[17.693614,59.131415],[17.680919,59.153388],[17.658946,59.168891],[17.673106,59.134752],[17.647472,59.108059],[17.611095,59.093817],[17.620453,59.072577],[17.614513,59.032131],[17.631602,59.018134],[17.607107,58.965969],[17.597504,58.970893],[17.576915,58.956692],[17.592947,58.946845],[17.611095,58.94302],[17.611095,58.936184],[17.601248,58.927802],[17.62672,58.917792],[17.617931,58.902045],[17.598969,58.89411],[17.535981,58.902045],[17.559418,58.880357],[17.590668,58.867255],[17.590668,58.861029],[17.569509,58.861029],[17.583751,58.853583],[17.555675,58.854153],[17.480235,58.886135],[17.447276,58.895209],[17.447276,58.888373],[17.465017,58.881496],[17.469086,58.870429],[17.449962,58.815863],[17.488292,58.799628],[17.459727,58.791449],[17.337413,58.806464],[17.371593,58.778998],[17.376801,58.76439],[17.357758,58.751166],[17.276052,58.748847],[17.276052,58.730699],[17.162364,58.732001],[17.131847,58.737535],[17.100841,58.761379],[17.086925,58.764838],[17.028168,58.751166],[17.073416,58.744778],[17.083507,58.737535],[17.083669,58.728705],[17.077403,58.720364],[17.062511,58.710191],[17.083018,58.702867],[17.145681,58.702786],[17.145681,58.696601],[17.093028,58.660834],[17.069835,58.661811],[17.010916,58.68183],[16.974946,58.68537],[16.953868,58.669257],[17.001638,58.667873],[17.019542,58.659857],[17.035818,58.641303],[17.01295,58.641425],[16.924164,58.625434],[16.233735,58.669257],[16.233735,58.661811],[16.257091,58.65176],[16.261485,58.643052],[16.254893,58.634508],[16.17921,58.634508],[16.17921,58.628323],[16.203949,58.633979],[16.214122,58.631293],[16.220063,58.620836],[16.240245,58.628119],[16.285411,58.615912],[16.320649,58.636176],[16.333995,58.639146],[16.371593,58.620551],[16.371593,58.603746],[16.376475,58.59516],[16.387706,58.59162],[16.40919,58.596625],[16.428396,58.63939],[16.439789,58.648139],[16.517833,58.624579],[16.635916,58.626776],[16.6574,58.622301],[16.689708,58.605455],[16.730479,58.602281],[16.748302,58.592922],[16.741547,58.614],[16.789317,58.607164],[16.779633,58.58869],[16.785981,58.57274],[16.80421,58.562079],[16.830333,58.559394],[16.816661,58.551947],[16.816661,58.546373],[16.844005,58.546373],[16.844005,58.538886],[16.834158,58.529527],[16.884939,58.518459],[16.940196,58.491116],[16.916189,58.483466],[16.865896,58.483059],[16.844005,58.477484],[16.852875,58.46308],[16.830333,58.452094],[16.765473,58.44066],[16.748302,58.429023],[16.72047,58.43651],[16.597911,58.448635],[16.539724,58.468166],[16.441417,58.485989],[16.412608,58.477484],[16.448253,58.474799],[16.659516,58.414781],[16.692556,58.412746],[16.705577,58.407701],[16.714854,58.394965],[16.709646,58.369127],[16.714854,58.360175],[16.738943,58.364936],[16.754568,58.373765],[16.766612,58.368598],[16.775076,58.339667],[16.631684,58.353949],[16.699962,58.319159],[16.698497,58.301703],[16.710785,58.298733],[16.727061,58.303616],[16.72047,58.319159],[16.779307,58.325588],[16.799164,58.323635],[16.789317,58.305569],[16.761404,58.305569],[16.754568,58.285102],[16.706798,58.278266],[16.706798,58.271389],[16.729503,58.2685],[16.802989,58.244696],[16.789317,58.23725],[16.802582,58.231024],[16.8213,58.207099],[16.822276,58.179633],[16.788259,58.179267],[16.809825,58.162095],[16.777192,58.13052],[16.721446,58.149848],[16.661876,58.185533],[16.617442,58.203111],[16.632091,58.185736],[16.671886,58.165269],[16.68629,58.147895],[16.659516,58.147895],[16.736095,58.084784],[16.714854,58.079576],[16.717621,58.066799],[16.71225,58.059516],[16.68629,58.058539],[16.740245,58.039781],[16.754568,58.02497],[16.737804,58.014228],[16.72047,58.02497],[16.69158,58.014838],[16.686778,58.008734],[16.699962,57.997707],[16.679047,58.005113],[16.65797,58.035346],[16.644705,58.038642],[16.631196,58.027899],[16.637218,58.014472],[16.659516,57.99022],[16.68629,57.99022],[16.706391,57.962104],[16.727794,57.974066],[16.735362,57.97191],[16.741547,57.946194],[16.782481,57.915107],[16.765391,57.915229],[16.727306,57.928778],[16.736176,57.913764],[16.765391,57.89883],[16.768809,57.887844],[16.758149,57.877021],[16.723399,57.88349],[16.710785,57.891262],[16.691173,57.916205],[16.682872,57.918891],[16.679454,57.898383],[16.670746,57.891425],[16.610606,57.89468],[16.61378,57.912095],[16.60377,57.928778],[16.625662,57.928371],[16.644705,57.921332],[16.51531,57.998847],[16.498302,57.992987],[16.494477,57.984036],[16.504568,57.97016],[16.532074,57.950263],[16.590099,57.935614],[16.569591,57.921332],[16.57602,57.911282],[16.57252,57.893948],[16.562755,57.887844],[16.524587,57.906317],[16.480805,57.915107],[16.494477,57.902086],[16.487071,57.89468],[16.460297,57.902086],[16.460297,57.89468],[16.675466,57.764472],[16.706798,57.750637],[16.699962,57.743842],[16.682953,57.747301],[16.635102,57.765692],[16.54184,57.839016],[16.419444,57.89468],[16.427582,57.876899],[16.438975,57.865383],[16.473399,57.846869],[16.53004,57.825263],[16.573253,57.795356],[16.594493,57.772895],[16.618175,57.766588],[16.665212,57.737006],[16.65211,57.72956],[16.690766,57.725653],[16.704845,57.716783],[16.714854,57.702826],[16.693126,57.702826],[16.693126,57.69599],[16.706798,57.69599],[16.706798,57.688544],[16.639171,57.692328],[16.576996,57.709662],[16.610606,57.682359],[16.619965,57.666653],[16.617686,57.658271],[16.583263,57.661933],[16.591807,57.651679],[16.615082,57.647895],[16.624848,57.641425],[16.630544,57.629096],[16.562755,57.592963],[16.554942,57.606187],[16.555919,57.627143],[16.538829,57.620673],[16.520518,57.627143],[16.542247,57.607327],[16.520518,57.592963],[16.520518,57.586127],[16.542247,57.579291],[16.542247,57.572496],[16.514985,57.572496],[16.514985,57.566311],[16.592459,57.564846],[16.629161,57.556871],[16.680349,57.489651],[16.688975,57.471747],[16.659516,57.476264],[16.672211,57.459662],[16.638438,57.448961],[16.633311,57.437079],[16.639008,57.426703],[16.672618,57.415473],[16.625743,57.398993],[16.631684,57.380764],[16.572602,57.387437],[16.547618,57.382514],[16.534841,57.360256],[16.569591,57.346584],[16.547374,57.328803],[16.562755,57.319281],[16.485199,57.294623],[16.469086,57.275377],[16.494477,57.242906],[16.465994,57.228013],[16.458181,57.204006],[16.465017,57.177314],[16.480805,57.154771],[16.509451,57.127346],[16.531016,57.116929],[16.543142,57.117987],[16.552501,57.110093],[16.569591,57.086493],[16.554454,57.080756],[16.583263,57.044908],[16.534841,57.051744],[16.534841,57.063463],[16.52768,57.065375],[16.510753,57.055976],[16.500336,57.03974],[16.439789,57.051744],[16.455333,57.038398],[16.473399,57.031236],[16.473399,57.02383],[16.453136,57.023505],[16.439789,57.014106],[16.434906,56.99787],[16.439789,56.97663],[16.46811,56.949286],[16.46339,56.938463],[16.436371,56.911119],[16.439789,56.866848],[16.408946,56.808417],[16.40797,56.79914],[16.416026,56.787991],[16.428559,56.782945],[16.46339,56.797838],[16.472504,56.794379],[16.47169,56.777411],[16.466563,56.771186],[16.454845,56.768297],[16.412608,56.777411],[16.361095,56.763739],[16.356619,56.75845],[16.377778,56.725898],[16.379161,56.675605],[16.371593,56.661322],[16.341563,56.651272],[16.324962,56.652167],[16.301117,56.663275],[16.255219,56.650377],[16.246349,56.642401],[16.220958,56.60871],[16.213227,56.548407],[16.207042,56.53852],[16.178722,56.537055],[16.166026,56.508002],[16.117686,56.455268],[16.095225,56.419379],[16.038259,56.255072],[16.020356,56.246405],[16.004405,56.219428],[15.93214,56.174709],[15.87436,56.102729],[15.851736,56.086371],[15.835134,56.087958],[15.788748,56.106431],[15.818696,56.140041],[15.826508,56.159369],[15.806163,56.167914],[15.756684,56.156724],[15.731212,56.157213],[15.713634,56.174709],[15.702485,56.170233],[15.691742,56.178616],[15.648204,56.194566],[15.592133,56.160549],[15.575938,56.174709],[15.592296,56.19245],[15.596202,56.203762],[15.586436,56.208889],[15.492931,56.176337],[15.486583,56.171332],[15.484874,56.155666],[15.479991,56.151842],[15.433279,56.1789],[15.403982,56.179755],[15.37672,56.161078],[15.365571,56.141099],[15.320974,56.139635],[15.295258,56.147406],[15.322602,56.153632],[15.295258,56.188381],[15.273774,56.17121],[15.234548,56.157213],[15.192393,56.152899],[15.154307,56.168647],[15.13087,56.161078],[15.093028,56.161078],[15.085216,56.164618],[15.081716,56.182074],[15.075531,56.188381],[15.034679,56.181545],[15.049001,56.153632],[14.988455,56.169176],[14.95338,56.172919],[14.906016,56.1612],[14.848155,56.163967],[14.84962,56.147406],[14.830251,56.142646],[14.774587,56.167914],[14.724946,56.167629],[14.701345,56.161363],[14.685802,56.147406],[14.682302,56.117133],[14.70338,56.109442],[14.719981,56.084662],[14.748302,56.060736],[14.767751,56.030707],[14.743826,56.02143],[14.715505,56.002346],[14.70574,56.017035],[14.685802,56.017035],[14.673025,56.005316],[14.611501,56.011135],[14.609711,56.015326],[14.62379,56.024482],[14.607677,56.037014],[14.603282,56.058051],[14.582205,56.043769],[14.566742,56.055609],[14.569102,56.058051],[14.533458,56.045844],[14.497406,56.040473],[14.478852,56.031684],[14.407725,55.977037],[14.346446,55.953315],[14.323253,55.915717],[14.311534,55.907172],[14.271007,55.894477],[14.234711,55.862698],[14.208507,55.821275],[14.198497,55.779975],[14.195811,55.725653],[14.205903,55.708564],[14.261078,55.680162],[14.273692,55.667629],[14.276052,55.634996],[14.284516,55.622952],[14.316661,55.602362],[14.358165,55.563666],[14.367524,55.545396],[14.363048,55.523627],[14.348806,55.510565],[14.264903,55.461249],[14.219005,55.413764],[14.181163,55.390815],[14.158376,55.387193],[14.06422,55.390774],[14.035411,55.397121],[13.956228,55.426825],[13.897227,55.434882],[13.842296,55.42121],[13.780284,55.427436],[13.629568,55.41828],[13.595958,55.393256],[13.580821,55.388821],[13.537852,55.393256],[13.503429,55.388373],[13.410899,55.352281],[13.381358,55.346015],[13.280528,55.345445],[13.115489,55.380276],[13.030772,55.38642],[13.000011,55.400092],[12.979177,55.403266],[12.958344,55.400092],[12.932628,55.388007],[12.910411,55.387519],[12.886729,55.393256],[12.847423,55.382025],[12.832774,55.382554],[12.828787,55.400092],[12.859386,55.434882],[12.871837,55.434394],[12.904633,55.417955],[12.929698,55.418769],[12.952891,55.424994],[12.965831,55.434882],[12.959972,55.447903],[12.963227,55.45425],[12.985688,55.447903],[12.975841,55.475043],[12.928477,55.520006],[12.917491,55.547187],[12.929373,55.578925],[12.958344,55.598131],[13.027354,55.626654],[13.038341,55.635199],[13.057953,55.660712],[13.061371,55.674465],[13.054861,55.694037],[13.026378,55.712388],[13.011485,55.72842],[12.974376,55.726467],[12.965831,55.746161],[12.922618,55.749457],[12.911306,55.763861],[12.931895,55.769477],[12.93865,55.790473],[12.926036,55.834052],[12.891287,55.853583],[12.850759,55.865668],[12.8213,55.886705],[12.810802,55.902248],[12.804942,55.929267],[12.770763,55.948432],[12.752289,55.996568],[12.719493,56.012152],[12.708751,56.021308],[12.698009,56.0515],[12.602224,56.123196],[12.553722,56.181545],[12.540782,56.22248],[12.516449,56.252183],[12.504568,56.275336],[12.464854,56.291693],[12.451427,56.304429],[12.646251,56.25727],[12.666189,56.239447],[12.704845,56.22248],[12.735606,56.229315],[12.796886,56.228095],[12.814464,56.236151],[12.827403,56.249945],[12.833507,56.265692],[12.829438,56.278551],[12.783458,56.293402],[12.731781,56.359687],[12.643809,56.396064],[12.621593,56.419338],[12.656912,56.455268],[12.713715,56.467353],[12.833263,56.442572],[12.890147,56.455268],[12.920421,56.485297],[12.93336,56.506537],[12.93865,56.527289],[12.934418,56.547065],[12.903819,56.593004],[12.886078,56.637152],[12.871755,56.649482],[12.842052,56.653876],[12.778168,56.644232],[12.731781,56.64704],[12.679861,56.679592],[12.670421,56.692084],[12.664317,56.714301],[12.631358,56.734036],[12.615733,56.750067],[12.594737,56.787991],[12.600352,56.809882],[12.598318,56.82099],[12.533865,56.84634],[12.527029,56.859931],[12.499197,56.866848],[12.469574,56.892035],[12.375011,56.912055],[12.356456,56.923814],[12.345225,56.941352],[12.342133,56.962958],[12.355154,56.979722],[12.354259,56.985663],[12.340994,57.014065],[12.333263,57.020901],[12.271251,57.042873],[12.247406,57.060736],[12.245291,57.079047],[12.218598,57.092719],[12.237641,57.108059],[12.233409,57.121487],[12.204356,57.147935],[12.197439,57.184882],[12.160981,57.184149],[12.149099,57.1883],[12.191254,57.212592],[12.138357,57.219672],[12.101329,57.236721],[12.129242,57.236721],[12.156505,57.242906],[12.127289,57.250067],[12.095063,57.250393],[12.095063,57.257148],[12.119884,57.275336],[12.142589,57.279975],[12.147227,57.285468],[12.144054,57.310126],[12.104991,57.34455],[12.067149,57.339789],[12.049815,57.351142],[12.108735,57.394355],[12.060313,57.394355],[12.082693,57.402289],[12.092052,57.411363],[12.089854,57.423041],[12.059255,57.458808],[12.04363,57.461819],[12.006602,57.434149],[11.992931,57.366034],[11.979015,57.346584],[11.972179,57.364081],[11.933604,57.360826],[11.944835,57.3876],[11.922699,57.387397],[11.903331,57.394355],[11.915212,57.403388],[11.903331,57.448961],[11.907074,57.465277],[11.916352,57.476264],[11.944835,57.489936],[11.910167,57.503607],[11.931163,57.511054],[11.903331,57.524115],[11.917654,57.539537],[11.911469,57.595282],[11.91684,57.620917],[11.897146,57.627143],[11.891856,57.612982],[11.879649,57.606187],[11.867361,57.607408],[11.858084,57.632636],[11.834972,57.661933],[11.844574,57.68301],[11.909516,57.686835],[11.923676,57.702826],[11.90211,57.696234],[11.845876,57.693305],[11.8213,57.69599],[11.770518,57.712226],[11.747732,57.713609],[11.751801,57.69599],[11.719737,57.693508],[11.705414,57.698432],[11.706309,57.721991],[11.810395,57.781399],[11.807872,57.788072],[11.789399,57.790269],[11.751801,57.784817],[11.686778,57.837633],[11.656261,57.839423],[11.678396,57.853746],[11.703949,57.8605],[11.693614,57.881171],[11.707286,57.891425],[11.759288,57.902086],[11.759288,57.908271],[11.745616,57.908271],[11.745616,57.915107],[11.759451,57.919013],[11.766124,57.928778],[11.736583,57.938666],[11.743663,57.955715],[11.787283,57.997707],[11.800141,58.022284],[11.802908,58.036566],[11.78297,58.069159],[11.786306,58.078599],[11.800955,58.086412],[11.793468,58.100084],[11.818126,58.103176],[11.828461,58.121243],[11.841319,58.193793],[11.875743,58.199164],[11.889659,58.216783],[11.860606,58.218411],[11.851817,58.22663],[11.844574,58.253363],[11.813813,58.278266],[11.80893,58.302191],[11.825938,58.316555],[11.882823,58.332831],[11.870372,58.345364],[11.849457,58.342678],[11.806977,58.326606],[11.726736,58.327094],[11.725759,58.312974],[11.711436,58.307563],[11.678966,58.30744],[11.618907,58.278266],[11.581065,58.250922],[11.552013,58.250312],[11.52589,58.257758],[11.539561,58.23725],[11.50587,58.243069],[11.496593,58.258368],[11.503673,58.280219],[11.541759,58.333564],[11.567393,58.355048],[11.622081,58.388129],[11.607758,58.394965],[11.621755,58.405992],[11.669932,58.422187],[11.652599,58.437405],[11.628917,58.431342],[11.588634,58.401109],[11.553233,58.463202],[11.547048,58.463202],[11.553477,58.433987],[11.551768,58.399359],[11.541677,58.364936],[11.522472,58.336249],[11.465994,58.294135],[11.396169,58.264594],[11.416189,58.290351],[11.44337,58.305569],[11.44337,58.312974],[11.399181,58.302965],[11.389334,58.305569],[11.3838,58.318183],[11.389496,58.329088],[11.401052,58.336819],[11.448578,58.341742],[11.422862,58.363837],[11.424083,58.388129],[11.406993,58.387356],[11.382498,58.353949],[11.370616,58.34748],[11.345876,58.346015],[11.424083,58.442694],[11.372406,58.399888],[11.348399,58.388129],[11.334158,58.367621],[11.306814,58.360053],[11.279145,58.366156],[11.253591,58.365912],[11.2317,58.339667],[11.220876,58.346259],[11.224864,58.370673],[11.204356,58.401109],[11.208995,58.418931],[11.223399,58.424872],[11.259044,58.422187],[11.251475,58.442328],[11.293712,58.470038],[11.25766,58.482164],[11.238536,58.50788],[11.252208,58.518459],[11.255626,58.555732],[11.280528,58.570299],[11.286306,58.579901],[11.265798,58.579901],[11.269786,58.592231],[11.252208,58.607164],[11.259044,58.634508],[11.249848,58.648912],[11.210623,58.679185],[11.218028,58.707953],[11.18686,58.710191],[11.177419,58.718573],[11.178559,58.736477],[11.189789,58.752997],[11.210623,58.757392],[11.206879,58.770941],[11.2317,58.799628],[11.233409,58.808173],[11.2317,58.843695],[11.202891,58.854926],[11.197602,58.864163],[11.197602,58.887885],[11.190115,58.908271],[11.197602,58.922512],[11.146739,58.93122],[11.119884,58.940863],[11.108165,58.953559],[11.117442,58.968817],[11.183849,58.9914],[11.141775,58.989569],[11.122813,58.994086],[11.115001,59.008205],[11.129405,59.031195],[11.193614,59.080146],[11.220063,59.090155],[11.320974,59.099514],[11.354666,59.09162],[11.376231,59.041693],[11.393809,59.019436],[11.414073,59.001125],[11.438144,58.991129],[11.453233,58.960485],[11.451993,58.896044],[11.482585,58.886898],[11.547078,58.884727],[11.61157,58.893151],[11.664383,58.920074],[11.693735,58.973507],[11.708928,59.021618],[11.745308,59.092156],[11.748512,59.140061],[11.775591,59.202537],[11.811661,59.249666],[11.806803,59.293591],[11.783962,59.360616],[11.677406,59.559053],[11.670998,59.58055],[11.674925,59.607112],[11.693735,59.622305],[11.828404,59.659719],[11.852485,59.673361],[11.897237,59.713979],[11.902095,59.785137],[11.889796,59.801416],[11.854863,59.824308],[11.842977,59.838416],[11.849592,59.872419],[11.890313,59.892779],[11.942196,59.90203],[12.102703,59.893968],[12.143734,59.898412],[12.290598,59.958719],[12.446764,60.051116],[12.483248,60.081243],[12.510946,60.117985],[12.524692,60.161704],[12.521592,60.197619],[12.49565,60.262008],[12.487279,60.295907],[12.491723,60.312289],[12.577919,60.375902],[12.593629,60.395023],[12.605308,60.419156],[12.612646,60.455381],[12.608615,60.48649],[12.594352,60.514938],[12.482524,60.657332],[12.377001,60.754096],[12.350026,60.793345],[12.313232,60.901865],[12.294836,60.935326],[12.256078,60.981318],[12.253288,61.001704],[12.280986,61.015192],[12.511773,61.049117],[12.569651,61.050642],[12.682512,61.040332],[12.703803,61.046197],[12.713518,61.061158],[12.73915,61.142445],[12.819661,61.204947],[12.839815,61.226987],[12.854698,61.255306],[12.888184,61.349616],[12.886944,61.361501],[12.877126,61.370984],[12.613783,61.547045],[12.583397,61.561101],[12.550944,61.566915],[12.482524,61.569137],[12.444801,61.573504],[12.416482,61.582289],[12.33783,61.632983],[12.291322,61.651122],[12.175566,61.711531],[12.161717,61.724838],[12.31747,62.234032],[12.314266,62.286122],[12.286361,62.335421],[12.091231,62.58631],[12.090094,62.606335],[12.103116,62.634033],[12.154069,62.710514],[12.156239,62.733691],[12.097018,62.88655],[12.093298,62.907427],[12.104356,62.923344],[12.222695,63.001479],[11.992425,63.288903],[12.204919,63.454629],[12.219801,63.474266],[12.219491,63.49659],[12.170295,63.598135],[12.293182,63.656994],[12.482524,63.809491],[12.681892,63.956356],[12.755273,63.991392],[12.982442,64.05883],[13.234106,64.090869],[13.964243,64.009531],[13.98233,64.019504],[14.147797,64.169004],[14.16051,64.187246],[14.16144,64.205436],[14.115551,64.441236],[14.096948,64.465317],[14.060878,64.476634],[13.940058,64.49131],[13.642764,64.584018],[14.172602,64.991538],[14.310682,65.084142],[14.338484,65.122899],[14.365975,65.215762],[14.380238,65.240282],[14.400495,65.25545],[14.482144,65.288677],[14.514287,65.318081],[14.518318,65.364538],[14.510359,65.464739],[14.560692,65.701055],[14.570201,65.716713],[14.63707,65.781206],[14.648852,65.802393],[14.644408,65.842907],[14.540538,66.125448],[15.053375,66.153276],[15.481876,66.274871],[15.491798,66.287996],[15.482083,66.34081],[15.42989,66.463567],[15.426272,66.491214],[15.669462,66.599424],[16.038845,66.887546],[16.125661,66.934365],[16.31056,67.009916],[16.39965,67.035961],[16.415566,67.052704],[16.443781,67.182619],[16.43789,67.200318],[16.127108,67.422759],[16.180748,67.496398],[16.199559,67.508284],[16.36699,67.521668],[16.428589,67.534018],[16.482952,67.557841],[16.587235,67.625899],[16.608733,67.647293],[16.761901,67.87715],[16.782882,67.896994],[16.807997,67.910636],[17.220065,68.040086],[17.299957,68.097912],[17.321454,68.105301],[17.895372,67.969651],[17.921004,67.972855],[17.950769,67.991096],[18.166674,68.158476],[18.188584,68.198732],[18.135668,68.395723],[18.136805,68.426315],[18.161506,68.530185],[18.171841,68.535921],[18.436218,68.573852],[18.481797,68.561966],[18.644577,68.501246],[18.700284,68.495614],[19.038145,68.505639],[19.481735,68.424042],[19.93101,68.350196],[19.971215,68.351281],[20.010282,68.36389],[20.245927,68.477372],[19.962223,68.541192],[20.151772,68.606821],[20.236625,68.659066],[20.338841,68.765468],[20.352173,68.785673],[20.356514,68.804587],[20.348763,68.893109],[20.341115,68.910058],[20.102266,69.022145],[20.623165,69.036356],[20.675461,69.018166]]],[[[17.097016,57.317369],[17.075531,57.305121],[17.042003,57.270901],[17.064464,57.241889],[17.066254,57.226711],[17.050466,57.201158],[17.04949,57.1883],[17.028168,57.181464],[17.01531,57.147935],[16.973481,57.104193],[16.960623,57.063218],[16.943207,57.051825],[16.898611,57.038072],[16.912852,57.023505],[16.93393,57.017564],[16.899181,56.996405],[16.871267,56.969184],[16.884532,56.935614],[16.883067,56.916246],[16.858165,56.896796],[16.841807,56.844062],[16.830333,56.825832],[16.781586,56.810614],[16.768728,56.79678],[16.756521,56.747463],[16.698497,56.645209],[16.682791,56.593492],[16.664236,56.575344],[16.64324,56.568427],[16.636974,56.559719],[16.631521,56.532213],[16.638438,56.524156],[16.624848,56.503648],[16.61964,56.475328],[16.575857,56.405748],[16.569591,56.38703],[16.566417,56.346137],[16.552257,56.332099],[16.541189,56.306138],[16.490896,56.239569],[16.450206,56.218655],[16.428477,56.217963],[16.412608,56.229315],[16.412608,56.270941],[16.398936,56.298245],[16.407237,56.319973],[16.405772,56.38703],[16.414073,56.402777],[16.391449,56.458686],[16.398936,56.544664],[16.419444,56.585639],[16.442556,56.60871],[16.45281,56.637519],[16.62086,56.87226],[16.637869,56.882473],[16.716807,56.891832],[16.731293,56.903998],[16.748302,56.941881],[16.79363,57.003852],[16.845551,57.059068],[16.888357,57.118232],[16.909923,57.202216],[16.94044,57.212836],[16.959239,57.230699],[16.966482,57.304592],[17.019216,57.34455],[17.054861,57.358222],[17.065278,57.357733],[17.073497,57.343207],[17.081879,57.341376],[17.091075,57.344468],[17.097179,57.352769],[17.104015,57.352769],[17.124522,57.319281],[17.097016,57.317369]]],[[[19.050304,57.862209],[19.085216,57.825751],[19.014985,57.822008],[18.986583,57.80744],[18.981619,57.770494],[18.957774,57.784613],[18.948741,57.78266],[18.94752,57.770494],[18.93214,57.752265],[18.93214,57.74079],[18.941254,57.72956],[18.865245,57.723334],[18.820811,57.737006],[18.80714,57.734442],[18.810313,57.709662],[18.796641,57.675523],[18.764659,57.626899],[18.762462,57.617174],[18.810313,57.607327],[18.794688,57.57807],[18.789806,57.548285],[18.761404,57.507636],[18.776134,57.497463],[18.768809,57.481838],[18.773204,57.472235],[18.803477,57.469428],[18.789806,57.448961],[18.868907,57.435289],[18.879731,57.449205],[18.908865,57.439154],[18.926117,57.418199],[18.930024,57.404527],[18.92628,57.392646],[18.909923,57.3876],[18.879161,57.3876],[18.858165,57.394355],[18.841156,57.38288],[18.801524,57.376207],[18.770193,57.364488],[18.717947,57.328925],[18.680431,57.310492],[18.666759,57.29678],[18.673676,57.277655],[18.710948,57.274319],[18.714122,57.242906],[18.678884,57.233344],[18.680512,57.229926],[18.591482,57.218695],[18.564464,57.209418],[18.564464,57.201972],[18.578136,57.201972],[18.578136,57.195746],[18.555431,57.19245],[18.406423,57.143012],[18.385753,57.127427],[18.4546,57.127427],[18.359874,57.096137],[18.344737,57.08275],[18.337901,57.031236],[18.348643,57.0185],[18.364268,57.01142],[18.400076,57.003974],[18.344737,57.003974],[18.344737,56.997138],[18.358409,56.989691],[18.321462,56.969062],[18.311534,56.948065],[18.203949,56.915188],[18.169688,56.912014],[18.138682,56.922024],[18.203868,56.986274],[18.206391,56.994696],[18.200857,57.017564],[18.213878,57.026313],[18.250824,57.033881],[18.265636,57.04149],[18.290212,57.092719],[18.223318,57.060289],[18.200857,57.065375],[18.200857,57.072821],[18.225108,57.094916],[18.227306,57.107489],[18.214366,57.113837],[18.228038,57.133694],[18.185313,57.144843],[18.159841,57.229804],[18.099376,57.258979],[18.101085,57.278022],[18.115571,57.297024],[18.153087,57.313422],[18.165863,57.33161],[18.171153,57.352118],[18.166026,57.367092],[18.17921,57.379543],[18.146169,57.408026],[18.145356,57.426174],[18.120942,57.465074],[18.113455,57.487982],[18.11199,57.511054],[18.128184,57.548163],[18.161469,57.577948],[18.325043,57.672593],[18.463064,57.803168],[18.49936,57.826565],[18.550141,57.839423],[18.5949,57.831366],[18.608653,57.83633],[18.640798,57.886176],[18.677745,57.913886],[18.723806,57.923],[18.742442,57.917914],[18.757172,57.906155],[18.769298,57.887844],[18.762462,57.871039],[18.764659,57.86518],[18.773936,57.860256],[18.784353,57.839586],[18.803477,57.825751],[18.81072,57.851223],[18.844086,57.873603],[18.851899,57.891262],[18.837413,57.912177],[18.851329,57.915107],[18.913341,57.921332],[18.913341,57.915107],[18.89796,57.89765],[18.917247,57.888129],[18.94158,57.888821],[18.941254,57.902086],[18.956554,57.907782],[18.995779,57.912055],[19.009532,57.908271],[19.002126,57.902086],[19.014008,57.881293],[19.024669,57.871894],[19.050304,57.862209]]],[[[19.305675,57.976386],[19.338552,57.963568],[19.325857,57.956692],[19.310557,57.956732],[19.296072,57.943671],[19.247895,57.95246],[19.205333,57.935126],[19.161957,57.925971],[19.139903,57.908271],[19.160655,57.896064],[19.16033,57.880316],[19.129649,57.846869],[19.084483,57.859361],[19.036794,57.905219],[19.039561,57.916978],[19.067882,57.939358],[19.086599,57.968451],[19.098318,57.976549],[19.148611,57.979071],[19.163422,57.987128],[19.205821,57.983466],[19.222423,57.99022],[19.226736,57.9737],[19.240082,57.970608],[19.27296,57.976549],[19.305675,57.976386]]],[[[11.738455,58.04149],[11.745616,58.031195],[11.731944,57.997707],[11.710216,57.992906],[11.706798,57.999498],[11.711436,58.011379],[11.695079,58.015082],[11.679373,58.006252],[11.667654,57.990383],[11.659434,57.963284],[11.650645,57.95539],[11.639415,57.951361],[11.618907,57.95425],[11.594737,57.935614],[11.581065,57.935858],[11.560069,57.949286],[11.527843,57.954291],[11.512462,57.992621],[11.515636,58.0008],[11.527029,58.005316],[11.567556,58.003892],[11.54713,58.009996],[11.505626,58.013007],[11.497895,58.028062],[11.50587,58.046047],[11.52475,58.050727],[11.567556,58.045478],[11.659679,58.045478],[11.716563,58.064521],[11.73878,58.058539],[11.738455,58.04149]]],[[[11.813731,58.211371],[11.813813,58.144477],[11.804698,58.125718],[11.756684,58.118313],[11.708181,58.098212],[11.654633,58.107978],[11.628917,58.100084],[11.612315,58.118598],[11.585297,58.123114],[11.556488,58.117865],[11.533946,58.106879],[11.516287,58.086005],[11.495616,58.089911],[11.463878,58.106879],[11.463878,58.07217],[11.457693,58.07217],[11.447439,58.103461],[11.406586,58.13109],[11.408865,58.145697],[11.428966,58.160956],[11.527843,58.212795],[11.562673,58.21955],[11.601573,58.23725],[11.64796,58.234036],[11.663097,58.23725],[11.660004,58.258124],[11.677419,58.271389],[11.669932,58.285102],[11.686371,58.291205],[11.73878,58.285102],[11.749848,58.262885],[11.789399,58.246405],[11.806977,58.230414],[11.813731,58.211371]]],[[[19.291189,58.350246],[19.250336,58.342841],[19.214122,58.354682],[19.187755,58.394965],[19.222423,58.394965],[19.24879,58.386054],[19.305675,58.378974],[19.331716,58.367621],[19.291189,58.350246]]],[[[18.427094,59.260891],[18.413097,59.278754],[18.344737,59.299262],[18.461681,59.298245],[18.523448,59.288642],[18.612315,59.258287],[18.539073,59.259955],[18.516124,59.271308],[18.517263,59.24901],[18.5324,59.241889],[18.578136,59.244615],[18.551606,59.225898],[18.520356,59.228664],[18.468272,59.252102],[18.427094,59.260891]]],[[[18.554698,60.324774],[18.567882,60.321275],[18.570649,60.317206],[18.566905,60.30744],[18.514334,60.32095],[18.458832,60.353827],[18.402192,60.369818],[18.389171,60.391018],[18.384939,60.417914],[18.388031,60.478909],[18.375173,60.500393],[18.378754,60.507799],[18.390147,60.510077],[18.406261,60.505845],[18.426768,60.485419],[18.426768,60.464911],[18.466075,60.442694],[18.474457,60.430813],[18.419932,60.443793],[18.48463,60.3664],[18.494314,60.356594],[18.507823,60.356024],[18.529796,60.368109],[18.536794,60.344428],[18.554698,60.324774]]],[[[20.864919,63.79682],[20.904633,63.793524],[20.920421,63.773749],[20.873546,63.753974],[20.88087,63.760728],[20.87322,63.770697],[20.863455,63.773505],[20.839203,63.767564],[20.864919,63.79682]]],[[[18.488455,59.095038],[18.487315,59.085028],[18.456065,59.057196],[18.435883,59.04975],[18.427501,59.025702],[18.413585,59.011664],[18.37672,59.006903],[18.366547,59.009101],[18.344412,59.025702],[18.341319,59.033433],[18.361583,59.039211],[18.349783,59.052924],[18.351085,59.05683],[18.366222,59.057807],[18.376313,59.063788],[18.378754,59.070543],[18.371593,59.073554],[18.374766,59.078355],[18.465994,59.117255],[18.47934,59.116645],[18.488455,59.095038]]],[[[18.704356,59.211493],[18.750011,59.205146],[18.737966,59.19774],[18.668468,59.174262],[18.659679,59.176907],[18.665701,59.187934],[18.690929,59.208808],[18.704356,59.211493]]],[[[18.77589,59.297797],[18.810802,59.289252],[18.807628,59.283149],[18.791189,59.273179],[18.775157,59.252183],[18.722667,59.262397],[18.72462,59.27265],[18.75766,59.294582],[18.77589,59.297797]]],[[[18.68214,59.331244],[18.638031,59.367987],[18.647309,59.371812],[18.705903,59.371243],[18.74171,59.350775],[18.747081,59.331855],[18.741384,59.320014],[18.726573,59.311998],[18.677501,59.299547],[18.673106,59.3039],[18.685802,59.316474],[18.68214,59.331244]]],[[[18.122732,59.389106],[18.237478,59.372789],[18.249278,59.366685],[18.203949,59.365912],[18.222423,59.351793],[18.212087,59.341498],[18.165538,59.340644],[18.122813,59.356757],[18.105317,59.377631],[18.1067,59.384955],[18.122732,59.389106]]],[[[18.865082,59.399848],[18.869477,59.393459],[18.865489,59.389716],[18.855724,59.385932],[18.847667,59.38935],[18.846528,59.395901],[18.854259,59.402533],[18.865082,59.399848]]],[[[18.946462,59.388739],[18.948253,59.37873],[18.937673,59.373236],[18.899913,59.393744],[18.899425,59.400702],[18.908214,59.406317],[18.92156,59.405911],[18.946462,59.388739]]],[[[18.925792,59.434027],[18.893891,59.407172],[18.872325,59.408637],[18.860606,59.424506],[18.873546,59.439765],[18.911794,59.447211],[18.924164,59.441352],[18.925792,59.434027]]],[[[18.646495,59.504462],[18.632986,59.489651],[18.608409,59.493638],[18.603282,59.493069],[18.604177,59.488023],[18.594412,59.486884],[18.605317,59.466783],[18.601817,59.456122],[18.591156,59.45246],[18.58253,59.455512],[18.578461,59.463935],[18.580903,59.430732],[18.562266,59.42829],[18.556407,59.422309],[18.545421,59.428534],[18.536306,59.446438],[18.519054,59.464057],[18.510509,59.48314],[18.514415,59.490953],[18.538097,59.495551],[18.548839,59.492987],[18.557384,59.482001],[18.559581,59.491441],[18.577647,59.495063],[18.548106,59.498969],[18.545421,59.502387],[18.551117,59.510077],[18.592459,59.538764],[18.609711,59.54564],[18.654307,59.550035],[18.67449,59.54564],[18.688975,59.533393],[18.739106,59.540432],[18.737478,59.535142],[18.681407,59.521308],[18.646495,59.504462]]],[[[18.981781,59.63288],[18.98463,59.624335],[18.968028,59.619371],[18.927501,59.622463],[18.905284,59.583238],[18.88559,59.578599],[18.863455,59.58397],[18.858572,59.595771],[18.937755,59.649075],[18.952485,59.652981],[18.981781,59.63288]]],[[[18.830821,59.59162],[18.823904,59.583889],[18.756847,59.572659],[18.796153,59.589301],[18.864757,59.632473],[18.924327,59.656928],[18.924164,59.648261],[18.905284,59.633612],[18.854259,59.601142],[18.830821,59.59162]]],[[[18.998709,59.809027],[19.001964,59.799994],[18.997813,59.794623],[18.972016,59.786607],[18.935557,59.79267],[18.92628,59.786851],[18.891287,59.78559],[18.885753,59.793931],[18.897634,59.809801],[18.951671,59.861151],[18.959158,59.863715],[18.987966,59.850531],[18.995453,59.839504],[18.992198,59.807522],[18.998709,59.809027]]],[[[18.72877,60.196723],[18.71225,60.212144],[18.718516,60.216457],[18.753103,60.209174],[18.765798,60.19599],[18.788259,60.184149],[18.784434,60.175116],[18.800304,60.176418],[18.806895,60.16059],[18.760997,60.150051],[18.724376,60.155463],[18.713064,60.182563],[18.718272,60.194159],[18.72877,60.196723]]],[[[15.68336,56.117499],[15.726899,56.118354],[15.725841,56.112982],[15.714366,56.107001],[15.700857,56.105658],[15.703624,56.080715],[15.696788,56.074286],[15.683279,56.075385],[15.651134,56.089993],[15.642345,56.104641],[15.654959,56.119452],[15.669119,56.123928],[15.68336,56.117499]]],[[[16.877289,58.299709],[16.87908,58.280585],[16.868175,58.27265],[16.855805,58.271877],[16.847423,58.275458],[16.836436,58.290513],[16.83253,58.304185],[16.8449,58.31037],[16.877289,58.299709]]],[[[16.870291,58.333238],[16.918956,58.336371],[16.89503,58.320705],[16.865245,58.316718],[16.846039,58.31981],[16.827403,58.327541],[16.814952,58.339179],[16.800141,58.358303],[16.801524,58.364814],[16.785167,58.380072],[16.79005,58.389065],[16.807791,58.394232],[16.859711,58.400295],[16.864268,58.397691],[16.861583,58.391995],[16.851248,58.383368],[16.828787,58.381537],[16.847179,58.372138],[16.827485,58.363593],[16.830577,58.355943],[16.870291,58.333238]]],[[[18.350841,58.979682],[18.357107,58.976996],[18.353852,58.967353],[18.338878,58.957913],[18.293468,58.946275],[18.289806,58.941392],[18.316417,58.926947],[18.237966,58.91413],[18.216319,58.905585],[18.193614,58.911322],[18.195567,58.920152],[18.22641,58.944729],[18.261892,58.959621],[18.29949,58.962714],[18.350841,58.979682]]],[[[18.198253,59.00967],[18.190196,58.993883],[18.174653,59.001451],[18.159434,58.997707],[18.148123,59.005276],[18.150238,58.976874],[18.144705,58.969062],[18.131114,58.964748],[18.117524,58.967353],[18.098969,58.978827],[18.056651,58.959418],[18.050629,58.960924],[18.058604,58.985093],[18.081554,58.996731],[18.082856,59.009223],[18.103526,59.02265],[18.125336,59.020738],[18.17213,59.02733],[18.216563,59.024482],[18.215668,59.020087],[18.178722,59.01142],[18.198253,59.00967]]],[[[17.702485,58.984809],[17.704112,58.955268],[17.694347,58.928616],[17.680675,58.92182],[17.691173,58.901801],[17.684825,58.900824],[17.657725,58.922675],[17.657074,58.917792],[17.648123,58.918931],[17.639171,58.930976],[17.640636,58.947659],[17.633962,58.956244],[17.625824,58.956773],[17.624278,58.963935],[17.626801,58.981391],[17.648123,59.017524],[17.643891,59.061347],[17.652192,59.071519],[17.663097,59.071967],[17.668956,59.058905],[17.686697,59.05036],[17.694102,59.038967],[17.706309,59.008368],[17.707286,58.993354],[17.702485,58.984809]]],[[[18.078949,62.679755],[18.027029,62.684516],[18.006114,62.705552],[18.028331,62.745185],[18.041026,62.754543],[18.064301,62.75788],[18.103201,62.745185],[18.128103,62.751654],[18.159841,62.747138],[18.157237,62.725409],[18.146983,62.70954],[18.119965,62.706488],[18.117035,62.701728],[18.130056,62.693508],[18.124685,62.687934],[18.078949,62.679755]]],[[[20.864594,63.659369],[20.843028,63.644192],[20.825938,63.643622],[20.827647,63.653144],[20.864594,63.676744],[20.87086,63.669379],[20.864594,63.659369]]],[[[20.88087,63.742377],[20.948497,63.774604],[20.940684,63.765692],[20.943044,63.756741],[20.932872,63.745307],[20.936697,63.727525],[20.932872,63.715277],[20.923106,63.703192],[20.894054,63.689927],[20.879731,63.69066],[20.864757,63.683092],[20.862071,63.693345],[20.88087,63.742377]]],[[[22.417817,65.449937],[22.410411,65.441311],[22.375662,65.430732],[22.294932,65.428168],[22.285167,65.431627],[22.286388,65.442572],[22.29477,65.452867],[22.306407,65.45539],[22.33253,65.44302],[22.37086,65.459459],[22.39088,65.45954],[22.417817,65.449937]]],[[[22.153575,65.430365],[22.142589,65.445787],[22.147309,65.468655],[22.156586,65.474351],[22.174001,65.474311],[22.210216,65.465806],[22.215343,65.460028],[22.207205,65.456122],[22.206554,65.450181],[22.227224,65.436672],[22.233165,65.423896],[22.2317,65.418118],[22.153575,65.430365]]],[[[22.610525,65.523993],[22.617198,65.517483],[22.614268,65.511908],[22.604747,65.510321],[22.567556,65.516913],[22.552989,65.530097],[22.55893,65.538275],[22.610525,65.523993]]],[[[22.193207,65.525784],[22.186778,65.537828],[22.211436,65.545111],[22.22641,65.543931],[22.303396,65.523017],[22.318614,65.523993],[22.358735,65.503974],[22.358246,65.495063],[22.332693,65.491645],[22.307791,65.506741],[22.278819,65.513251],[22.270518,65.509833],[22.274262,65.501288],[22.270518,65.496894],[22.285492,65.479193],[22.280121,65.478217],[22.218761,65.506781],[22.193207,65.525784]]],[[[22.625824,65.593411],[22.641449,65.589097],[22.637462,65.579657],[22.613943,65.571438],[22.612153,65.563788],[22.597423,65.553941],[22.575369,65.558173],[22.572032,65.557563],[22.576345,65.554185],[22.569591,65.554999],[22.539317,65.563666],[22.529145,65.576239],[22.535899,65.581366],[22.577973,65.58275],[22.625824,65.593411]]],[[[22.57016,65.594794],[22.554454,65.605373],[22.568126,65.612535],[22.595063,65.612982],[22.604503,65.600287],[22.589122,65.593736],[22.57016,65.594794]]],[[[22.976899,65.709866],[22.985118,65.700263],[22.981944,65.69359],[22.964041,65.695624],[22.960948,65.690131],[22.971934,65.66706],[22.927257,65.684516],[22.899099,65.701402],[22.882172,65.720445],[22.886241,65.737372],[22.904552,65.742743],[22.930024,65.741889],[22.956228,65.733222],[22.959727,65.725328],[22.944835,65.724555],[22.945974,65.721625],[22.976899,65.709866]]],[[[23.800792,65.749823],[23.79949,65.734809],[23.786306,65.724677],[23.784679,65.718207],[23.738292,65.696723],[23.69988,65.707465],[23.681488,65.721666],[23.681651,65.743069],[23.689626,65.74844],[23.704763,65.735989],[23.710704,65.74018],[23.713552,65.751899],[23.753673,65.741278],[23.775157,65.749579],[23.786957,65.743638],[23.792654,65.753892],[23.800792,65.749823]]],[[[22.760509,65.708482],[22.725759,65.724026],[22.735525,65.766343],[22.746837,65.770413],[22.790782,65.750312],[22.811371,65.714097],[22.805431,65.705227],[22.760509,65.708482]]]]}},{"type":"Feature","properties":{"kind":"land"},"geometry":{"type":"MultiPolygon","coordinates":[[[[24.997895,60.162665],[25.0,60.163844],[25.0,60.160813],[24.997895,60.162665]]],[[[24.99879,60.212836],[24.984548,60.199449],[24.961192,60.151557],[24.950938,60.143459],[24.865733,60.140123],[24.845225,60.143744],[24.834158,60.155829],[24.870942,60.161689],[24.868826,60.179755],[24.842459,60.194648],[24.806814,60.190619],[24.827322,60.162665],[24.772634,60.142157],[24.679698,60.130113],[24.67335,60.125434],[24.674815,60.105536],[24.670258,60.101223],[24.656423,60.100979],[24.642263,60.129096],[24.630626,60.136298],[24.554047,60.155951],[24.549001,60.152777],[24.560395,60.142157],[24.596853,60.127265],[24.587657,60.114814],[24.548025,60.099677],[24.540375,60.087551],[24.608165,60.101223],[24.594249,60.084947],[24.573985,60.07392],[24.594493,60.066474],[24.594493,60.060248],[24.527029,60.035346],[24.46811,59.996405],[24.445649,59.992255],[24.41627,59.99136],[24.464122,60.046576],[24.446137,60.047512],[24.374766,60.00495],[24.367686,60.02204],[24.312673,59.997504],[24.319102,60.014146],[24.357677,60.036038],[24.36085,60.062405],[24.367931,60.07392],[24.319672,60.075832],[24.295909,60.072211],[24.278575,60.060248],[24.292247,60.052802],[24.252452,60.03974],[24.176524,60.048041],[24.158458,60.043036],[24.15797,60.034491],[24.182953,60.025458],[24.164236,60.019436],[24.105968,60.031928],[24.068126,60.020575],[24.046397,60.025458],[24.028168,60.009345],[24.009613,60.010565],[24.002615,60.020982],[24.019216,60.032294],[24.019216,60.03974],[24.000824,60.038275],[23.955333,60.003567],[23.873057,59.993069],[23.79949,59.95661],[23.771251,59.967963],[23.607595,59.95661],[23.594493,59.961127],[23.573497,59.977688],[23.429454,59.95661],[23.483572,60.011298],[23.498302,60.019273],[23.540863,60.02912],[23.542735,60.036038],[23.534353,60.053697],[23.546153,60.07392],[23.509613,60.06745],[23.490245,60.055487],[23.47877,60.036119],[23.453787,60.027981],[23.439708,59.994452],[23.40797,59.980414],[23.365001,59.94538],[23.326427,59.923041],[23.237153,59.898017],[23.222341,59.886217],[23.222179,59.867825],[23.233165,59.851996],[23.251313,59.847968],[23.251313,59.841132],[23.080577,59.82685],[23.068126,59.820787],[23.006847,59.826158],[22.905121,59.811225],[22.888194,59.813178],[22.906016,59.819648],[22.931407,59.842841],[22.946137,59.847968],[22.986583,59.851955],[23.127452,59.886379],[23.168142,59.888902],[23.161143,59.910224],[23.165863,59.91767],[23.222423,59.916083],[23.247081,59.922431],[23.293712,59.958686],[23.326427,60.009345],[23.332856,60.029853],[23.315929,60.022406],[23.249766,59.948472],[23.223399,59.929877],[23.203624,59.929877],[23.209727,59.943549],[23.188813,59.950181],[23.168142,59.943549],[23.171235,59.936428],[23.131847,59.942939],[23.120942,59.93358],[23.117849,59.923774],[23.110688,59.923285],[23.100597,59.940416],[23.111339,59.97427],[23.128184,59.9831],[23.203624,59.997504],[23.241384,60.033108],[23.257579,60.03974],[23.205089,60.049709],[23.106212,60.039049],[23.035492,60.044582],[22.996918,60.062079],[22.990733,60.077338],[22.997244,60.089667],[23.045909,60.121649],[23.025401,60.135321],[23.004893,60.107367],[22.969493,60.094387],[22.968272,60.110826],[22.958669,60.121568],[22.907888,60.131781],[22.874685,60.149604],[22.884776,60.159857],[22.88559,60.169338],[22.867198,60.183743],[22.92156,60.231147],[23.007579,60.277004],[23.025401,60.292955],[23.045909,60.327094],[23.082856,60.345893],[23.080577,60.355048],[23.060313,60.357327],[23.03419,60.34394],[23.01059,60.323961],[22.998057,60.306627],[22.941173,60.316474],[22.877126,60.301093],[22.736176,60.238186],[22.611176,60.219957],[22.553396,60.205024],[22.525076,60.20425],[22.539806,60.213568],[22.593435,60.232164],[22.573497,60.234931],[22.572032,60.242662],[22.590343,60.262274],[22.648123,60.278713],[22.574555,60.270819],[22.503591,60.247056],[22.449474,60.245185],[22.457774,60.252387],[22.459158,60.26496],[22.469412,60.276923],[22.540294,60.318996],[22.545665,60.33393],[22.596365,60.363674],[22.627615,60.375393],[22.631358,60.389553],[22.624278,60.399075],[22.580821,60.375922],[22.543468,60.372545],[22.463064,60.375556],[22.483572,60.402167],[22.326182,60.382392],[22.291515,60.382636],[22.249522,60.404608],[22.181488,60.430487],[22.11671,60.436957],[22.108165,60.456855],[22.101085,60.462144],[22.064464,60.436347],[22.047048,60.438788],[22.018077,60.457465],[22.018077,60.471137],[22.00172,60.47012],[21.981944,60.476752],[21.979177,60.48078],[21.983897,60.492255],[21.935395,60.492255],[21.950369,60.518948],[21.903168,60.528876],[21.853526,60.525784],[21.843923,60.51553],[21.848481,60.50373],[21.874034,60.477973],[21.806,60.485989],[21.78533,60.477973],[21.802989,60.525133],[21.807872,60.575588],[21.819591,60.585028],[21.846039,60.587836],[21.833263,60.596503],[21.828461,60.606391],[21.840505,60.62873],[21.773936,60.603949],[21.731781,60.581732],[21.678966,60.576483],[21.661794,60.567328],[21.660167,60.559068],[21.668956,60.545233],[21.65561,60.525946],[21.654307,60.508979],[21.641449,60.495754],[21.612071,60.488837],[21.579845,60.48786],[21.558116,60.492255],[21.583751,60.505032],[21.569672,60.526435],[21.517751,60.567328],[21.578624,60.559882],[21.578624,60.567328],[21.555024,60.57217],[21.486095,60.574164],[21.442638,60.567328],[21.408539,60.58039],[21.408539,60.587836],[21.428396,60.594062],[21.414806,60.608303],[21.462657,60.601752],[21.469981,60.608303],[21.399913,60.634101],[21.379649,60.64704],[21.353282,60.676581],[21.353282,60.690172],[21.438975,60.680325],[21.445649,60.692857],[21.42213,60.725002],[21.469981,60.725002],[21.469981,60.731147],[21.427094,60.736518],[21.38738,60.752346],[21.42213,60.759101],[21.400238,60.774563],[21.374278,60.779608],[21.38087,60.793402],[21.374278,60.807603],[21.36085,60.81623],[21.346446,60.813137],[21.328868,60.827541],[21.325938,60.834866],[21.336436,60.844713],[21.318533,60.864691],[21.33253,60.868354],[21.407888,60.864569],[21.428396,60.8758],[21.405935,60.882025],[21.38087,60.882025],[21.353282,60.902533],[21.390798,60.916815],[21.416189,60.903225],[21.428396,60.902533],[21.412771,60.933498],[21.392589,60.939032],[21.380544,60.957709],[21.335704,61.004584],[21.318533,61.012356],[21.339041,61.026597],[21.311534,61.037543],[21.302094,61.046047],[21.298676,61.060126],[21.320323,61.060207],[21.38738,61.040269],[21.408865,61.04328],[21.407725,61.050727],[21.391368,61.057929],[21.366954,61.060126],[21.395274,61.069403],[21.453868,61.054999],[21.48227,61.060126],[21.454845,61.078192],[21.45045,61.090766],[21.463145,61.101142],[21.446056,61.135159],[21.435232,61.142727],[21.469981,61.149563],[21.442638,61.155748],[21.456309,61.169989],[21.442638,61.169989],[21.471039,61.178168],[21.503429,61.177436],[21.496593,61.191107],[21.558116,61.204169],[21.543468,61.225084],[21.524099,61.234605],[21.476085,61.245754],[21.485606,61.256171],[21.508311,61.266832],[21.503429,61.279853],[21.544444,61.279853],[21.544444,61.320868],[21.530772,61.334459],[21.531749,61.349677],[21.524262,61.375312],[21.503429,61.389106],[21.448904,61.402777],[21.477875,61.411566],[21.541677,61.408393],[21.572439,61.416409],[21.542247,61.442125],[21.510265,61.457994],[21.442068,61.475043],[21.42213,61.485338],[21.555675,61.475165],[21.592133,61.485338],[21.565603,61.519477],[21.510265,61.519477],[21.469981,61.54682],[21.460134,61.562405],[21.48227,61.567857],[21.507986,61.570136],[21.623383,61.545885],[21.68686,61.524482],[21.716319,61.519477],[21.716319,61.526923],[21.648123,61.560289],[21.614268,61.585435],[21.591807,61.628119],[21.537608,61.649848],[21.536143,61.658026],[21.544119,61.672838],[21.517751,61.705064],[21.517751,61.711249],[21.570323,61.695014],[21.585948,61.697659],[21.559337,61.713324],[21.489268,61.736965],[21.469981,61.759711],[21.489024,61.79914],[21.486095,61.811184],[21.444591,61.826321],[21.448904,61.84162],[21.403168,61.87641],[21.394216,61.88939],[21.411957,61.900092],[21.414073,61.906887],[21.393565,61.913235],[21.380544,61.937812],[21.312511,61.939846],[21.277517,61.951483],[21.294932,61.97134],[21.280528,61.97956],[21.236583,61.985012],[21.276215,62.050198],[21.284353,62.074937],[21.289073,62.121568],[21.296397,62.130439],[21.312266,62.109117],[21.329112,62.138129],[21.33253,62.152574],[21.325938,62.163764],[21.340343,62.175727],[21.383962,62.194485],[21.389903,62.208157],[21.38087,62.217841],[21.353282,62.232001],[21.374278,62.266791],[21.352306,62.266018],[21.329356,62.241441],[21.312266,62.232001],[21.332774,62.294094],[21.333507,62.340562],[21.339041,62.355536],[21.28533,62.345282],[21.270681,62.349311],[21.262462,62.359198],[21.260427,62.371975],[21.26531,62.385199],[21.277517,62.39647],[21.270681,62.410793],[21.205089,62.359687],[21.202403,62.349189],[21.216075,62.335028],[21.194347,62.337063],[21.189789,62.352444],[21.202403,62.390326],[21.181326,62.39647],[21.202403,62.417629],[21.186046,62.42357],[21.166759,62.421332],[21.133556,62.403957],[21.131358,62.416693],[21.154552,62.464789],[21.124278,62.45482],[21.116384,62.46015],[21.115571,62.495795],[21.124278,62.509996],[21.154552,62.527493],[21.12672,62.554145],[21.188162,62.584866],[21.209239,62.582099],[21.193533,62.600898],[21.121593,62.609442],[21.106212,62.623033],[21.083263,62.612698],[21.065196,62.595771],[21.067882,62.620103],[21.083181,62.659247],[21.078949,62.67829],[21.125743,62.690172],[21.149669,62.703803],[21.160818,62.719306],[21.160167,62.73017],[21.140391,62.732896],[21.116466,62.749661],[21.107921,62.767035],[21.113536,62.781195],[21.12908,62.790839],[21.15089,62.794379],[21.18336,62.782375],[21.216075,62.814846],[21.226736,62.858466],[21.243419,62.869452],[21.267426,62.869045],[21.335704,62.855455],[21.3567,62.859524],[21.390798,62.880316],[21.42213,62.941799],[21.463145,62.951402],[21.446544,62.987006],[21.440766,63.037787],[21.444102,63.04092],[21.456309,63.047553],[21.480479,63.043036],[21.48227,63.058173],[21.495128,63.071723],[21.523448,63.063951],[21.565196,63.040758],[21.625743,63.023871],[21.656749,63.01789],[21.688487,63.027086],[21.645681,63.055243],[21.559581,63.09512],[21.553233,63.108588],[21.572439,63.123358],[21.545909,63.117906],[21.520844,63.126776],[21.516124,63.155463],[21.503429,63.157457],[21.510509,63.168402],[21.551931,63.171129],[21.551931,63.177924],[21.512869,63.185004],[21.500987,63.19245],[21.496593,63.20897],[21.504893,63.217434],[21.558116,63.232611],[21.615408,63.203925],[21.647227,63.197659],[21.667979,63.21955],[21.714692,63.202338],[21.742361,63.199652],[21.764171,63.205878],[21.702647,63.21955],[21.702647,63.225775],[21.743663,63.239407],[21.79835,63.239407],[21.869884,63.259426],[21.894542,63.260484],[21.88266,63.235907],[21.891449,63.196601],[21.88087,63.177924],[21.905528,63.175442],[21.983897,63.143215],[21.955903,63.18476],[21.994395,63.196438],[22.02475,63.239407],[22.043142,63.245592],[22.072032,63.225775],[22.087576,63.225775],[22.127208,63.239407],[22.15919,63.231757],[22.175059,63.232611],[22.180186,63.2355],[22.181895,63.246812],[22.202973,63.239407],[22.24464,63.267076],[22.278087,63.301459],[22.284923,63.301459],[22.307628,63.275865],[22.330089,63.28384],[22.373709,63.321357],[22.333832,63.359687],[22.305349,63.372707],[22.250499,63.411322],[22.218272,63.414374],[22.195567,63.43122],[22.190929,63.458441],[22.21339,63.470893],[22.246755,63.469631],[22.304942,63.435858],[22.366954,63.42829],[22.401622,63.418158],[22.318207,63.460517],[22.279959,63.487616],[22.271251,63.513739],[22.281423,63.52619],[22.292247,63.529731],[22.337413,63.523342],[22.331228,63.502346],[22.333344,63.493232],[22.380219,63.485419],[22.396821,63.476955],[22.394786,63.452338],[22.435802,63.472805],[22.428396,63.488756],[22.431488,63.497382],[22.463064,63.554755],[22.493175,63.573472],[22.497244,63.585761],[22.545665,63.575181],[22.537771,63.587714],[22.497244,63.622992],[22.531993,63.64411],[22.525076,63.657701],[22.567393,63.653144],[22.585704,63.65705],[22.593435,63.674506],[22.589041,63.703315],[22.613292,63.699286],[22.637055,63.683092],[22.644867,63.698554],[22.654063,63.703762],[22.675304,63.702379],[22.702322,63.683417],[22.707042,63.671332],[22.702647,63.657701],[22.73406,63.62759],[22.740489,63.622992],[22.773448,63.627509],[22.810232,63.643744],[22.829275,63.646226],[22.833507,63.667304],[22.840343,63.677639],[22.855479,63.687161],[22.886974,63.695217],[22.901866,63.705512],[22.833018,63.72602],[22.901866,63.72602],[22.874685,63.746527],[22.900401,63.740058],[22.925792,63.743394],[22.92921,63.76435],[22.907725,63.772406],[22.898774,63.783271],[22.902517,63.794867],[22.922374,63.801703],[22.942882,63.800482],[22.954845,63.79328],[22.973155,63.770982],[22.990001,63.761298],[23.000662,63.763617],[23.001801,63.773749],[22.990733,63.787502],[22.99464,63.800727],[22.990733,63.815375],[23.047618,63.841295],[23.062836,63.852973],[23.074962,63.857367],[23.121349,63.849555],[23.132579,63.852484],[23.153494,63.863471],[23.141612,63.869452],[23.141856,63.875963],[23.167328,63.886949],[23.197927,63.890611],[23.275238,63.888902],[23.306488,63.894232],[23.326427,63.910956],[23.350759,63.89883],[23.372813,63.900621],[23.394216,63.911078],[23.415782,63.924628],[23.37086,63.946519],[23.37086,63.956],[23.378754,63.96894],[23.367442,63.99726],[23.381602,64.048163],[23.396495,64.056138],[23.415212,64.05622],[23.449962,64.048163],[23.477306,64.035102],[23.506602,64.041653],[23.538341,64.031887],[23.604503,64.027655],[23.619802,64.038031],[23.605968,64.061103],[23.566091,64.096584],[23.573578,64.107245],[23.614431,64.10342],[23.656016,64.130072],[23.66033,64.143297],[23.723643,64.178534],[23.716807,64.178534],[23.724376,64.20893],[23.735688,64.216213],[23.772716,64.20893],[23.819102,64.220649],[23.833507,64.226874],[23.861095,64.26789],[23.881602,64.266099],[23.94337,64.246772],[23.927582,64.271186],[23.925141,64.285468],[23.929047,64.301418],[23.940929,64.316555],[23.971202,64.33515],[23.984223,64.349799],[23.996104,64.379869],[24.004405,64.389106],[24.025401,64.39765],[24.068614,64.405585],[24.084727,64.41474],[24.080577,64.431708],[24.104828,64.43122],[24.125011,64.442328],[24.169281,64.452216],[24.20574,64.452216],[24.210785,64.456],[24.21225,64.481024],[24.217784,64.487006],[24.257579,64.485989],[24.268891,64.490058],[24.285981,64.51496],[24.344086,64.530748],[24.361095,64.548407],[24.354991,64.572414],[24.373871,64.579535],[24.374522,64.587795],[24.367931,64.596869],[24.375499,64.617255],[24.408865,64.651435],[24.422862,64.675605],[24.441173,64.681098],[24.470958,64.699286],[24.530284,64.717841],[24.546072,64.733385],[24.5324,64.747707],[24.5324,64.753852],[24.543712,64.764716],[24.587657,64.781195],[24.538422,64.805325],[24.57838,64.807929],[24.668305,64.78913],[24.676524,64.794867],[24.676768,64.799547],[24.662771,64.812567],[24.670665,64.829739],[24.689626,64.834703],[24.7317,64.835842],[24.736339,64.855373],[24.773123,64.86579],[24.896983,64.873114],[25.0,64.898157],[24.99879,60.212836]]],[[[25.0,65.626587],[24.937185,65.624091],[24.895518,65.651353],[24.819509,65.662177],[24.780284,65.659735],[24.745291,65.651353],[24.706798,65.633287],[24.687022,65.631537],[24.675792,65.635443],[24.671072,65.644965],[24.667735,65.690863],[24.596528,65.709174],[24.554861,65.745103],[24.550466,65.763495],[24.560395,65.78913],[24.575369,65.808173],[24.653656,65.885565],[24.697602,65.894477],[24.70753,65.899237],[24.710623,65.912095],[24.694591,65.903998],[24.617931,65.889228],[24.614513,65.866156],[24.587169,65.854315],[24.54363,65.808987],[24.518809,65.796047],[24.452973,65.796942],[24.430512,65.78913],[24.422862,65.776597],[24.404796,65.769232],[24.357107,65.779202],[24.316661,65.802232],[24.238292,65.822699],[24.248302,65.809027],[24.251231,65.794135],[24.244314,65.781562],[24.22462,65.774888],[24.206228,65.778754],[24.188243,65.790229],[24.163097,65.815863],[24.163414,65.840788],[24.12445,65.8689],[24.102332,65.908588],[24.05479,65.947914],[24.055306,65.985172],[24.01965,66.048941],[23.974588,66.072816],[23.911439,66.148625],[23.889322,66.161105],[23.785555,66.176685],[23.750002,66.189656],[23.724164,66.206632],[23.689437,66.25699],[23.662772,66.316522],[23.676415,66.350008],[23.677035,66.363625],[23.665873,66.40556],[23.646649,66.42406],[23.642308,66.436256],[23.652437,66.458839],[23.676828,66.474006],[23.731089,66.487157],[23.731089,66.503125],[23.785866,66.518422],[23.806123,66.528137],[23.807673,66.539247],[23.88188,66.563535],[23.891492,66.578883],[23.893249,66.59604],[23.88188,66.6318],[23.899037,66.666371],[23.903171,66.686318],[23.902964,66.706885],[23.892422,66.750914],[23.924772,66.77298],[23.939241,66.791118],[23.984406,66.792978],[23.999186,66.796286],[24.004043,66.8052],[23.960842,66.861889],[23.93335,66.888761],[23.873612,66.92465],[23.816665,66.9755],[23.792067,66.988935],[23.743801,67.001028],[23.72034,67.016867],[23.676725,67.058492],[23.666596,67.097921],[23.58133,67.153137],[23.573992,67.173033],[23.597557,67.190267],[23.61492,67.213986],[23.59673,67.217965],[23.591459,67.225019],[23.602724,67.260263],[23.622258,67.269022],[23.735429,67.289692],[23.763231,67.306487],[23.785659,67.337519],[23.751449,67.346226],[23.751346,67.369532],[23.763231,67.397541],[23.765195,67.420072],[23.752586,67.427307],[23.662669,67.436221],[23.594559,67.45361],[23.477151,67.443817],[23.443664,67.461025],[23.431262,67.48552],[23.443457,67.504718],[23.484695,67.542958],[23.47343,67.554999],[23.553528,67.587038],[23.550324,67.610913],[23.542573,67.626674],[23.518802,67.652823],[23.499475,67.708995],[23.484592,67.737159],[23.484695,67.796225],[23.476737,67.841338],[23.481285,67.864644],[23.498855,67.882163],[23.532548,67.89317],[23.603344,67.902988],[23.636107,67.913478],[23.661222,67.932857],[23.662152,67.950427],[23.643135,67.963191],[23.573682,67.97332],[23.484695,68.015901],[23.382996,68.051248],[23.330906,68.127781],[23.306515,68.145609],[23.272098,68.144989],[23.187246,68.122251],[23.165645,68.122045],[23.151692,68.130261],[23.149419,68.139408],[23.159754,68.178734],[23.158514,68.186692],[23.149419,68.19403],[23.155206,68.217439],[23.140013,68.234182],[23.081619,68.265292],[23.066943,68.290251],[23.052164,68.29821],[22.903749,68.336605],[22.87512,68.351075],[22.833366,68.384768],[22.808251,68.394896],[22.748616,68.385491],[22.662213,68.427401],[22.607643,68.42492],[22.565165,68.436289],[22.521343,68.438201],[22.456851,68.451792],[22.377993,68.454117],[22.371068,68.46838],[22.303062,68.476131],[22.072172,68.47701],[22.038375,68.488275],[22.036102,68.506517],[21.919209,68.568219],[21.737102,68.587908],[21.716845,68.619224],[21.661551,68.633538],[21.572461,68.667386],[21.495669,68.675499],[21.46363,68.686868],[21.421255,68.727486],[21.406373,68.74888],[21.385909,68.753841],[21.305397,68.755804],[21.293718,68.768207],[21.216617,68.817248],[21.072129,68.869441],[20.905731,68.894607],[20.884544,68.9067],[20.887644,68.92706],[20.917824,68.932951],[20.934257,68.949023],[20.934567,68.966954],[20.911209,68.9807],[20.863977,68.986281],[20.79535,69.011241],[20.675461,69.018166],[20.623165,69.036356],[20.716595,69.098781],[20.744397,69.104362],[21.032545,69.041007],[21.071509,69.036666],[21.099001,69.043797],[21.156362,69.087619],[21.033579,69.181205],[21.079674,69.230142],[21.098381,69.239496],[21.313562,69.291431],[21.638813,69.27138],[21.662894,69.263215],[22.023079,69.012016],[22.160745,68.956102],[22.200226,68.908457],[22.277224,68.857452],[22.356805,68.832751],[22.371378,68.822622],[22.3967,68.731826],[22.409205,68.712913],[22.428739,68.710071],[22.570126,68.726814],[22.851659,68.675706],[23.019297,68.686713],[23.071491,68.680874],[23.097949,68.670125],[23.17536,68.621652],[23.197581,68.618035],[23.481595,68.685628],[23.641585,68.694981],[23.734809,68.715445],[23.767985,68.755959],[23.787209,68.799781],[23.852631,68.816679],[23.929009,68.816214],[24.131167,68.776165],[24.186875,68.744539],[24.332499,68.708624],[24.663435,68.666094],[24.754179,68.637879],[24.829626,68.594109],[24.860942,68.563413],[24.879235,68.554835],[24.905177,68.556953],[24.927088,68.570389],[24.951789,68.605064],[24.981245,68.615089],[25.0,68.614711],[25.0,65.626587]]],[[[22.401866,60.075751],[22.411794,60.085191],[22.430431,60.081855],[22.449474,60.066474],[22.449718,60.029527],[22.442638,59.997504],[22.435802,59.997504],[22.425629,60.006903],[22.409516,60.009345],[22.394542,60.005032],[22.382823,59.99258],[22.353201,60.032294],[22.348888,60.063218],[22.354828,60.075629],[22.370616,60.080756],[22.38266,60.07453],[22.387218,60.051663],[22.408376,60.052802],[22.401866,60.075751]]],[[[21.529796,60.15941],[21.571056,60.170356],[21.614513,60.168891],[21.654307,60.155829],[21.647472,60.145087],[21.613292,60.129096],[21.630219,60.128485],[21.636974,60.123684],[21.626313,60.107367],[21.613129,60.102118],[21.572032,60.107367],[21.514415,60.097357],[21.48227,60.114814],[21.518565,60.12287],[21.558116,60.121649],[21.549001,60.13345],[21.533051,60.13703],[21.496593,60.135321],[21.529796,60.15941]]],[[[21.743663,60.190619],[21.853526,60.196763],[21.887706,60.183743],[21.887706,60.176337],[21.865733,60.176418],[21.846039,60.170111],[21.867849,60.155829],[21.791515,60.155829],[21.826182,60.149604],[21.79656,60.141384],[21.805675,60.135321],[21.783214,60.123236],[21.752126,60.11518],[21.720225,60.113715],[21.695811,60.121649],[21.706879,60.129584],[21.702647,60.142157],[21.722504,60.149604],[21.722504,60.155829],[21.705089,60.160712],[21.708181,60.17178],[21.723481,60.18358],[21.743663,60.190619]]],[[[21.368907,60.196601],[21.394379,60.190863],[21.448904,60.190619],[21.448904,60.183743],[21.409353,60.184516],[21.394216,60.178656],[21.38738,60.162665],[21.380544,60.162665],[21.372244,60.170356],[21.357107,60.174465],[21.325694,60.176337],[21.289724,60.190863],[21.270681,60.190619],[21.285167,60.203843],[21.306407,60.209703],[21.353282,60.211086],[21.368907,60.196601]]],[[[22.072032,60.196763],[22.011241,60.170111],[22.037852,60.155829],[22.009288,60.137274],[21.977712,60.135484],[21.950694,60.149075],[21.935395,60.176337],[21.997569,60.190619],[22.041759,60.211412],[22.05893,60.211086],[22.072032,60.196763]]],[[[22.222423,60.223863],[22.24586,60.243069],[22.271658,60.252997],[22.291759,60.245185],[22.296886,60.221259],[22.269298,60.195868],[22.23227,60.184963],[22.209239,60.20425],[22.222423,60.223863]]],[[[22.843516,60.241767],[22.890961,60.285549],[22.920746,60.296698],[22.956391,60.292955],[22.949474,60.270453],[22.884532,60.235297],[22.866873,60.207465],[22.839854,60.201117],[22.833507,60.193061],[22.840343,60.170111],[22.819347,60.162665],[22.840343,60.155829],[22.833018,60.142157],[22.846853,60.111029],[22.813162,60.082099],[22.730479,60.046576],[22.730479,60.03974],[22.757986,60.032294],[22.729828,60.00495],[22.705414,60.006903],[22.68214,59.997504],[22.654959,60.032294],[22.646251,60.021918],[22.608409,60.000149],[22.606456,59.984524],[22.600271,59.984524],[22.598969,60.008043],[22.591482,60.010932],[22.579112,60.00495],[22.57488,60.017035],[22.58961,60.032782],[22.593435,60.046576],[22.529959,60.008246],[22.4699,59.997504],[22.469574,60.023668],[22.477306,60.046576],[22.471446,60.058987],[22.476329,60.082221],[22.473643,60.090969],[22.434825,60.105129],[22.42213,60.114814],[22.480479,60.13231],[22.600271,60.135321],[22.600271,60.142157],[22.415212,60.149604],[22.43393,60.199408],[22.44809,60.221381],[22.477306,60.224677],[22.45102,60.188544],[22.466482,60.183743],[22.56658,60.193305],[22.620616,60.211086],[22.814952,60.226996],[22.843516,60.241767]]],[[[22.106781,60.313463],[22.249766,60.311469],[22.3213,60.297065],[22.33961,60.2862],[22.331798,60.269436],[22.312836,60.265692],[22.289806,60.273139],[22.260997,60.258857],[22.215505,60.253119],[22.200857,60.25434],[22.216645,60.265692],[22.203949,60.276313],[22.181163,60.281317],[22.14088,60.278713],[22.181895,60.278713],[22.163341,60.259223],[22.10963,60.271308],[22.080089,60.269477],[22.076671,60.283515],[22.083832,60.301459],[22.106781,60.313463]]],[[[22.38795,60.32095],[22.350597,60.313666],[22.312836,60.32095],[22.329356,60.337348],[22.350271,60.347846],[22.398204,60.355048],[22.401866,60.353095],[22.401622,60.341376],[22.428966,60.33393],[22.469005,60.331529],[22.477306,60.32095],[22.425304,60.299058],[22.394786,60.293158],[22.367442,60.292955],[22.38795,60.32095]]],[[[21.979666,60.328599],[21.921723,60.33393],[21.901378,60.327094],[21.901378,60.341376],[21.868419,60.353949],[21.814464,60.364244],[21.794119,60.373969],[21.78533,60.385443],[21.792247,60.396959],[21.808849,60.405219],[21.846039,60.409654],[21.846039,60.41649],[21.79835,60.443793],[21.808116,60.466702],[21.817882,60.471991],[21.832367,60.471137],[21.892345,60.449205],[21.904633,60.431627],[21.931977,60.423326],[21.950369,60.402167],[21.950369,60.395982],[21.906993,60.40176],[21.894542,60.395982],[21.950369,60.375556],[21.942231,60.368109],[21.988617,60.365912],[21.997569,60.355048],[21.96339,60.347602],[21.997569,60.341376],[21.997569,60.33393],[21.979666,60.328599]]],[[[21.715099,60.470893],[21.687999,60.455308],[21.681651,60.464911],[21.690929,60.484076],[21.714203,60.508612],[21.741873,60.526435],[21.764171,60.525784],[21.760509,60.51203],[21.715099,60.470893]]],[[[21.32488,60.482082],[21.265961,60.490058],[21.250255,60.49844],[21.26059,60.519721],[21.238455,60.541938],[21.229177,60.559882],[21.250255,60.559882],[21.278494,60.542304],[21.304942,60.518948],[21.32488,60.482082]]],[[[21.410981,60.542914],[21.461925,60.539374],[21.48227,60.525784],[21.463145,60.525784],[21.456309,60.506781],[21.463145,60.492255],[21.433604,60.489081],[21.430675,60.481147],[21.442638,60.471137],[21.392263,60.489976],[21.371267,60.508368],[21.360118,60.533189],[21.336111,60.519436],[21.328624,60.525336],[21.325938,60.543158],[21.333832,60.557359],[21.35255,60.561835],[21.394216,60.559882],[21.410981,60.542914]]],[[[21.281016,60.566352],[21.264415,60.587836],[21.233165,60.593899],[21.213878,60.61636],[21.219086,60.622626],[21.243419,60.62873],[21.259288,60.647528],[21.270681,60.643052],[21.274913,60.626776],[21.291189,60.615139],[21.278331,60.586127],[21.281505,60.575629],[21.298676,60.574164],[21.298676,60.567328],[21.281016,60.566352]]],[[[21.2317,60.882025],[21.202403,60.889472],[21.227794,60.899726],[21.276622,60.889106],[21.298676,60.895697],[21.291189,60.90998],[21.312266,60.923],[21.283214,60.942816],[21.264822,60.949612],[21.243419,60.950873],[21.27003,60.967963],[21.304942,60.971381],[21.337087,60.946723],[21.374278,60.930406],[21.327891,60.910142],[21.325938,60.889472],[21.318126,60.880194],[21.2317,60.882025]]],[[[21.415212,63.233466],[21.414806,63.220445],[21.428396,63.198432],[21.377452,63.190131],[21.363943,63.193671],[21.380544,63.205878],[21.362804,63.206244],[21.291189,63.177924],[21.291189,63.171129],[21.318533,63.164944],[21.301524,63.156155],[21.243419,63.150702],[21.207367,63.183336],[21.188813,63.191596],[21.161632,63.181952],[21.147227,63.182196],[21.133556,63.198432],[21.154552,63.198432],[21.154552,63.205878],[21.102794,63.235989],[21.078949,63.287787],[21.120291,63.271959],[21.243419,63.280992],[21.243419,63.274807],[21.21518,63.263861],[21.195079,63.239407],[21.199474,63.230292],[21.195079,63.225775],[21.209483,63.221381],[21.264415,63.21955],[21.286794,63.211371],[21.297862,63.223049],[21.291189,63.239407],[21.315766,63.251939],[21.355968,63.260728],[21.396332,63.260688],[21.42213,63.246812],[21.415212,63.233466]]],[[[21.315278,63.304023],[21.277517,63.301459],[21.229177,63.328803],[21.345958,63.363756],[21.374278,63.34927],[21.373871,63.333401],[21.358246,63.31566],[21.318533,63.287787],[21.315278,63.304023]]],[[[25.0,65.055498],[25.0,65.034687],[24.962218,65.034779],[24.877376,65.045255],[24.819657,65.04328],[24.801552,65.024266],[24.722367,65.003467],[24.750775,64.975966],[24.812388,64.979194],[24.827322,64.972968],[24.816091,64.968085],[24.780121,64.966783],[24.752126,64.953111],[24.734711,64.950914],[24.713145,64.951728],[24.700694,64.958157],[24.710623,64.972968],[24.68393,64.996568],[24.658376,64.971991],[24.631602,64.967841],[24.579009,65.009536],[24.562755,65.037177],[24.65419,65.080221],[24.740888,65.083272],[24.834506,65.0948],[24.883096,65.086904],[24.896983,65.072415],[24.873013,65.065834],[24.882842,65.059139],[25.0,65.055498]]],[[[23.923513,59.969306],[23.920421,59.959418],[23.886078,59.947984],[23.870779,59.946723],[23.847423,59.954657],[23.870291,59.972805],[23.892263,59.976508],[23.923513,59.969306]]],[[[22.88738,60.067776],[22.926606,60.065375],[22.91684,60.049221],[22.906586,60.038398],[22.893403,60.033149],[22.880056,60.011054],[22.872244,60.006049],[22.859548,60.01142],[22.851085,60.027899],[22.855724,60.041327],[22.883311,60.043118],[22.8838,60.048082],[22.855154,60.055569],[22.863292,60.062567],[22.88738,60.067776]]],[[[22.950043,60.118638],[22.963145,60.096869],[22.957286,60.088853],[22.946788,60.084703],[22.93686,60.083889],[22.927908,60.089911],[22.898936,60.081],[22.84547,60.082221],[22.873302,60.109849],[22.917003,60.125067],[22.937673,60.124335],[22.950043,60.118638]]],[[[21.977224,60.130764],[22.01238,60.122748],[22.007335,60.115465],[21.987641,60.112047],[21.943858,60.113471],[21.929942,60.124579],[21.93572,60.131293],[21.962087,60.137885],[21.977224,60.130764]]],[[[22.375011,60.204047],[22.38559,60.195258],[22.367931,60.177395],[22.319998,60.164049],[22.319102,60.160102],[22.336925,60.148505],[22.288341,60.149848],[22.292166,60.152045],[22.290782,60.164618],[22.304535,60.188788],[22.375011,60.204047]]],[[[21.995779,60.287299],[21.972911,60.285346],[22.008311,60.297309],[21.995779,60.287299]]],[[[21.944591,60.277086],[21.909679,60.280097],[21.896007,60.2897],[21.884939,60.289496],[21.875336,60.304877],[21.879731,60.310533],[21.925466,60.312649],[21.973806,60.309312],[21.975352,60.302558],[21.956879,60.281399],[21.944591,60.277086]]],[[[22.289561,60.357978],[22.191091,60.341742],[22.170177,60.344184],[22.157237,60.351874],[22.157074,60.358303],[22.284923,60.374986],[22.299653,60.36758],[22.289561,60.357978]]],[[[22.20753,60.375556],[22.112478,60.352932],[22.104259,60.354153],[22.122081,60.371649],[22.137869,60.379096],[22.206228,60.382554],[22.20753,60.375556]]],[[[21.352306,60.370429],[21.355317,60.351793],[21.33839,60.353095],[21.331065,60.36518],[21.303884,60.364244],[21.294444,60.37051],[21.307791,60.389594],[21.319835,60.391506],[21.338064,60.383368],[21.352306,60.370429]]],[[[22.033458,63.322089],[22.060802,63.302151],[22.046641,63.282172],[22.013845,63.277737],[22.007091,63.281073],[22.004568,63.291164],[21.997813,63.289008],[21.989919,63.277574],[21.978282,63.280015],[21.974376,63.286811],[21.977712,63.298651],[21.989024,63.31037],[22.002289,63.313422],[22.029959,63.308417],[22.007579,63.324897],[22.033458,63.322089]]],[[[22.136485,63.250556],[22.079356,63.266303],[22.083181,63.270453],[22.067068,63.278998],[22.068696,63.283881],[22.083344,63.288031],[22.088878,63.294623],[22.069184,63.318549],[22.110199,63.328925],[22.132091,63.325914],[22.158214,63.311021],[22.169688,63.319159],[22.195649,63.30976],[22.208018,63.317939],[22.22169,63.338568],[22.231293,63.338813],[22.238943,63.313788],[22.246267,63.307074],[22.222667,63.279975],[22.208669,63.273261],[22.187266,63.273505],[22.156505,63.28856],[22.114431,63.284166],[22.158539,63.274075],[22.163097,63.263332],[22.157237,63.256537],[22.136485,63.250556]]],[[[21.948985,63.333808],[21.947276,63.337958],[21.956228,63.349311],[21.99643,63.384711],[22.030284,63.383368],[22.059825,63.388373],[22.096039,63.38349],[22.079438,63.376858],[22.085134,63.367011],[22.076182,63.360053],[22.059337,63.357856],[22.026866,63.366156],[22.012706,63.363715],[21.984141,63.341132],[21.966075,63.333157],[21.948985,63.333808]]],[[[22.800304,63.776068],[22.828868,63.776313],[22.821137,63.77147],[22.802094,63.738186],[22.782074,63.744818],[22.777192,63.741767],[22.780447,63.73432],[22.776052,63.728176],[22.739594,63.720526],[22.702891,63.736396],[22.681488,63.763414],[22.737315,63.78559],[22.763845,63.791449],[22.781749,63.790432],[22.800304,63.776068]]],[[[22.457042,59.872992],[22.512869,59.873725],[22.505056,59.86872],[22.443696,59.851467],[22.416026,59.852932],[22.413829,59.861233],[22.457042,59.872992]]],[[[21.597423,60.257025],[21.62672,60.25259],[21.601736,60.222561],[21.577891,60.221625],[21.563487,60.226223],[21.562266,60.239936],[21.571056,60.255927],[21.586925,60.269355],[21.604666,60.268785],[21.606781,60.260688],[21.597423,60.257025]]],[[[21.267345,60.85106],[21.263194,60.830268],[21.205333,60.843248],[21.18629,60.856513],[21.206554,60.863186],[21.221528,60.858954],[21.226573,60.847113],[21.267345,60.85106]]],[[[21.429373,61.173],[21.388845,61.180976],[21.352387,61.176011],[21.34669,61.177558],[21.349783,61.178046],[21.342947,61.190619],[21.363129,61.208564],[21.380056,61.214016],[21.391368,61.209621],[21.385753,61.200995],[21.389171,61.192206],[21.429373,61.173]]],[[[21.523936,61.633124],[21.526134,61.629096],[21.507823,61.618069],[21.478363,61.620836],[21.459972,61.62934],[21.470958,61.630316],[21.484548,61.640448],[21.523936,61.633124]]],[[[21.191417,62.953925],[21.168142,62.94599],[21.146658,62.953274],[21.136485,62.967231],[21.150564,62.963568],[21.159353,62.975409],[21.140391,62.984565],[21.130382,63.0008],[21.151622,63.010321],[21.159841,63.00434],[21.184744,62.999416],[21.207367,62.986151],[21.215994,62.975165],[21.221934,62.951361],[21.208507,62.946234],[21.191417,62.953925]]]]}},{"type":"Feature","properties":{"kind":"land"},"geometry":{"type":"MultiPolygon","coordinates":[[[[10.0,57.594957],[10.107677,57.592963],[10.197602,57.601223],[10.279552,57.620917],[10.350597,57.648993],[10.472504,57.716986],[10.539073,57.743842],[10.596039,57.751166],[10.625011,57.747504],[10.648936,57.737006],[10.594412,57.725898],[10.542491,57.69892],[10.46046,57.630561],[10.430431,57.570543],[10.458344,57.525458],[10.508962,57.484036],[10.54656,57.435289],[10.517426,57.391303],[10.517914,57.339179],[10.539073,57.236721],[10.521983,57.221747],[10.470876,57.201158],[10.446788,57.184882],[10.411469,57.144436],[10.395518,57.117255],[10.384044,57.074205],[10.359223,57.026109],[10.338715,57.003241],[10.319672,56.997504],[10.272472,56.99787],[10.239757,56.992825],[10.156016,57.02383],[10.094005,57.060492],[10.052745,57.069729],[10.019379,57.088446],[10.0,57.091793],[10.0,57.594957]]],[[[10.001964,57.083889],[10.022634,57.079088],[10.121267,57.022121],[10.153982,57.013251],[10.192393,56.994045],[10.214366,56.989691],[10.295095,56.988593],[10.313731,56.982856],[10.279552,56.955512],[10.26588,56.907701],[10.273123,56.891343],[10.295421,56.778876],[10.319998,56.736477],[10.338227,56.723944],[10.340587,56.717353],[10.318696,56.708238],[10.282563,56.715969],[10.237559,56.715969],[10.203868,56.702338],[10.168142,56.720038],[10.146495,56.722357],[10.0,56.678768],[10.001964,57.083889]]],[[[10.001475,56.661322],[10.049571,56.674994],[10.055431,56.68651],[10.062836,56.688666],[10.090587,56.68122],[10.113617,56.686713],[10.12379,56.692328],[10.134776,56.712388],[10.150564,56.714423],[10.18336,56.708564],[10.175792,56.695461],[10.241954,56.688381],[10.283539,56.689765],[10.334239,56.703843],[10.352794,56.68183],[10.357677,56.648749],[10.340343,56.620347],[10.27296,56.591702],[10.214366,56.558295],[10.203868,56.516669],[10.211436,56.505316],[10.206798,56.490953],[10.18336,56.46955],[10.214122,56.470445],[10.225597,56.475735],[10.22755,56.541083],[10.237641,56.554389],[10.279552,56.571967],[10.312673,56.596625],[10.330333,56.603217],[10.350922,56.595893],[10.365245,56.558417],[10.4699,56.520901],[10.551524,56.51557],[10.789073,56.536363],[10.822276,56.534247],[10.854991,56.524156],[10.869884,56.514716],[10.90211,56.483222],[10.964122,56.448432],[10.964122,56.442206],[10.940929,56.429511],[10.928477,56.40648],[10.922618,56.356269],[10.911632,56.334052],[10.819591,56.260932],[10.77296,56.242987],[10.755382,56.229315],[10.750011,56.216051],[10.752615,56.184963],[10.738617,56.154527],[10.707042,56.150865],[10.672211,56.165188],[10.648936,56.188381],[10.674653,56.190823],[10.685232,56.196234],[10.69044,56.208889],[10.687673,56.222235],[10.628591,56.237535],[10.549164,56.178209],[10.573741,56.112616],[10.548025,56.101264],[10.518565,56.102729],[10.508474,56.111029],[10.491222,56.13996],[10.525401,56.153632],[10.509451,56.170111],[10.46811,56.177069],[10.408702,56.164862],[10.391449,56.172675],[10.354666,56.202053],[10.376964,56.203315],[10.42921,56.22248],[10.477794,56.202338],[10.491222,56.216295],[10.474294,56.232245],[10.475434,56.244696],[10.504731,56.277777],[10.476817,56.280911],[10.442638,56.298651],[10.416759,56.291897],[10.403005,56.298245],[10.393809,56.276516],[10.36378,56.26557],[10.336925,56.232733],[10.312511,56.215155],[10.258474,56.190253],[10.234223,56.171332],[10.220225,56.147895],[10.226899,56.133246],[10.259044,56.099026],[10.265636,56.073717],[10.261485,56.054429],[10.23113,56.017035],[10.272716,56.024848],[10.277517,56.017768],[10.252452,55.986233],[10.250743,55.930732],[10.245372,55.914618],[10.21754,55.889838],[10.201834,55.885891],[10.18336,55.873725],[10.199392,55.850735],[10.187348,55.838609],[10.172699,55.831488],[10.160411,55.833319],[10.135509,55.851996],[10.12379,55.873277],[10.114513,55.879869],[10.0,55.878962],[10.001475,56.661322]]],[[[10.0,55.822869],[10.045746,55.813951],[10.017345,55.76557],[10.019786,55.75788],[10.059825,55.756415],[10.059825,55.749498],[10.018809,55.736274],[10.006847,55.725043],[10.01824,55.708564],[10.005219,55.701117],[10.0,55.702959],[10.0,55.822869]]],[[[12.504731,55.019761],[12.538729,55.0],[12.281477,55.0],[12.281261,55.007148],[12.2942,55.016547],[12.2942,55.023383],[12.261567,55.036811],[12.247569,55.05386],[12.250987,55.060736],[12.261974,55.064276],[12.28004,55.064276],[12.301768,55.04206],[12.335297,55.033271],[12.417166,55.030219],[12.504731,55.019761]]],[[[10.86199,55.072089],[10.895518,55.121527],[10.934255,55.159654],[10.956716,55.153713],[10.908946,55.030219],[10.891421,55.0],[10.802311,55.0],[10.854991,55.04385],[10.86199,55.072089]]],[[[15.151378,55.133205],[15.137706,55.119534],[15.147716,55.095608],[15.144705,55.087104],[15.106619,55.044664],[15.113242,55.018295],[15.087661,55.0],[14.98287,55.001013],[14.927265,55.013692],[14.858607,55.038226],[14.780833,55.051128],[14.699555,55.089179],[14.684173,55.101347],[14.697045,55.122654],[14.709239,55.235826],[14.737071,55.266669],[14.760916,55.309272],[14.774587,55.3039],[14.814952,55.270413],[14.851422,55.2482],[14.926799,55.215799],[14.954354,55.219254],[14.973399,55.216132],[15.000499,55.188422],[15.084543,55.154579],[15.131602,55.145453],[15.151378,55.133205]]],[[[10.62143,55.064276],[10.586111,55.057522],[10.538259,55.029731],[10.516856,55.031317],[10.47755,55.04385],[10.388845,55.050686],[10.362559,55.06273],[10.312755,55.063666],[10.234223,55.092231],[10.205251,55.093695],[10.197602,55.086086],[10.197032,55.064276],[10.141775,55.092231],[10.083507,55.086982],[10.065929,55.092231],[10.142589,55.1258],[10.156016,55.140082],[10.112966,55.183783],[10.094005,55.188422],[10.055837,55.179755],[10.039317,55.180976],[10.016612,55.194281],[10.0,55.194676],[10.0,55.542469],[10.039317,55.557766],[10.16863,55.582261],[10.212657,55.600653],[10.237315,55.605536],[10.272146,55.605536],[10.279552,55.58511],[10.29363,55.58808],[10.29713,55.595649],[10.293793,55.616116],[10.307628,55.618232],[10.4074,55.582953],[10.444184,55.553168],[10.488536,55.545478],[10.518809,55.533433],[10.486827,55.537177],[10.475271,55.531968],[10.470714,55.520209],[10.489106,55.509101],[10.491222,55.503119],[10.486013,55.494778],[10.457042,55.489447],[10.419607,55.458808],[10.436046,55.442125],[10.471528,55.443061],[10.491222,55.465277],[10.502452,55.463568],[10.609141,55.49258],[10.602306,55.506252],[10.571056,55.518704],[10.566905,55.523627],[10.569835,55.532416],[10.601085,55.516791],[10.61378,55.527899],[10.594249,55.578274],[10.614594,55.564602],[10.608572,55.612982],[10.627615,55.613593],[10.656912,55.594875],[10.704112,55.550279],[10.709239,55.527045],[10.738129,55.509345],[10.744477,55.495551],[10.742361,55.487494],[10.703949,55.471137],[10.657481,55.459703],[10.5713,55.461249],[10.559418,55.455308],[10.554047,55.442572],[10.563324,55.436225],[10.594249,55.441067],[10.588552,55.449408],[10.595958,55.459662],[10.682953,55.447903],[10.697927,55.440253],[10.796641,55.358547],[10.834321,55.290269],[10.826915,55.290269],[10.815115,55.300849],[10.796886,55.307685],[10.780284,55.304918],[10.77296,55.287095],[10.778656,55.274848],[10.805349,55.250434],[10.813324,55.235582],[10.815196,55.214057],[10.812673,55.194281],[10.790782,55.156928],[10.783376,55.124213],[10.7588,55.105292],[10.733653,55.071845],[10.717784,55.064276],[10.62143,55.064276]]],[[[10.029145,55.142401],[10.025645,55.125718],[10.0,55.126396],[10.0,55.167955],[10.029145,55.142401]]],[[[12.608409,55.701117],[12.674571,55.601264],[12.639415,55.578274],[12.605724,55.569281],[12.577973,55.554023],[12.556326,55.550482],[12.534841,55.569322],[12.520518,55.596747],[12.520193,55.619208],[12.531016,55.631903],[12.567393,55.653998],[12.595063,55.691352],[12.608409,55.701117]]],[[[10.57309,55.878852],[10.581065,55.894517],[10.580251,55.911526],[10.566905,55.92829],[10.528331,55.940619],[10.515391,55.951239],[10.518565,55.976142],[10.528819,55.989203],[10.543956,55.997992],[10.556814,55.995795],[10.56422,55.953843],[10.580251,55.93651],[10.602794,55.925238],[10.628266,55.920844],[10.615408,55.900336],[10.62143,55.879869],[10.638682,55.866116],[10.650645,55.870103],[10.66627,55.886705],[10.669281,55.880032],[10.628266,55.845771],[10.623302,55.827704],[10.62436,55.794338],[10.614594,55.776842],[10.582205,55.759752],[10.54713,55.765204],[10.520274,55.78856],[10.511567,55.825263],[10.517263,55.845526],[10.559418,55.866278],[10.57309,55.878852]]],[[[11.8659,55.0],[11.841807,55.030219],[11.755626,55.050686],[11.72877,55.064276],[11.665538,55.066392],[11.646658,55.072333],[11.615896,55.092231],[11.669607,55.085639],[11.775238,55.05744],[11.827485,55.050686],[11.805349,55.073879],[11.743419,55.100531],[11.717621,55.125718],[11.803966,55.134833],[11.809581,55.138861],[11.806977,55.146877],[11.785411,55.157213],[11.728526,55.154771],[11.711436,55.167914],[11.726248,55.176947],[11.734711,55.188666],[11.733084,55.200141],[11.717621,55.208319],[11.695079,55.208075],[11.649425,55.180976],[11.506033,55.208319],[11.492361,55.204169],[11.423188,55.22191],[11.368907,55.208319],[11.299978,55.208319],[11.299978,55.201483],[11.320486,55.194648],[11.260997,55.200588],[11.245372,55.214789],[11.238536,55.242418],[11.267833,55.235907],[11.28004,55.242336],[11.286306,55.25609],[11.265391,55.249457],[11.241954,55.248684],[11.23878,55.254136],[11.241547,55.27851],[11.16212,55.319159],[11.152843,55.328437],[11.188243,55.335273],[11.190115,55.345445],[11.167979,55.352769],[11.142345,55.352281],[11.123546,55.331855],[11.108165,55.331855],[11.087738,55.358547],[11.087738,55.365953],[11.128917,55.36518],[11.15919,55.381293],[11.204356,55.391832],[11.214203,55.403795],[11.213145,55.415758],[11.200938,55.42121],[11.204845,55.431342],[11.196462,55.453843],[11.176443,55.489447],[11.16391,55.501899],[11.13559,55.515123],[11.115001,55.516791],[11.085785,55.507554],[11.080903,55.513088],[11.088552,55.53384],[11.13795,55.542914],[11.148448,55.557318],[11.145681,55.576117],[11.132091,55.595282],[11.087901,55.626939],[11.039236,55.643459],[10.929942,55.660142],[10.929942,55.667629],[11.087738,55.660142],[11.071056,55.676947],[10.98463,55.701117],[10.960216,55.724351],[10.943614,55.729071],[10.891449,55.731269],[10.875499,55.736518],[10.875499,55.742743],[11.033051,55.729071],[11.162771,55.749498],[11.162771,55.742743],[11.141124,55.743232],[11.121837,55.736518],[11.137543,55.719062],[11.163422,55.70539],[11.192638,55.700344],[11.218028,55.708564],[11.176443,55.729071],[11.190115,55.736518],[11.216156,55.728746],[11.252208,55.729071],[11.302419,55.746527],[11.352224,55.755805],[11.364024,55.765123],[11.375662,55.807929],[11.348399,55.838324],[11.373871,55.828762],[11.398448,55.826402],[11.421723,55.831977],[11.44337,55.845771],[11.47755,55.841539],[11.505219,55.86872],[11.510509,55.908271],[11.477387,55.941352],[11.448416,55.948188],[11.384288,55.950832],[11.304535,55.967841],[11.281912,55.978949],[11.272634,55.996568],[11.400564,55.961982],[11.426931,55.965522],[11.581065,55.95185],[11.599376,55.942084],[11.64088,55.943427],[11.768321,55.970526],[11.779796,55.961859],[11.775401,55.95185],[11.747325,55.932807],[11.73878,55.920844],[11.750499,55.910386],[11.743988,55.903754],[11.727875,55.902289],[11.711436,55.907172],[11.717621,55.920844],[11.685802,55.919867],[11.663097,55.907172],[11.712657,55.8581],[11.731619,55.830715],[11.717621,55.810981],[11.671235,55.814276],[11.656261,55.810981],[11.626231,55.790595],[11.607758,55.790473],[11.607758,55.783026],[11.624278,55.780015],[11.673595,55.783026],[11.720388,55.798651],[11.73878,55.797349],[11.75587,55.772935],[11.762706,55.749498],[11.682302,55.741278],[11.657237,55.730862],[11.669932,55.722846],[11.684337,55.721625],[11.729259,55.723578],[11.746349,55.731024],[11.787283,55.701117],[11.794444,55.687934],[11.779796,55.660142],[11.810557,55.679104],[11.855479,55.732815],[11.841807,55.756415],[11.852712,55.782294],[11.869151,55.804755],[11.884044,55.813666],[11.937348,55.825263],[11.953624,55.853502],[11.909516,55.915473],[11.91684,55.934516],[11.934744,55.933661],[11.969981,55.912584],[11.99822,55.902818],[11.992035,55.873725],[11.996349,55.86107],[12.012462,55.845771],[12.031261,55.816596],[12.049001,55.775336],[12.051931,55.73664],[12.026134,55.715399],[11.990001,55.722805],[11.972667,55.721422],[11.958181,55.693427],[11.923025,55.67414],[11.910167,55.660142],[11.930431,55.65762],[11.959158,55.665107],[11.982188,55.6789],[11.985199,55.694892],[12.00115,55.698676],[12.031912,55.687201],[12.040375,55.674465],[12.009288,55.680487],[12.005138,55.678168],[12.011404,55.669013],[12.060313,55.653998],[12.069102,55.674954],[12.092052,55.706732],[12.095063,55.729071],[12.053477,55.838324],[12.049815,55.888007],[12.026134,55.941352],[12.01059,55.955268],[11.992442,55.960598],[11.865489,55.939358],[11.848643,55.948188],[11.865571,55.972724],[11.917328,55.997626],[12.012462,56.030707],[12.165375,56.103705],[12.245128,56.12873],[12.328461,56.126899],[12.414887,56.099026],[12.486095,56.099026],[12.540375,56.075385],[12.570079,56.068264],[12.621918,56.043769],[12.608409,56.028022],[12.567393,55.996568],[12.512706,55.92829],[12.512706,55.920844],[12.554454,55.88288],[12.57602,55.829169],[12.602224,55.797349],[12.587901,55.729071],[12.602224,55.708564],[12.581228,55.693061],[12.541026,55.648871],[12.503266,55.634019],[12.487153,55.609849],[12.465017,55.605536],[12.423676,55.618842],[12.403575,55.619208],[12.331309,55.595404],[12.24822,55.546129],[12.19809,55.487494],[12.224864,55.434882],[12.273448,55.410224],[12.368826,55.400092],[12.434744,55.363674],[12.444591,55.348863],[12.450857,55.317206],[12.465017,55.290269],[12.444591,55.276557],[12.392426,55.255316],[12.182791,55.2272],[12.141368,55.207994],[12.121104,55.191067],[12.10906,55.170722],[12.115001,55.153713],[12.098969,55.141425],[12.08074,55.146877],[12.088145,55.168362],[12.076671,55.181952],[12.056407,55.185696],[12.014659,55.167467],[12.012462,55.157131],[12.046641,55.140082],[12.130544,55.135891],[12.16863,55.128485],[12.177013,55.105292],[12.171397,55.095445],[12.1185,55.073554],[12.125743,55.071112],[12.163341,55.023383],[12.162283,55.004381],[12.156581,55.0],[11.955016,55.0],[11.943858,55.00609],[11.910167,55.009711],[11.909516,55.00495],[11.91684,55.002875],[11.8659,55.0]]],[[[11.509532,56.71015],[11.520844,56.715399],[11.60613,56.720404],[11.649425,56.729641],[11.649425,56.722154],[11.618012,56.71133],[11.581065,56.68122],[11.56422,56.677436],[11.524587,56.684719],[11.512218,56.695461],[11.509532,56.71015]]],[[[11.169932,57.332709],[11.190115,57.325507],[11.197276,57.313381],[11.196502,57.302821],[11.189113,57.294283],[11.143231,57.301351],[11.06658,57.291327],[11.082693,57.283881],[11.094165,57.268996],[11.091101,57.252784],[11.067166,57.238362],[11.045138,57.212715],[11.028835,57.201914],[10.997905,57.19791],[10.977962,57.206733],[10.951815,57.23373],[10.888799,57.245344],[10.854991,57.264635],[10.854991,57.270901],[10.888425,57.274865],[10.946601,57.304643],[11.010084,57.309873],[11.027723,57.320691],[11.101927,57.320417],[11.142345,57.332343],[11.169932,57.332709]]]]}},{"type":"Feature","properties":{"kind":"land"},"geometry":{"type":"MultiPolygon","coordinates":[[[[20.297618,60.121527],[20.268891,60.086005],[20.277599,60.066474],[20.266287,60.060492],[20.242849,60.07392],[20.201915,60.087551],[20.198253,60.104071],[20.222423,60.149604],[20.258067,60.107978],[20.263927,60.118232],[20.253266,60.138577],[20.255707,60.145413],[20.277599,60.142157],[20.297618,60.121527]]],[[[19.643077,60.213446],[19.670909,60.190579],[19.674327,60.166327],[19.671072,60.158108],[19.646983,60.155829],[19.609548,60.187486],[19.591645,60.196763],[19.603282,60.164008],[19.59962,60.149115],[19.584809,60.135321],[19.565196,60.12995],[19.544607,60.134752],[19.527029,60.148627],[19.516612,60.170111],[19.513194,60.183783],[19.537283,60.201117],[19.53712,60.232164],[19.578868,60.260484],[19.608409,60.256903],[19.628103,60.246649],[19.638357,60.231635],[19.643077,60.213446]]],[[[20.434825,60.262397],[20.441417,60.245185],[20.392914,60.196763],[20.38087,60.198879],[20.387706,60.221869],[20.38266,60.240709],[20.353038,60.228827],[20.345388,60.237698],[20.347016,60.252875],[20.358897,60.265692],[20.379649,60.26968],[20.410981,60.259508],[20.427908,60.265692],[20.434825,60.262397]]],[[[20.790538,60.238715],[20.781098,60.263658],[20.787283,60.286322],[20.805186,60.2862],[20.853038,60.265692],[20.850597,60.253607],[20.838878,60.246812],[20.811371,60.245185],[20.818858,60.232164],[20.790538,60.238715]]],[[[20.208751,60.224677],[20.229747,60.20425],[20.200938,60.199408],[20.191661,60.193671],[20.174571,60.170111],[20.161957,60.167141],[20.136974,60.176337],[20.09547,60.176337],[20.087087,60.182196],[20.088878,60.195868],[20.102306,60.220933],[20.122895,60.23078],[20.172374,60.232815],[20.188243,60.245185],[20.147716,60.244778],[20.111013,60.239447],[20.081879,60.223375],[20.064708,60.190619],[20.057872,60.190619],[20.060883,60.214748],[20.031912,60.236396],[20.023692,60.255113],[20.05714,60.293158],[20.06129,60.310045],[20.023692,60.313463],[20.023692,60.306627],[20.033865,60.293891],[20.024913,60.276435],[20.003266,60.267035],[19.975922,60.278713],[19.979747,60.261054],[19.993988,60.241441],[20.01295,60.225165],[20.030528,60.217231],[20.014903,60.202338],[20.016287,60.183743],[19.964122,60.19481],[19.948009,60.20425],[19.95574,60.212836],[19.954845,60.224677],[19.914561,60.218207],[19.917247,60.207668],[19.943614,60.186225],[19.987315,60.173041],[20.01002,60.155829],[20.019867,60.158108],[20.0442,60.176337],[20.03297,60.144355],[20.030528,60.114814],[20.047537,60.105414],[20.050466,60.097805],[20.04477,60.08747],[20.006358,60.094387],[19.965994,60.091132],[19.948985,60.083889],[19.958181,60.053778],[19.948497,60.047675],[19.937755,60.05036],[19.941173,60.060248],[19.924001,60.091539],[19.91033,60.10106],[19.886567,60.101223],[19.873302,60.096422],[19.868337,60.085517],[19.845063,60.078681],[19.831716,60.079495],[19.823253,60.084296],[19.824474,60.094387],[19.806977,60.09984],[19.78891,60.096259],[19.763031,60.07392],[19.747569,60.101386],[19.694672,60.170111],[19.682384,60.211982],[19.670909,60.217231],[19.646983,60.265692],[19.682872,60.26435],[19.691417,60.256537],[19.688487,60.238349],[19.709321,60.268866],[19.770518,60.2862],[19.74936,60.306627],[19.79656,60.299791],[19.765147,60.248969],[19.78419,60.224677],[19.792003,60.200141],[19.798595,60.193061],[19.81422,60.190619],[19.821788,60.19599],[19.823497,60.208482],[19.817638,60.232164],[19.851817,60.217231],[19.858653,60.245185],[19.879731,60.258857],[19.892833,60.306627],[19.900157,60.27558],[19.905528,60.271796],[19.929047,60.277167],[19.934337,60.282416],[19.924001,60.314276],[19.889496,60.344672],[19.875987,60.337633],[19.857677,60.313218],[19.848399,60.317206],[19.819184,60.346829],[19.802013,60.354193],[19.777354,60.355048],[19.792979,60.360541],[19.817638,60.388577],[19.838145,60.400458],[19.882335,60.405585],[19.906423,60.402167],[19.927501,60.356431],[19.969981,60.361396],[19.995616,60.356431],[20.036794,60.33393],[20.023692,60.361274],[20.072032,60.349921],[20.093028,60.355129],[20.12615,60.33393],[20.178071,60.322984],[20.192068,60.312323],[20.181407,60.2862],[20.201915,60.292955],[20.238048,60.281562],[20.277599,60.278713],[20.242849,60.245185],[20.236013,60.232164],[20.208751,60.224677]]],[[[20.867931,59.917914],[20.862071,59.928168],[20.87086,59.936754],[20.897472,59.940131],[20.906586,59.933539],[20.920177,59.909247],[20.912364,59.904486],[20.867931,59.917914]]],[[[20.969412,59.943834],[20.984141,59.936265],[20.991222,59.926744],[20.982758,59.921536],[20.93214,59.935858],[20.913259,59.948432],[20.934744,59.957994],[20.989757,59.95189],[20.996593,59.945014],[20.969412,59.943834]]],[[[20.604991,60.052069],[20.617931,60.042222],[20.600922,60.039211],[20.608246,60.035956],[20.606293,60.02265],[20.587169,60.008124],[20.577485,60.006659],[20.550466,60.018866],[20.527029,60.005072],[20.511892,60.006334],[20.500824,60.012681],[20.505544,60.024237],[20.544932,60.056098],[20.582856,60.059149],[20.591075,60.050849],[20.604991,60.052069]]],[[[20.424083,60.055243],[20.462576,60.066799],[20.45102,60.040107],[20.43214,60.025092],[20.402354,60.021308],[20.390147,60.028225],[20.424083,60.055243]]],[[[20.519379,60.042955],[20.500336,60.036363],[20.471365,60.041327],[20.469737,60.057359],[20.525401,60.065497],[20.516449,60.066962],[20.533376,60.073635],[20.54184,60.07099],[20.526215,60.05683],[20.519379,60.042955]]],[[[20.686534,60.126532],[20.688243,60.117011],[20.681977,60.110175],[20.67156,60.109198],[20.655772,60.115912],[20.638682,60.131334],[20.635509,60.143948],[20.644054,60.149359],[20.659923,60.149726],[20.686534,60.126532]]],[[[20.683767,60.229397],[20.716319,60.209296],[20.707693,60.199652],[20.686778,60.194566],[20.664073,60.205024],[20.668468,60.226711],[20.683767,60.229397]]],[[[20.740001,60.312405],[20.732677,60.314358],[20.732677,60.33275],[20.757172,60.366116],[20.787364,60.361965],[20.792003,60.352769],[20.78533,60.333564],[20.777354,60.326483],[20.740001,60.312405]]],[[[20.301908,59.998975],[20.339447,60.02011],[20.436746,60.004989],[20.447059,59.995181],[20.398576,59.981349],[20.324819,59.977195],[20.322366,59.962686],[20.306648,59.953624],[20.283707,59.958475],[20.281315,59.976616],[20.301908,59.998975]]],[[[20.068193,60.072654],[20.101269,60.094975],[20.130042,60.086928],[20.163259,60.087845],[20.193191,60.06557],[20.212658,60.035918],[20.225218,60.005478],[20.211791,59.99115],[20.175121,59.971436],[20.184037,59.992938],[20.171495,59.998754],[20.123179,59.988872],[20.105255,59.996469],[20.116869,60.005434],[20.121318,60.016627],[20.104258,60.028248],[20.078257,60.028224],[20.058457,60.039396],[20.025256,60.042485],[20.03365,60.063626],[20.068193,60.072654]]],[[[21.094737,60.475572],[21.09669,60.463446],[21.088227,60.452216],[21.07838,60.448961],[21.064952,60.454779],[21.059255,60.466742],[21.076427,60.480414],[21.094737,60.475572]]]]}},{"type":"Feature","properties":{"kind":"water"},"geometry":{"type":"MultiPolygon","coordinates":[[[[14.098132,59.042493],[14.071051,59.023065],[14.040437,59.009819],[13.978326,59.003343],[13.973616,58.998338],[13.977149,58.977438],[14.001287,58.959482],[14.014239,58.956539],[14.014239,58.950357],[14.004819,58.937994],[13.986274,58.881476],[13.973911,58.86352],[13.953894,58.850568],[13.965963,58.82643],[13.936232,58.816127],[13.928579,58.808768],[13.904441,58.819954],[13.879714,58.813183],[13.868528,58.799054],[13.871766,58.783453],[13.890017,58.771678],[13.849983,58.739592],[13.711927,58.689845],[13.686906,58.669828],[13.653054,58.67336],[13.640396,58.699559],[13.624206,58.69897],[13.547377,58.669239],[13.530304,58.65717],[13.507049,58.655698],[13.475552,58.665118],[13.439345,58.644218],[13.363105,58.628323],[13.325427,58.60389],[13.279506,58.536187],[13.245948,58.510871],[13.213568,58.503512],[13.172652,58.502923],[13.137622,58.512343],[13.122904,58.535598],[13.160288,58.56945],[13.184426,58.613899],[13.123787,58.620375],[13.006041,58.600358],[12.990146,58.609483],[12.979549,58.607128],[12.983964,58.605951],[12.965714,58.579753],[12.946874,58.569155],[12.924797,58.567095],[12.875932,58.579753],[12.938632,58.546489],[12.911256,58.538836],[12.917732,58.529122],[12.931273,58.524706],[12.892417,58.499097],[12.807346,58.473781],[12.778498,58.477019],[12.757009,58.45818],[12.670466,58.442579],[12.691661,58.414909],[12.651038,58.389005],[12.601879,58.366044],[12.552721,58.356919],[12.512687,58.373698],[12.584806,58.411671],[12.619247,58.464362],[12.63632,58.477608],[12.590399,58.462301],[12.522401,58.396952],[12.465,58.388121],[12.40495,58.391065],[12.32606,58.376053],[12.310753,58.384589],[12.303689,58.399013],[12.307221,58.413437],[12.317524,58.424623],[12.331653,58.429038],[12.376102,58.469955],[12.414958,58.482024],[12.45823,58.483495],[12.465589,58.495564],[12.487666,58.513521],[12.533881,58.538836],[12.520341,58.552082],[12.560668,58.579753],[12.598347,58.617431],[12.631022,58.639508],[12.629255,58.648045],[12.617481,58.651283],[12.563907,58.648045],[12.540357,58.653344],[12.518574,58.666884],[12.501796,58.684252],[12.492965,58.702797],[12.491493,58.730173],[12.520341,58.792283],[12.500618,58.790517],[12.472065,58.774033],[12.45823,58.771678],[12.4441,58.778743],[12.438213,58.795816],[12.410248,58.812595],[12.436447,58.828196],[12.451459,58.830845],[12.464411,58.804352],[12.479718,58.801114],[12.512687,58.806413],[12.493848,58.812595],[12.483545,58.822897],[12.478541,58.853511],[12.486194,58.888246],[12.476186,58.905025],[12.478541,58.915622],[12.453814,58.921804],[12.434681,58.939465],[12.43056,58.955361],[12.451459,58.956539],[12.533881,58.895311],[12.50886,58.850568],[12.510921,58.8332],[12.566261,58.815833],[12.581274,58.815538],[12.59246,58.842031],[12.629255,58.861165],[12.624251,58.878238],[12.629255,58.888246],[12.632788,58.92563],[12.642796,58.940349],[12.644268,58.951829],[12.651333,58.961543],[12.677237,58.970962],[12.667228,58.987741],[12.701375,59.014528],[12.711972,59.032485],[12.694604,59.057211],[12.697842,59.066631],[12.707556,59.070458],[12.71727,59.065748],[12.731694,59.046025],[12.772905,59.077228],[12.80764,59.08076],[12.823536,59.092829],[12.836193,59.095184],[12.846496,59.078994],[12.857388,59.080466],[12.875932,59.093712],[12.890062,59.072518],[12.887413,59.061627],[12.875932,59.052796],[12.935394,59.052207],[12.944814,59.049558],[12.948052,59.039549],[12.98838,59.045437],[13.019877,59.026892],[13.061971,59.018944],[13.074923,59.01129],[13.076983,58.997161],[13.067858,58.985092],[13.040482,58.970962],[13.085814,58.956539],[13.105831,58.92563],[13.124965,58.915328],[13.169119,58.910029],[13.184426,58.902081],[13.197967,58.881476],[13.245065,58.904142],[13.259489,58.915622],[13.234762,58.95595],[13.219161,58.963309],[13.225931,58.997455],[13.221516,59.013351],[13.211802,59.025714],[13.215629,59.035723],[13.210036,59.057211],[13.184132,59.083115],[13.184426,59.101366],[13.159699,59.139633],[13.142038,59.157884],[13.122904,59.168775],[13.13615,59.181433],[13.133501,59.193207],[13.109069,59.216757],[13.114073,59.227354],[13.109069,59.237951],[13.110246,59.251197],[13.074923,59.271214],[13.071979,59.282988],[13.102593,59.271214],[13.126731,59.278279],[13.134973,59.294763],[13.130557,59.315368],[13.115545,59.333913],[13.170591,59.36806],[13.177361,59.328615],[13.197378,59.310659],[13.27303,59.306832],[13.232702,59.337151],[13.238,59.347749],[13.251541,59.357168],[13.280389,59.36806],[13.359278,59.361289],[13.383122,59.37483],[13.417857,59.361289],[13.450826,59.356874],[13.483206,59.360995],[13.595358,59.394258],[13.67101,59.408388],[13.656586,59.388665],[13.669538,59.377479],[13.682785,59.376007],[13.719286,59.383367],[13.729294,59.395436],[13.766384,59.395436],[13.76344,59.37483],[13.72635,59.35393],[13.736064,59.341567],[13.732532,59.333913],[13.743424,59.325377],[13.808184,59.326554],[13.784635,59.351281],[13.786989,59.360112],[13.808184,59.361289],[13.822608,59.343333],[13.831733,59.340095],[13.859403,59.345982],[13.87,59.340095],[13.856459,59.328615],[13.858226,59.322728],[13.876182,59.319784],[13.913272,59.325083],[13.922103,59.305949],[13.940353,59.311542],[13.944769,59.323022],[13.940648,59.346865],[13.952128,59.35393],[13.975088,59.353341],[13.994811,59.316252],[14.01365,59.306832],[14.026013,59.310953],[14.037493,59.333913],[14.061337,59.329792],[14.075761,59.313014],[14.055744,59.311836],[14.040437,59.299178],[14.060454,59.249137],[14.061926,59.234124],[14.054566,59.212047],[14.021598,59.183788],[14.00894,59.154057],[13.962136,59.135512],[13.927401,59.090769],[13.939764,59.071635],[13.955954,59.062804],[13.958898,59.052796],[14.001581,59.065453],[14.048385,59.066631],[14.040437,59.086942],[14.059865,59.092535],[14.051328,59.111374],[14.054566,59.120499],[14.06899,59.121677],[14.081648,59.112552],[14.096661,59.086942],[14.082531,59.066631],[14.096955,59.061627],[14.116677,59.066631],[14.098132,59.042493]]],[[[13.19885,58.63421],[13.204737,58.671594],[13.199144,58.680425],[13.170591,58.696615],[13.157639,58.690433],[13.115545,58.696615],[13.101121,58.692788],[13.061382,58.66188],[13.061971,58.644807],[13.094056,58.638625],[13.109069,58.628323],[13.138211,58.639214],[13.163821,58.655698],[13.170591,58.648045],[13.149691,58.634504],[13.18737,58.625968],[13.19885,58.63421]]],[[[13.568571,59.313014],[13.562684,59.315957],[13.561801,59.333913],[13.533836,59.342744],[13.497335,59.343627],[13.460245,59.334797],[13.431398,59.313014],[13.472903,59.313897],[13.486149,59.303888],[13.479379,59.285638],[13.48821,59.275629],[13.499984,59.271214],[13.508227,59.274158],[13.507049,59.285638],[13.547377,59.278867],[13.527655,59.306832],[13.568571,59.306832],[13.568571,59.313014]]],[[[13.84233,58.819954],[13.821724,58.83997],[13.779925,58.825547],[13.771977,58.803469],[13.76609,58.799643],[13.746073,58.812595],[13.74519,58.830551],[13.739597,58.837321],[13.715459,58.83997],[13.704273,58.836438],[13.691027,58.806413],[13.711044,58.78463],[13.711927,58.761081],[13.71752,58.752544],[13.75667,58.764908],[13.801413,58.757254],[13.811127,58.759609],[13.814954,58.779037],[13.84233,58.819954]]]]}},{"type":"Feature","properties":{"kind":"water"},"geometry":{"type":"MultiPolygon","coordinates":[[[[14.913227,58.799054],[14.912049,58.784041],[14.924707,58.771678],[14.937659,58.78934],[14.947962,58.791106],[14.958853,58.785219],[14.960325,58.778154],[14.945018,58.735471],[14.918525,58.696615],[14.915287,58.677776],[14.918525,58.628323],[14.842874,58.586817],[14.862596,58.580341],[14.88379,58.579753],[14.91146,58.565623],[14.94649,58.568272],[14.961502,58.565034],[14.973277,58.552082],[14.958853,58.544134],[14.954732,58.533832],[14.961502,58.52559],[14.979459,58.524706],[14.971511,58.515876],[14.939131,58.50469],[14.907045,58.474076],[14.871133,58.460535],[14.859947,58.458475],[14.832865,58.474665],[14.817264,58.477019],[14.788416,58.469955],[14.714236,58.405195],[14.670376,58.391065],[14.616802,58.326599],[14.637407,58.295397],[14.632698,58.286271],[14.599729,58.261251],[14.595608,58.251831],[14.603261,58.216802],[14.59443,58.202966],[14.544977,58.158812],[14.523488,58.112008],[14.493463,58.093169],[14.459023,58.060789],[14.427526,58.006037],[14.35629,57.9766],[14.338628,57.961294],[14.285642,57.888291],[14.26592,57.846491],[14.267392,57.818821],[14.252674,57.804692],[14.202043,57.787324],[14.17555,57.784675],[14.155533,57.792328],[14.146408,57.810285],[14.137283,57.853851],[14.10137,57.898005],[14.086652,57.943926],[14.123448,57.9766],[14.155239,58.018106],[14.15465,58.034885],[14.183498,58.093169],[14.207341,58.127904],[14.21264,58.182067],[14.244137,58.22681],[14.239427,58.244766],[14.257972,58.257424],[14.278578,58.30305],[14.316256,58.319535],[14.332152,58.335725],[14.380428,58.409316],[14.398089,58.428155],[14.438712,58.44199],[14.441361,58.473781],[14.459317,58.491149],[14.478745,58.489383],[14.491992,58.49527],[14.516424,58.540602],[14.510536,58.546489],[14.510536,58.556203],[14.521134,58.613899],[14.553808,58.642452],[14.74956,58.730761],[14.792243,58.75696],[14.797836,58.77992],[14.804901,58.785513],[14.859947,58.816421],[14.897625,58.819954],[14.907928,58.835849],[14.907928,58.871467],[14.918525,58.881476],[14.929122,58.863814],[14.976809,58.850568],[14.993588,58.8332],[14.978281,58.836438],[14.966212,58.84733],[14.931772,58.82643],[14.913227,58.799054]]]]}},{"type":"Feature","properties":{"kind":"water"},"geometry":{"type":"MultiPolygon","coordinates":[[[[14.141109,63.20804],[14.158183,63.212161],[14.153473,63.225996],[14.116677,63.246896],[14.081354,63.291345],[14.047796,63.289579],[14.035727,63.31666],[13.993044,63.334911],[14.040437,63.328729],[14.094011,63.30989],[14.198511,63.315188],[14.270335,63.285163],[14.297711,63.281042],[14.335684,63.293994],[14.373952,63.276038],[14.39544,63.2519],[14.428115,63.240125],[14.459023,63.23777],[14.472858,63.249839],[14.468148,63.279276],[14.472858,63.287812],[14.484044,63.293405],[14.495818,63.292522],[14.513774,63.281042],[14.512891,63.259848],[14.52967,63.248368],[14.575885,63.232472],[14.627399,63.184196],[14.691276,63.168301],[14.729543,63.144163],[14.795187,63.088528],[14.761335,63.092355],[14.678913,63.14328],[14.528198,63.173893],[14.49729,63.174777],[14.420167,63.152699],[14.411336,63.140042],[14.424877,63.096181],[14.418106,63.066745],[14.466087,62.999924],[14.459317,62.999924],[14.467559,62.965189],[14.47639,62.841556],[14.485221,62.83773],[14.472858,62.814769],[14.431941,62.794458],[14.413396,62.796224],[14.41634,62.808293],[14.445482,62.841556],[14.436651,62.853625],[14.423405,62.861573],[14.411336,62.863339],[14.394557,62.853331],[14.37719,62.87688],[14.352169,62.888949],[14.339805,62.901312],[14.342749,62.917797],[14.333035,62.988444],[14.336567,62.994626],[14.344809,62.984617],[14.374246,62.915147],[14.389258,62.898369],[14.411336,62.889832],[14.403977,62.928099],[14.392202,62.949294],[14.410747,62.951354],[14.430764,62.961068],[14.436945,62.982851],[14.432824,63.00434],[14.396618,63.036425],[14.37719,63.067922],[14.36306,63.104718],[14.350991,63.118847],[14.328325,63.130033],[14.233834,63.152405],[14.219116,63.161236],[14.0737,63.189495],[14.052506,63.201858],[13.99952,63.248073],[13.924752,63.27486],[14.03661,63.25661],[14.092539,63.212161],[14.141109,63.20804]]]]}},{"type":"Feature","properties":{"kind":"water"},"geometry":{"type":"MultiPolygon","coordinates":[[[[16.403592,59.304183],[16.426258,59.319784],[16.412423,59.296235],[16.377099,59.281222],[16.128362,59.244721],[16.055359,59.221761],[16.020919,59.216757],[15.95557,59.216168],[15.90906,59.1988],[15.870793,59.19674],[15.880801,59.186437],[15.909944,59.179667],[15.91171,59.168775],[15.901996,59.162299],[15.866672,59.156706],[15.825755,59.142282],[15.700062,59.142282],[15.667976,59.146992],[15.610575,59.170247],[15.579373,59.17584],[15.574957,59.179667],[15.586143,59.188498],[15.617934,59.204688],[15.658557,59.209986],[15.637362,59.229709],[15.558767,59.23118],[15.534924,59.25208],[15.569659,59.258262],[15.545226,59.267976],[15.452207,59.253846],[15.411291,59.25208],[15.341526,59.269153],[15.239088,59.274452],[15.227019,59.285638],[15.256455,59.299473],[15.431896,59.278867],[15.491358,59.301828],[15.518734,59.318018],[15.57584,59.326554],[15.607043,59.311836],[15.645899,59.306243],[15.723317,59.306832],[15.751576,59.299178],[15.783956,59.268565],[15.816041,59.265032],[15.815453,59.281222],[15.833703,59.29594],[15.823106,59.306832],[15.838413,59.323611],[15.850188,59.31684],[15.856075,59.301533],[15.854014,59.292997],[16.022391,59.289759],[16.056831,59.271803],[16.082735,59.26621],[16.108639,59.266798],[16.146318,59.281811],[16.226974,59.285638],[16.289379,59.307421],[16.331473,59.292702],[16.367974,59.294174],[16.403592,59.304183]]]]}},{"type":"Feature","properties":{"kind":"water"},"geometry":{"type":"MultiPolygon","coordinates":[[[[24.684938,61.641139],[24.621944,61.663511],[24.566015,61.661156],[24.536284,61.619062],[24.523332,61.614058],[24.484476,61.622595],[24.42266,61.582267],[24.576612,61.536051],[24.60075,61.513385],[24.532458,61.515446],[24.497134,61.533402],[24.471524,61.537818],[24.42266,61.533697],[24.408825,61.519567],[24.387336,61.514857],[24.294317,61.520156],[24.27224,61.513385],[24.285486,61.499845],[24.233384,61.493369],[24.224553,61.479239],[24.20483,61.472469],[24.201298,61.465698],[24.203947,61.458045],[24.193939,61.44892],[24.162442,61.442738],[24.155671,61.433907],[24.158026,61.421249],[24.165385,61.416245],[24.197177,61.416245],[24.150079,61.402705],[24.142719,61.395934],[24.145369,61.385926],[24.161853,61.368853],[24.163031,61.355018],[24.153022,61.340005],[24.107984,61.341182],[24.09827,61.333823],[24.09621,61.324992],[24.101803,61.315867],[24.114755,61.307331],[24.210718,61.341182],[24.222198,61.332057],[24.224553,61.317339],[24.301382,61.289374],[24.317277,61.280249],[24.326991,61.265531],[24.307269,61.266414],[24.278421,61.287314],[24.261348,61.292612],[24.203947,61.293495],[24.187757,61.307919],[24.141248,61.265236],[24.128884,61.259644],[24.028801,61.256994],[24.000542,61.239332],[23.991122,61.224614],[24.077959,61.17781],[24.135655,61.163386],[24.142719,61.163092],[24.173039,61.191057],[24.224847,61.17781],[24.245158,61.183698],[24.231323,61.211073],[24.289607,61.194295],[24.315217,61.18046],[24.352307,61.173395],[24.367614,61.162798],[24.388513,61.128946],[24.367614,61.133656],[24.324636,61.153967],[24.312568,61.142781],[24.326403,61.113345],[24.374384,61.085674],[24.416184,61.046524],[24.467109,61.032689],[24.477706,61.019737],[24.419127,61.022092],[24.392635,61.033866],[24.370852,61.070367],[24.323459,61.094211],[24.307269,61.122764],[24.294611,61.122764],[24.27224,61.108635],[24.27224,61.067718],[24.252223,61.065658],[24.223375,61.07596],[24.133005,61.132773],[24.10298,61.134539],[24.046168,61.15956],[24.032627,61.161326],[24.009078,61.15485],[23.988767,61.168096],[23.791543,61.203126],[23.764462,61.218433],[23.778885,61.224614],[23.757397,61.282604],[23.750332,61.314984],[23.757691,61.341182],[23.798019,61.259055],[23.833343,61.213134],[23.898692,61.211073],[23.958153,61.191351],[23.977581,61.197238],[23.96198,61.20342],[23.950794,61.215783],[23.936665,61.245808],[23.970811,61.245808],[24.012905,61.264059],[24.046462,61.293495],[24.055293,61.323815],[24.047934,61.350013],[24.027623,61.368558],[23.990533,61.381216],[23.971988,61.411241],[23.970811,61.423899],[23.984057,61.435379],[24.004368,61.436556],[24.042636,61.430669],[24.057059,61.418306],[24.074427,61.418306],[24.155671,61.464815],[24.152139,61.479239],[24.27224,61.545471],[24.345831,61.562839],[24.367908,61.589037],[24.340532,61.6014],[24.348186,61.608759],[24.307563,61.605521],[24.296672,61.608465],[24.306386,61.628776],[24.324636,61.648204],[24.340532,61.652914],[24.356428,61.647615],[24.374678,61.636135],[24.37144,61.621123],[24.40382,61.61288],[24.421188,61.62024],[24.478295,61.629659],[24.48948,61.639962],[24.477706,61.656741],[24.511852,61.67087],[24.511852,61.677052],[24.457395,61.683234],[24.457395,61.690887],[24.475351,61.684705],[24.575435,61.679701],[24.60075,61.697657],[24.60075,61.705016],[24.587504,61.705016],[24.62636,61.722384],[24.765888,61.738574],[24.780018,61.732392],[24.765888,61.711198],[24.730859,61.71738],[24.690237,61.710904],[24.664627,61.694419],[24.676402,61.67087],[24.662861,61.663511],[24.704366,61.64997],[24.684938,61.641139]]]]}},{"type":"Feature","properties":{"kind":"water"},"geometry":{"type":"MultiPolygon","coordinates":[[[[23.501594,61.420072],[23.490114,61.397995],[23.500123,61.382099],[23.539273,61.361788],[23.569592,61.337944],[23.584605,61.332351],[23.625227,61.334118],[23.657019,61.326464],[23.723545,61.32823],[23.725311,61.320871],[23.720601,61.314984],[23.710004,61.314101],[23.703234,61.293495],[23.73061,61.279955],[23.732376,61.266414],[23.72796,61.255817],[23.703234,61.239038],[23.683217,61.259349],[23.694697,61.273184],[23.686161,61.286725],[23.652603,61.300855],[23.531914,61.307331],[23.553108,61.287314],[23.497768,61.293495],[23.511897,61.307331],[23.463621,61.348247],[23.475985,61.360316],[23.458617,61.372679],[23.418878,61.385926],[23.37649,61.369736],[23.349408,61.368853],[23.326448,61.375623],[23.359711,61.382982],[23.375312,61.41654],[23.433008,61.410358],[23.446254,61.414479],[23.559878,61.485421],[23.600206,61.495429],[23.6423,61.498962],[23.688221,61.490131],[23.708238,61.493957],[23.716775,61.516329],[23.641712,61.539878],[23.634941,61.556657],[23.631703,61.58786],[23.614336,61.595219],[23.641712,61.608759],[23.586666,61.623772],[23.558407,61.636724],[23.556346,61.653208],[23.576657,61.657329],[23.631115,61.638196],[23.656136,61.642317],[23.637002,61.653208],[23.614336,61.656741],[23.614336,61.663511],[23.633175,61.663805],[23.649071,61.67087],[23.539273,61.705016],[23.571064,61.708549],[23.636413,61.702073],[23.669676,61.705016],[23.692048,61.717968],[23.692931,61.734453],[23.677035,61.747994],[23.649071,61.752115],[23.682923,61.776841],[23.709121,61.782434],[23.710004,61.803923],[23.669676,61.814814],[23.669676,61.820996],[23.690576,61.832771],[23.711182,61.836597],[23.764462,61.83542],[23.74209,61.857791],[23.710004,61.873098],[23.647599,61.886639],[23.63553,61.903124],[23.675858,61.903124],[23.703528,61.889288],[23.749449,61.883107],[23.825101,61.857791],[23.842762,61.856908],[23.869255,61.875159],[23.874259,61.886345],[23.871021,61.896648],[23.847178,61.896942],[23.831871,61.91166],[23.835109,61.917253],[23.909289,61.91843],[23.943435,61.930499],[23.970222,61.960525],[23.984352,61.96494],[24.054116,61.964646],[24.072955,61.971416],[23.998775,61.992316],[24.013199,61.99261],[24.021441,61.997909],[24.025268,62.007328],[24.021441,62.025873],[24.007018,62.027051],[24.004957,62.034116],[24.007018,62.041769],[24.022325,62.050894],[24.020264,62.066496],[23.999364,62.086512],[23.971988,62.102997],[23.950205,62.109178],[23.963746,62.094755],[23.953738,62.091517],[23.908111,62.100936],[23.880147,62.091811],[23.796547,62.103291],[23.785067,62.088573],[23.73738,62.102408],[23.682923,62.102408],[23.657019,62.112416],[23.649071,62.119481],[23.652603,62.122719],[23.703234,62.12949],[23.678213,62.14303],[23.649071,62.143325],[23.65849,62.162753],[23.621401,62.211617],[23.665261,62.23134],[23.684689,62.234578],[23.710004,62.225747],[23.682334,62.216033],[23.67262,62.208085],[23.671737,62.197782],[23.699407,62.175116],[23.696758,62.169229],[23.683217,62.163636],[23.696169,62.151567],[23.717069,62.144208],[23.739146,62.143325],[23.757691,62.150095],[23.756514,62.161281],[23.764462,62.17806],[23.786539,62.18012],[23.795664,62.17541],[23.803023,62.148034],[23.830988,62.145974],[23.874554,62.133022],[23.892804,62.135671],[23.922829,62.157454],[23.905168,62.179531],[23.907523,62.192189],[23.922829,62.204552],[23.904285,62.218682],[23.909877,62.224569],[23.950205,62.218388],[23.958153,62.238404],[23.974049,62.241054],[24.019087,62.231928],[23.992888,62.200137],[23.975521,62.195133],[23.956976,62.204552],[23.944024,62.190423],[23.936665,62.174233],[23.938725,62.164225],[23.954621,62.141264],[23.977581,62.150095],[23.987884,62.172761],[23.998775,62.17806],[24.019087,62.148034],[24.034393,62.135082],[24.053233,62.12949],[24.065596,62.134788],[24.069717,62.147446],[24.106807,62.144502],[24.13536,62.157454],[24.185991,62.171289],[24.203653,62.169229],[24.190406,62.150095],[24.167446,62.140381],[24.106807,62.136554],[24.080609,62.12949],[24.095032,62.116538],[24.163031,62.122719],[24.128296,62.093577],[24.087379,62.075032],[24.087379,62.068262],[24.101803,62.060314],[24.167152,62.050894],[24.21425,62.034116],[24.237505,62.042358],[24.257816,62.062375],[24.286075,62.109178],[24.272828,62.115654],[24.277244,62.120659],[24.306386,62.122719],[24.353484,62.105057],[24.357605,62.098581],[24.318749,62.087984],[24.309035,62.068556],[24.278421,62.047656],[24.299616,62.040003],[24.323753,62.040297],[24.330524,62.037059],[24.340532,62.019692],[24.363198,62.021752],[24.39234,62.036765],[24.474173,62.019103],[24.57308,62.019103],[24.594568,62.026462],[24.565132,62.037648],[24.529808,62.091222],[24.498311,62.109178],[24.475057,62.109178],[24.445031,62.092988],[24.426486,62.088573],[24.411768,62.100053],[24.361138,62.116538],[24.388513,62.12949],[24.30197,62.162164],[24.278421,62.17806],[24.332584,62.175116],[24.364081,62.165991],[24.401466,62.144502],[24.411474,62.14303],[24.427664,62.149212],[24.457395,62.135671],[24.505082,62.12949],[24.534224,62.10594],[24.560128,62.094166],[24.587504,62.067967],[24.608109,62.075032],[24.60075,62.081214],[24.608109,62.088573],[24.60075,62.094755],[24.628715,62.122719],[24.580733,62.151567],[24.573963,62.170701],[24.594568,62.184241],[24.587504,62.211617],[24.61488,62.191012],[24.621944,62.228985],[24.618412,62.240759],[24.601044,62.249884],[24.594568,62.259893],[24.629892,62.26107],[24.662861,62.266663],[24.690531,62.277555],[24.69789,62.275789],[24.690237,62.259893],[24.697596,62.252534],[24.658445,62.206907],[24.662861,62.191012],[24.681995,62.183653],[24.7235,62.201903],[24.745283,62.204552],[24.738512,62.218388],[24.780018,62.218388],[24.757057,62.193661],[24.715258,62.175116],[24.684349,62.155394],[24.693769,62.126252],[24.727621,62.115949],[24.731742,62.105646],[24.72556,62.101525],[24.686999,62.105646],[24.64932,62.086512],[24.640195,62.075915],[24.649614,62.053838],[24.635191,62.027051],[24.61694,62.014393],[24.580145,62.00674],[24.640489,61.989078],[24.670809,61.974654],[24.683761,61.954932],[24.690531,61.930499],[24.729682,61.918725],[24.738218,61.906656],[24.739101,61.894881],[24.731742,61.889288],[24.711137,61.897531],[24.649614,61.951399],[24.594568,61.96494],[24.582794,61.982602],[24.532458,61.984957],[24.532458,61.992316],[24.560422,61.999381],[24.528631,62.008506],[24.480355,62.012333],[24.430902,62.009389],[24.395873,61.999381],[24.414418,61.995554],[24.430608,61.984957],[24.412946,61.980247],[24.326697,62.002913],[24.310507,62.00203],[24.278421,61.984957],[24.268707,61.997909],[24.235739,62.01145],[24.172156,62.015276],[24.088262,62.040592],[24.072955,62.040297],[24.065007,62.02764],[24.067951,62.015571],[24.078842,62.007328],[24.094149,62.00674],[24.092383,61.990844],[24.105335,61.982307],[24.145663,61.978775],[24.167152,61.981719],[24.176866,61.978775],[24.18658,61.961996],[24.197177,61.958464],[24.180692,61.954049],[24.107984,61.958464],[24.019087,61.94404],[24.028506,61.931088],[24.044402,61.922257],[24.080609,61.909894],[24.004957,61.916664],[23.943435,61.903124],[23.970811,61.896942],[23.963452,61.878397],[23.936665,61.868389],[23.906639,61.848961],[23.88103,61.85161],[23.854537,61.83542],[23.796842,61.820996],[23.758574,61.787733],[23.73061,61.773309],[23.740912,61.770365],[23.757691,61.745933],[23.819213,61.732392],[23.819213,61.725622],[23.764462,61.725622],[23.778885,61.717968],[23.764462,61.705016],[23.772115,61.693242],[23.768877,61.682056],[23.744739,61.663511],[23.718246,61.666749],[23.731493,61.650853],[23.776236,61.635841],[23.828633,61.640551],[23.868961,61.651442],[23.914587,61.650853],[23.936665,61.656741],[23.893393,61.63849],[23.789188,61.63172],[23.750921,61.622595],[23.773292,61.601106],[23.806556,61.620828],[23.819213,61.62024],[23.826572,61.608759],[23.81362,61.606699],[23.778885,61.589037],[23.806261,61.554008],[23.81156,61.535168],[23.795959,61.526926],[23.766228,61.521039],[23.731787,61.491308],[23.710004,61.479239],[23.68204,61.473941],[23.590492,61.472174],[23.565766,61.466876],[23.541334,61.45363],[23.501594,61.420072]]]]}},{"type":"Feature","properties":{"kind":"water"},"geometry":{"type":"MultiPolygon","coordinates":[[[[23.231074,61.432141],[23.264337,61.402705],[23.22813,61.403882],[23.157483,61.415951],[23.120982,61.410358],[23.085952,61.38622],[23.074472,61.371208],[23.062109,61.369736],[23.053867,61.375329],[23.059459,61.389164],[23.030906,61.405059],[22.960259,61.341182],[22.80454,61.323521],[22.720352,61.287314],[22.692682,61.279955],[22.668544,61.252579],[22.644112,61.235506],[22.640285,61.224614],[22.651471,61.207541],[22.64735,61.201065],[22.579057,61.211073],[22.626744,61.211073],[22.617325,61.230796],[22.626744,61.245808],[22.660596,61.274067],[22.738603,61.322637],[22.775104,61.331468],[22.808956,61.348247],[22.877837,61.344715],[22.947601,61.358256],[23.002647,61.421544],[23.02443,61.439794],[23.045919,61.44421],[23.060048,61.423016],[23.080654,61.423899],[23.146591,61.441266],[23.158071,61.4604],[23.168963,61.464815],[23.38797,61.464815],[23.38797,61.458045],[23.372663,61.452746],[23.240788,61.451275],[23.22342,61.445387],[23.231074,61.432141]]]]}},{"type":"Feature","properties":{"kind":"water"},"geometry":{"type":"MultiPolygon","coordinates":[[[[12.924208,63.618678],[12.856504,63.671369],[12.911256,63.671369],[12.938043,63.688442],[13.007219,63.717878],[13.064031,63.732008],[13.244476,63.732891],[13.27303,63.726121],[13.3216,63.67755],[13.306882,63.676962],[13.234468,63.706398],[13.023703,63.705221],[12.979549,63.691974],[13.033712,63.679022],[13.062559,63.666953],[13.088758,63.636928],[13.177361,63.609847],[13.037244,63.595717],[13.016344,63.586886],[13.024292,63.567458],[13.061382,63.534195],[13.175301,63.486214],[13.237412,63.47179],[13.323955,63.46237],[13.354863,63.451184],[13.373997,63.433817],[13.363105,63.411445],[13.353685,63.411151],[13.293341,63.447063],[13.22652,63.455306],[13.158816,63.474439],[13.051079,63.522421],[13.005158,63.530957],[12.949524,63.573051],[12.941576,63.598955],[12.924208,63.618678]]]]}},{"type":"Feature","properties":{"kind":"water"},"geometry":{"type":"MultiPolygon","coordinates":[[[[17.948121,65.901471],[18.014941,65.886753],[18.037313,65.871152],[18.077347,65.802271],[18.12209,65.774601],[18.172721,65.761354],[18.16595,65.782254],[18.221291,65.768713],[18.330205,65.777839],[18.364057,65.757822],[18.392611,65.748108],[18.364646,65.733978],[18.401147,65.703953],[18.529784,65.658915],[18.480625,65.650968],[18.380247,65.645963],[18.3305,65.651262],[18.218936,65.688941],[18.186556,65.686291],[18.227472,65.656855],[18.224529,65.651262],[18.204512,65.655677],[18.179785,65.674517],[18.16595,65.679227],[18.139752,65.663331],[18.129449,65.650673],[18.128566,65.641842],[18.193915,65.617999],[18.18214,65.605636],[18.155059,65.60122],[18.089416,65.62212],[18.077347,65.63154],[18.091476,65.64508],[18.077052,65.655383],[18.071165,65.672456],[18.118852,65.665097],[18.12209,65.677755],[18.112082,65.686291],[18.084706,65.693062],[18.084706,65.699832],[18.112082,65.706014],[18.112082,65.713373],[18.082351,65.71249],[18.071165,65.716316],[18.055858,65.747519],[18.05733,65.768713],[18.021123,65.801976],[18.005522,65.831118],[17.956363,65.841127],[17.940762,65.857022],[17.982267,65.864382],[17.961073,65.881455],[17.933697,65.890874],[17.948121,65.901471]]]]}},{"type":"Feature","properties":{"kind":"water"},"geometry":{"type":"MultiPolygon","coordinates":[[[[17.87188,65.912069],[17.843621,65.889108],[17.843916,65.871152],[17.824488,65.852901],[17.783571,65.841421],[17.739417,65.845837],[17.727642,65.864382],[17.659055,65.884693],[17.676717,65.890874],[17.714101,65.885576],[17.727642,65.898233],[17.727642,65.912069],[17.668769,65.922077],[17.659055,65.932674],[17.667003,65.938267],[17.720872,65.939444],[17.717045,65.947981],[17.768853,65.946804],[17.748248,65.968586],[17.639038,66.007737],[17.637861,66.024221],[17.614606,66.031286],[17.586347,66.028637],[17.569568,66.015096],[17.592235,66.009209],[17.611074,65.993902],[17.515405,66.015096],[17.54337,66.021866],[17.526591,66.032464],[17.524825,66.040117],[17.529829,66.049242],[17.513639,66.05248],[17.481554,66.076029],[17.443286,66.076618],[17.405608,66.070436],[17.379998,66.059545],[17.376466,66.047476],[17.385885,66.007737],[17.378526,66.007737],[17.327307,66.065138],[17.337315,66.083388],[17.315827,66.092219],[17.303169,66.111353],[17.371461,66.103994],[17.399426,66.090159],[17.408846,66.091336],[17.420032,66.103994],[17.451823,66.111353],[17.478316,66.109881],[17.502159,66.099579],[17.553084,66.052775],[17.58046,66.047476],[17.59665,66.048065],[17.603715,66.052775],[17.594589,66.073086],[17.572806,66.088098],[17.522176,66.103994],[17.53395,66.112825],[17.547786,66.113414],[17.597239,66.100167],[17.608719,66.092219],[17.611074,66.076029],[17.633446,66.0619],[17.655523,66.056013],[17.678189,66.060134],[17.700561,66.076029],[17.692613,66.085449],[17.699383,66.087215],[17.724404,66.083388],[17.75178,66.056601],[17.773857,66.046299],[17.782099,66.046887],[17.787692,66.053363],[17.789164,66.06661],[17.798289,66.071614],[17.857751,66.076029],[17.730586,66.125777],[17.653168,66.134902],[17.631679,66.158451],[17.597239,66.169637],[17.583992,66.178468],[17.597533,66.185827],[17.624615,66.172581],[17.63845,66.17994],[17.639627,66.184061],[17.611957,66.187888],[17.620199,66.217913],[17.673185,66.213792],[17.686725,66.199368],[17.726465,66.190537],[17.812125,66.187888],[17.851275,66.179646],[17.834202,66.173464],[17.799761,66.176113],[17.782982,66.172581],[17.827137,66.155508],[17.837734,66.131075],[17.85569,66.124599],[17.903083,66.11989],[17.912797,66.114297],[17.923689,66.095457],[17.949004,66.086921],[17.978735,66.087215],[18.026127,66.100167],[18.052914,66.097518],[18.098541,66.076029],[18.112082,66.058956],[18.108255,66.05042],[18.090887,66.048065],[17.940467,66.062783],[17.909853,66.051008],[17.962839,65.996845],[17.933403,65.98095],[17.951947,65.966526],[17.974908,65.960639],[17.957835,65.947981],[17.91368,65.932968],[17.926338,65.912069],[17.948121,65.901471],[17.933697,65.890874],[17.87188,65.912069]]]]}},{"type":"Feature","properties":{"kind":"water"},"geometry":{"type":"MultiPolygon","coordinates":[[[[15.541694,63.781167],[15.538456,63.838273],[15.54817,63.852697],[15.534924,63.869476],[15.519911,63.873008],[15.466042,63.869476],[15.40452,63.89744],[15.30267,63.925111],[15.275,63.945716],[15.264992,63.933942],[15.253806,63.932764],[15.24262,63.939535],[15.2332,63.952487],[15.261165,63.979274],[15.272351,63.972798],[15.276178,63.95072],[15.285008,63.945716],[15.312679,63.940418],[15.372435,63.91628],[15.424243,63.909509],[15.429836,63.914219],[15.431896,63.928349],[15.426892,63.939829],[15.391568,63.952487],[15.391568,63.966616],[15.450441,63.951309],[15.466042,63.962495],[15.452207,63.978685],[15.356833,64.001057],[15.337405,64.012537],[15.317094,64.030787],[15.310618,64.047566],[15.353595,64.062873],[15.354184,64.081418],[15.343293,64.102024],[15.329457,64.117036],[15.303259,64.131166],[15.253512,64.149711],[15.207002,64.185034],[15.123403,64.219475],[15.14548,64.224773],[15.139298,64.243907],[15.118987,64.264513],[15.099853,64.274227],[15.075716,64.279231],[14.993588,64.315143],[14.808139,64.346051],[14.729249,64.339575],[14.692159,64.342813],[14.592075,64.374016],[14.337156,64.385496],[14.322143,64.390795],[14.285642,64.421409],[14.236778,64.428768],[14.17555,64.454672],[14.134633,64.485874],[14.130512,64.493233],[14.138755,64.504125],[14.1364,64.515605],[14.125803,64.524436],[14.063103,64.531206],[13.883247,64.590079],[13.84439,64.613628],[13.72635,64.630996],[13.710455,64.641299],[13.709277,64.649835],[13.71958,64.656017],[13.739302,64.658372],[13.834676,64.651307],[14.076055,64.55711],[14.109907,64.54828],[14.102842,64.555933],[14.114617,64.55976],[14.140815,64.55505],[14.165542,64.534739],[14.158183,64.51119],[14.164659,64.487641],[14.180554,64.472334],[14.241782,64.447018],[14.317139,64.432889],[14.339217,64.414638],[14.371008,64.401686],[14.416929,64.399626],[14.500234,64.405219],[14.658307,64.377843],[14.712765,64.356649],[14.962974,64.342813],[14.988878,64.337515],[15.042747,64.311022],[15.12929,64.287767],[15.159315,64.273343],[15.179626,64.230661],[15.197288,64.211821],[15.21966,64.20093],[15.240854,64.205934],[15.234967,64.216237],[15.2332,64.246851],[15.206708,64.291888],[15.184925,64.314554],[15.13606,64.316321],[15.08278,64.311611],[15.048928,64.315143],[15.040098,64.327506],[15.040981,64.340459],[15.049517,64.351056],[15.062469,64.356649],[15.08072,64.336926],[15.155488,64.342519],[15.186102,64.326918],[15.261165,64.329273],[15.261165,64.322502],[15.236733,64.308373],[15.236144,64.291594],[15.270585,64.245968],[15.291779,64.178558],[15.305908,64.164723],[15.311796,64.137053],[15.319155,64.133815],[15.34241,64.136759],[15.366547,64.129988],[15.383915,64.117036],[15.39775,64.096431],[15.428364,64.086128],[15.424537,64.07347],[15.375673,64.046389],[15.363604,64.031376],[15.371257,64.019602],[15.389508,64.011948],[15.433368,64.006944],[15.449852,63.993992],[15.466042,64.001057],[15.476345,63.993992],[15.516084,63.924522],[15.544049,63.895969],[15.534924,63.876835],[15.549347,63.870653],[15.559061,63.859762],[15.569953,63.85358],[15.59674,63.850931],[15.632064,63.835624],[15.691525,63.839156],[15.752459,63.826499],[15.765705,63.815019],[15.774536,63.787348],[15.824284,63.755557],[15.829876,63.74025],[15.765705,63.749964],[15.747749,63.760856],[15.734503,63.78205],[15.735974,63.792941],[15.747749,63.801772],[15.733325,63.813841],[15.713014,63.821495],[15.672097,63.828559],[15.626471,63.830031],[15.608515,63.824144],[15.611458,63.809131],[15.57584,63.796474],[15.570542,63.783816],[15.582905,63.767626],[15.535512,63.74025],[15.520794,63.74025],[15.511963,63.751436],[15.541694,63.781167]]]]}},{"type":"Feature","properties":{"kind":"water"},"geometry":{"type":"MultiPolygon","coordinates":[[[[13.366932,64.704587],[13.32837,64.699288],[13.335141,64.685748],[13.216806,64.658372],[13.184426,64.665731],[13.174418,64.678977],[13.206209,64.688397],[13.219161,64.699288],[13.204443,64.706942],[13.21033,64.71489],[13.225343,64.72166],[13.347209,64.749625],[13.362222,64.756689],[13.376646,64.767581],[13.379884,64.791719],[13.397251,64.79584],[13.410792,64.791719],[13.416974,64.777001],[13.462306,64.764343],[13.503517,64.729608],[13.533836,64.712829],[13.61096,64.699288],[13.643634,64.685748],[13.61096,64.679566],[13.366932,64.704587]]]]}},{"type":"Feature","properties":{"kind":"water"},"geometry":{"type":"MultiPolygon","coordinates":[[[[11.800915,61.999381],[11.76618,62.00674],[11.796205,61.967001],[11.800915,61.951399],[11.795027,61.930794],[11.781192,61.920491],[11.765002,61.922552],[11.751756,61.937858],[11.759115,61.956992],[11.753228,61.977303],[11.725852,62.00674],[11.758821,62.04383],[11.77766,62.055899],[11.793556,62.040297],[11.789729,62.019397],[11.800915,61.999381]]]]}},{"type":"Feature","properties":{"kind":"water"},"geometry":{"type":"MultiPolygon","coordinates":[[[[11.968997,62.390591],[11.969585,62.355267],[11.958105,62.317588],[11.933673,62.276083],[11.9375,62.222214],[11.946036,62.196605],[11.941032,62.187479],[11.890107,62.151272],[11.878038,62.121836],[11.875978,62.068262],[11.901587,62.052366],[11.895994,62.030289],[11.900998,61.992905],[11.914834,61.969944],[11.931024,61.924023],[11.896877,61.928144],[11.882159,61.947867],[11.869207,62.00674],[11.853606,62.03647],[11.833295,62.056782],[11.806802,62.070911],[11.735566,62.089162],[11.718493,62.096521],[11.711428,62.109178],[11.738804,62.163636],[11.753228,62.163341],[11.787963,62.148918],[11.807096,62.150095],[11.818282,62.15716],[11.807096,62.191012],[11.845952,62.18483],[11.857433,62.193072],[11.865675,62.232223],[11.897172,62.280498],[11.910418,62.313173],[11.910418,62.347908],[11.894817,62.379699],[11.861554,62.403837],[11.917483,62.404426],[11.910124,62.417672],[11.929846,62.419438],[11.95104,62.410607],[11.968997,62.390591]]]]}},{"type":"Feature","properties":{"kind":"water"},"geometry":{"type":"MultiPolygon","coordinates":[[[[11.743219,62.620195],[11.643136,62.664055],[11.597803,62.679067],[11.503018,62.678479],[11.463868,62.698201],[11.745574,62.692019],[11.823875,62.680834],[11.841831,62.670825],[11.805625,62.669648],[11.701714,62.681128],[11.683758,62.664055],[11.705835,62.641683],[11.750873,62.629614],[11.835061,62.623138],[11.802092,62.608714],[11.743219,62.620195]]]]}},{"type":"Feature","properties":{"kind":"water"},"geometry":{"type":"MultiPolygon","coordinates":[[[[11.218074,59.484922],[11.224844,59.470498],[11.213658,59.447832],[11.172742,59.392198],[11.152725,59.381306],[11.096796,59.364822],[11.046165,59.333913],[11.07148,59.332147],[11.073541,59.318018],[11.056762,59.306538],[11.026148,59.313014],[11.01143,59.329498],[11.018495,59.345099],[11.038806,59.356874],[11.086199,59.367471],[11.144188,59.399262],[11.179512,59.454014],[11.199823,59.474619],[11.218074,59.484922]]]]}},{"type":"Feature","properties":{"kind":"water"},"geometry":{"type":"MultiPolygon","coordinates":[[[[11.229848,59.737192],[11.247216,59.670077],[11.24545,59.642996],[11.216013,59.651827],[11.205416,59.676848],[11.199529,59.74985],[11.188343,59.761036],[11.190992,59.795771],[11.186282,59.809606],[11.174508,59.822558],[11.123877,59.845518],[11.112986,59.856704],[11.107982,59.898209],[11.059411,59.932944],[11.050875,59.947663],[11.058528,59.966502],[11.096796,59.946485],[11.136829,59.908512],[11.166854,59.89556],[11.195702,59.866418],[11.20571,59.863474],[11.243389,59.771044],[11.229848,59.737192]]]]}},{"type":"Feature","properties":{"kind":"water"},"geometry":{"type":"MultiPolygon","coordinates":[[[[16.34207,60.154306],[16.433912,60.156367],[16.433029,60.149596],[16.417722,60.144298],[16.381515,60.144298],[16.345897,60.126342],[16.317049,60.121632],[16.329412,60.149302],[16.34207,60.154306]]]]}},{"type":"Feature","properties":{"kind":"water"},"geometry":{"type":"MultiPolygon","coordinates":[[[[17.261664,60.375668],[17.23105,60.358006],[17.21015,60.33063],[17.199847,60.327687],[17.158636,60.333868],[17.135087,60.313557],[17.116836,60.318267],[17.106828,60.330042],[17.108594,60.343877],[17.12449,60.355063],[17.059435,60.345643],[17.049427,60.337695],[17.0247,60.289419],[17.015281,60.278822],[16.997913,60.27058],[16.94375,60.278822],[16.85809,60.272641],[16.878696,60.251446],[16.837191,60.232313],[16.848965,60.221716],[16.849259,60.208764],[16.840429,60.198755],[16.823944,60.196695],[16.83042,60.190513],[16.827477,60.182271],[16.833364,60.176089],[16.85809,60.170202],[16.85809,60.162548],[16.816291,60.167258],[16.806282,60.161665],[16.816585,60.142237],[16.797746,60.148125],[16.789209,60.166375],[16.780967,60.171674],[16.662044,60.184626],[16.630547,60.180505],[16.60376,60.162548],[16.583154,60.171085],[16.528697,60.155778],[16.508386,60.157544],[16.495728,60.165198],[16.480716,60.190513],[16.505737,60.179916],[16.531641,60.176384],[16.569614,60.190513],[16.598461,60.183154],[16.621422,60.193457],[16.686182,60.204348],[16.746526,60.191985],[16.768898,60.196695],[16.761539,60.211119],[16.772136,60.222304],[16.799218,60.227309],[16.809815,60.2382],[16.81217,60.251446],[16.789209,60.278822],[16.838662,60.277056],[16.885761,60.283238],[16.929032,60.297956],[17.042068,60.368015],[17.121841,60.380084],[17.145684,60.38862],[17.131849,60.402161],[17.224868,60.413641],[17.255482,60.443666],[17.313177,60.443372],[17.384119,60.457501],[17.399426,60.46486],[17.36999,60.482817],[17.337315,60.492236],[17.352328,60.508132],[17.380292,60.517257],[17.407668,60.517257],[17.420032,60.505777],[17.412378,60.492236],[17.423858,60.463389],[17.392361,60.436307],[17.345557,60.416585],[17.309939,60.40952],[17.311411,60.39333],[17.298753,60.384793],[17.261664,60.375668]]]]}},{"type":"Feature","properties":{"kind":"water"},"geometry":{"type":"MultiPolygon","coordinates":[[[[13.314829,61.622889],[13.383416,61.564016],[13.424922,61.543999],[13.513231,61.526926],[13.565333,61.509264],[13.593003,61.505143],[13.616847,61.513385],[13.609488,61.526926],[13.67778,61.485421],[13.715165,61.44421],[13.72635,61.420661],[13.711927,61.410358],[13.698975,61.4186],[13.67101,61.472174],[13.644223,61.482183],[13.582112,61.490425],[13.53884,61.511914],[13.397546,61.537523],[13.330725,61.570786],[13.309236,61.606993],[13.282449,61.623772],[13.245948,61.636135],[13.211802,61.663511],[13.230347,61.659979],[13.314829,61.622889]]]]}},{"type":"Feature","properties":{"kind":"water"},"geometry":{"type":"MultiPolygon","coordinates":[[[[15.08278,60.88845],[15.096615,60.881974],[15.08543,60.867845],[15.05511,60.850772],[15.048928,60.83782],[14.985051,60.834876],[14.973277,60.81692],[14.965918,60.782185],[14.964152,60.76364],[14.977692,60.731554],[14.967978,60.725373],[14.952966,60.729199],[14.945312,60.741563],[14.930594,60.750099],[14.878197,60.753337],[14.88379,60.766584],[14.921174,60.764523],[14.931772,60.766584],[14.938836,60.774531],[14.924412,60.813388],[14.912344,60.822513],[14.796658,60.813682],[14.774581,60.806912],[14.801368,60.779536],[14.776347,60.780713],[14.743379,60.794548],[14.726894,60.792782],[14.731015,60.780419],[14.722479,60.771882],[14.693337,60.783951],[14.69157,60.793959],[14.699518,60.813093],[14.65713,60.845179],[14.507004,60.90258],[14.479628,60.922891],[14.477862,60.934077],[14.479628,60.944674],[14.485516,60.948795],[14.513186,60.93702],[14.530553,60.950267],[14.561756,60.985591],[14.53438,60.991772],[14.564994,61.002369],[14.595608,60.995305],[14.621217,60.976171],[14.637407,60.950856],[14.652714,60.938787],[14.718063,60.934077],[14.743967,60.919947],[14.782529,60.912294],[14.860241,60.886979],[14.891149,60.85607],[14.922646,60.86078],[14.973277,60.881974],[14.983874,60.894043],[14.993588,60.895809],[15.08278,60.88845]]]]}},{"type":"Feature","properties":{"kind":"water"},"geometry":{"type":"MultiPolygon","coordinates":[[[[20.807574,67.864586],[20.81876,67.844863],[20.779021,67.831617],[20.654505,67.844863],[20.684235,67.826024],[20.784319,67.817488],[20.811401,67.789523],[20.785791,67.790995],[20.763714,67.803947],[20.724858,67.805713],[20.634782,67.821609],[20.578559,67.839565],[20.533521,67.840154],[20.462579,67.872239],[20.399291,67.919926],[20.376625,67.926697],[20.371621,67.955544],[20.362201,67.961137],[20.32099,67.966436],[20.284489,67.981448],[20.270065,68.002643],[20.222378,68.002643],[20.175574,68.018833],[20.077256,68.106848],[20.040461,68.156006],[20.026626,68.16366],[19.972463,68.173374],[19.930958,68.191036],[19.495593,68.249614],[19.501186,68.277579],[19.474987,68.284349],[19.410522,68.27699],[19.316031,68.279639],[19.17974,68.313197],[19.112625,68.341161],[19.07112,68.352642],[18.796773,68.339984],[18.727891,68.351758],[18.591895,68.440656],[18.564519,68.474803],[18.573939,68.483045],[18.622509,68.461262],[18.707286,68.439185],[18.755562,68.437418],[18.790885,68.421817],[18.830919,68.421523],[18.870069,68.410043],[19.112037,68.372364],[19.220363,68.336746],[19.477637,68.319673],[19.562414,68.301128],[19.783775,68.296712],[19.833229,68.312608],[19.900049,68.283172],[19.880916,68.27699],[19.828813,68.277284],[19.838233,68.283172],[19.809091,68.292297],[19.564474,68.269337],[19.596854,68.258445],[19.69841,68.262566],[19.728141,68.251675],[19.792606,68.246376],[19.842943,68.235779],[19.971874,68.234013],[20.051058,68.220178],[20.085793,68.208109],[20.010141,68.201044],[20.030747,68.182205],[20.076079,68.155712],[20.091975,68.139816],[20.09639,68.108614],[20.122294,68.101255],[20.13348,68.092718],[20.206188,68.023542],[20.226205,68.016183],[20.273303,68.017361],[20.29067,68.022954],[20.296558,68.028547],[20.298618,68.040616],[20.311276,68.041499],[20.332176,68.029724],[20.316869,68.001171],[20.315103,67.988219],[20.325405,67.97821],[20.368383,67.963198],[20.413715,67.954661],[20.409005,67.968496],[20.410477,67.982331],[20.421074,68.009413],[20.441974,67.967025],[20.442268,67.946713],[20.434615,67.919926],[20.511444,67.877832],[20.539997,67.853694],[20.578264,67.847513],[20.647734,67.851045],[20.681586,67.872239],[20.736338,67.88578],[20.786674,67.877243],[20.807574,67.864586]]]]}},{"type":"Feature","properties":{"kind":"water"},"geometry":{"type":"MultiPolygon","coordinates":[[[[16.345014,67.38801],[16.302625,67.392426],[16.338243,67.409499],[16.395056,67.412737],[16.500732,67.405967],[16.484837,67.422745],[16.456283,67.4251],[16.398882,67.42039],[16.402709,67.43452],[16.391229,67.443056],[16.357377,67.453948],[16.384164,67.453948],[16.405653,67.467489],[16.380926,67.47367],[16.364736,67.488683],[16.398294,67.496631],[16.621716,67.486622],[16.848082,67.511349],[16.906072,67.529599],[16.807165,67.549027],[16.770076,67.536959],[16.727393,67.537547],[16.667637,67.551382],[16.638495,67.563746],[16.638495,67.570516],[16.741228,67.577286],[16.896358,67.560508],[16.981135,67.54314],[17.033531,67.549322],[17.083573,67.563746],[17.035886,67.577286],[17.069149,67.586117],[17.107122,67.584646],[17.17983,67.570516],[17.17983,67.563746],[16.907544,67.517825],[16.840723,67.470432],[16.786854,67.463368],[16.686182,67.461307],[16.531052,67.438052],[16.480716,67.446883],[16.491313,67.438641],[16.522221,67.428044],[16.539294,67.40685],[16.61053,67.405967],[16.782439,67.379474],[16.760067,67.365344],[16.672641,67.378002],[16.638495,67.37182],[16.629664,67.361812],[16.665282,67.351509],[16.706787,67.316774],[16.69148,67.31177],[16.648209,67.314714],[16.612885,67.324428],[16.571085,67.319423],[16.549008,67.324133],[16.511035,67.350037],[16.396822,67.34886],[16.351195,67.357691],[16.377688,67.357691],[16.377688,67.36505],[16.345014,67.38801]]]]}},{"type":"Feature","properties":{"kind":"water"},"geometry":{"type":"MultiPolygon","coordinates":[[[[14.997415,65.222079],[14.931772,65.254165],[14.979753,65.264467],[14.996826,65.275653],[14.993588,65.29567],[15.003891,65.296553],[15.020964,65.289783],[15.027734,65.282129],[15.049223,65.211188],[15.05982,65.19853],[15.089256,65.178513],[15.089256,65.172332],[15.040686,65.181751],[15.017432,65.194114],[14.997415,65.222079]]]]}},{"type":"Feature","properties":{"kind":"water"},"geometry":{"type":"MultiPolygon","coordinates":[[[[15.317094,64.974224],[15.05511,65.041928],[14.96268,65.049287],[14.905573,65.035158],[14.88379,65.035158],[14.836986,65.044577],[14.813143,65.05282],[14.801368,65.062239],[14.83522,65.067244],[14.931772,65.055469],[15.027734,65.070776],[15.062469,65.069304],[15.135177,65.035158],[15.159021,65.035158],[15.169618,65.045461],[15.171678,65.061651],[15.164908,65.078429],[15.151367,65.090204],[15.173739,65.090793],[15.192873,65.082845],[15.206708,65.035158],[15.223192,65.021028],[15.266758,65.013669],[15.32357,64.98541],[15.374495,64.980995],[15.472813,64.986588],[15.418061,64.958623],[15.317094,64.974224]]]]}},{"type":"Feature","properties":{"kind":"water"},"geometry":{"type":"MultiPolygon","coordinates":[[[[15.884334,64.912114],[15.884334,64.932719],[15.904939,64.93949],[15.92525,64.932719],[15.933787,64.903577],[15.939086,64.898573],[15.954393,64.89975],[15.982357,64.910936],[15.987361,64.901517],[15.980002,64.8606],[15.986773,64.855007],[16.027984,64.835873],[16.204308,64.790247],[16.357377,64.709885],[16.361498,64.702821],[16.376216,64.703704],[16.374744,64.709885],[16.30969,64.747564],[16.323819,64.761105],[16.354433,64.754923],[16.385047,64.739028],[16.409774,64.701938],[16.435678,64.690163],[16.542238,64.665731],[16.569908,64.641299],[16.580211,64.637766],[16.628192,64.643948],[16.632607,64.639238],[16.631724,64.628935],[16.624954,64.61039],[16.64085,64.600676],[16.693246,64.586253],[16.734163,64.562115],[16.760656,64.523847],[16.77037,64.499415],[16.768898,64.480281],[16.734163,64.521198],[16.674996,64.57595],[16.617301,64.59685],[16.570497,64.627169],[16.50868,64.637766],[16.391523,64.685748],[16.347369,64.694284],[16.332062,64.691341],[16.340304,64.675445],[16.355022,64.664259],[16.412717,64.643948],[16.390051,64.637178],[16.312928,64.664259],[16.281725,64.706647],[16.215788,64.741677],[16.196949,64.746387],[16.158681,64.774351],[16.120414,64.791424],[16.028867,64.806437],[15.987361,64.822627],[15.949683,64.867076],[15.896403,64.892391],[15.884334,64.912114]]]]}},{"type":"Feature","properties":{"kind":"water"},"geometry":{"type":"MultiPolygon","coordinates":[[[[15.761584,58.510871],[15.611458,58.480552],[15.600272,58.447289],[15.574663,58.451999],[15.514907,58.488794],[15.555823,58.518525],[15.564066,58.536775],[15.62441,58.546489],[15.953215,58.518525],[15.953215,58.510871],[15.761584,58.510871]]]]}},{"type":"Feature","properties":{"kind":"water"},"geometry":{"type":"MultiPolygon","coordinates":[[[[15.063941,58.54855],[15.048928,58.552082],[15.075127,58.573865],[15.098382,58.581519],[15.255572,58.568567],[15.28177,58.559441],[15.275,58.552082],[15.226724,58.538836],[15.191401,58.540308],[15.130762,58.551494],[15.063941,58.54855]]]]}},{"type":"Feature","properties":{"kind":"water"},"geometry":{"type":"MultiPolygon","coordinates":[[[[16.273483,66.584985],[16.254938,66.591167],[16.258765,66.599703],[16.290851,66.607945],[16.295855,66.625313],[16.313517,66.62443],[16.326469,66.617659],[16.351195,66.597937],[16.334122,66.594699],[16.335594,66.584102],[16.357377,66.563791],[16.346486,66.545835],[16.362087,66.532294],[16.405653,66.515221],[16.430968,66.490494],[16.514862,66.474304],[16.823944,66.446339],[16.783028,66.446634],[16.659395,66.432799],[16.627015,66.444868],[16.368268,66.48755],[16.317638,66.533471],[16.313811,66.560258],[16.273483,66.584985]]]]}},{"type":"Feature","properties":{"kind":"water"},"geometry":{"type":"MultiPolygon","coordinates":[[[[17.570746,66.197307],[17.460359,66.207021],[17.399426,66.221151],[17.362631,66.235869],[17.348207,66.2447],[17.354388,66.248527],[17.371167,66.246172],[17.419148,66.234103],[17.440343,66.248527],[17.474489,66.234103],[17.482142,66.244994],[17.429451,66.276197],[17.390301,66.285911],[17.359098,66.30004],[17.299048,66.300924],[17.282269,66.309166],[17.302875,66.313581],[17.296399,66.324473],[17.261664,66.344195],[17.17983,66.371277],[17.151866,66.364506],[17.145684,66.377753],[16.981135,66.391882],[16.981135,66.399241],[17.049427,66.412193],[16.953464,66.416903],[16.926383,66.426028],[16.967594,66.432799],[16.983195,66.443985],[17.002623,66.450166],[17.027644,66.451049],[17.052665,66.440452],[17.083573,66.419258],[17.354388,66.355381],[17.569568,66.254708],[17.597533,66.227333],[17.620199,66.217913],[17.611957,66.187888],[17.570746,66.197307]]]]}},{"type":"Feature","properties":{"kind":"water"},"geometry":{"type":"MultiPolygon","coordinates":[[[[12.497675,60.974699],[12.472359,61.019737],[12.519752,61.012672],[12.560374,61.025918],[12.594815,61.026507],[12.560668,61.005607],[12.588044,60.999426],[12.548011,60.989123],[12.556842,60.945557],[12.540652,60.944674],[12.515925,60.954388],[12.497675,60.974699]]]]}},{"type":"Feature","properties":{"kind":"water"},"geometry":{"type":"MultiPolygon","coordinates":[[[[16.006495,66.865514],[15.993543,66.885825],[16.008556,66.890535],[16.027984,66.871696],[16.152794,66.830779],[16.165452,66.816944],[16.080969,66.811057],[16.069195,66.823126],[16.076259,66.830779],[16.026512,66.851679],[16.006495,66.865514]]]]}},{"type":"Feature","properties":{"kind":"water"},"geometry":{"type":"MultiPolygon","coordinates":[[[[13.821136,57.046704],[13.828495,57.031103],[13.821724,57.010203],[13.766384,56.975174],[13.762557,56.964577],[13.774037,56.948681],[13.768445,56.937789],[13.766384,56.900405],[13.752843,56.872146],[13.73577,56.849775],[13.673071,56.802088],[13.656586,56.777361],[13.667772,56.770296],[13.663357,56.765292],[13.636864,56.76382],[13.643634,56.783543],[13.642162,56.798261],[13.630976,56.804442],[13.609488,56.797966],[13.616847,56.818278],[13.61302,56.82652],[13.602718,56.832113],[13.609782,56.842121],[13.643634,56.853013],[13.616847,56.860077],[13.643634,56.894224],[13.595653,56.889219],[13.582406,56.894224],[13.616847,56.914535],[13.602718,56.93514],[13.630682,56.949858],[13.658352,57.009614],[13.684845,57.017562],[13.67778,57.010203],[13.694853,57.018151],[13.702801,57.028454],[13.699858,57.039934],[13.684845,57.051708],[13.738419,57.075552],[13.761085,57.073491],[13.766384,57.044938],[13.782574,57.052886],[13.803179,57.053769],[13.821136,57.046704]]]]}},{"type":"Feature","properties":{"kind":"water"},"geometry":{"type":"MultiPolygon","coordinates":[[[[14.829333,56.654022],[14.863185,56.612811],[14.848761,56.589557],[14.839341,56.588085],[14.811965,56.604864],[14.791654,56.592795],[14.777525,56.606041],[14.756625,56.597799],[14.801368,56.537749],[14.766045,56.548051],[14.751621,56.56954],[14.733664,56.578665],[14.714236,56.557177],[14.692159,56.544519],[14.676558,56.587202],[14.650948,56.593089],[14.629754,56.613106],[14.615624,56.673745],[14.589132,56.732912],[14.595902,56.76382],[14.610032,56.749985],[14.654481,56.640187],[14.676852,56.647252],[14.678618,56.655789],[14.671554,56.667563],[14.687155,56.674628],[14.7057,56.674922],[14.70099,56.715545],[14.7057,56.729674],[14.731604,56.712601],[14.765161,56.67345],[14.788416,56.661382],[14.816675,56.660498],[14.829333,56.654022]]]]}},{"type":"Feature","properties":{"kind":"water"},"geometry":{"type":"MultiPolygon","coordinates":[[[[12.184766,59.042199],[12.18035,59.028069],[12.197423,58.991274],[12.167692,59.008935],[12.149147,59.038666],[12.163277,59.043376],[12.170342,59.055151],[12.172108,59.070752],[12.166809,59.101071],[12.15474,59.119322],[12.043176,59.185848],[12.012562,59.193796],[11.989602,59.212341],[11.959871,59.219995],[11.889813,59.249725],[11.872445,59.277396],[11.848602,59.333913],[11.827996,59.316252],[11.813867,59.292997],[11.827702,59.249137],[11.827407,59.200272],[11.831823,59.187026],[11.86538,59.179372],[11.869207,59.155234],[11.895994,59.115201],[11.876272,59.071341],[11.875978,59.035428],[11.884514,59.015117],[11.912479,58.975672],[11.903353,58.956539],[11.931024,58.919154],[11.926314,58.905614],[11.915422,58.911795],[11.873623,58.980088],[11.856844,58.992745],[11.827407,58.998338],[11.838593,59.012468],[11.840065,59.026009],[11.831823,59.037489],[11.813867,59.046025],[11.83094,59.058683],[11.831234,59.075756],[11.820931,59.091652],[11.807096,59.101366],[11.840948,59.102543],[11.849485,59.116967],[11.841243,59.137867],[11.824464,59.158178],[11.796794,59.175251],[11.793556,59.230297],[11.77972,59.265032],[11.775011,59.294174],[11.704069,59.36806],[11.790023,59.317135],[11.813867,59.319784],[11.826524,59.342744],[11.822109,59.368354],[11.793556,59.408388],[11.817105,59.422517],[11.821226,59.450187],[11.814161,59.468143],[11.833295,59.483745],[11.84713,59.485805],[11.856255,59.481979],[11.855372,59.470498],[11.841831,59.456958],[11.85655,59.41398],[11.911007,59.390431],[11.916894,59.402206],[11.908946,59.431054],[11.910713,59.442534],[11.943976,59.422223],[12.005203,59.408388],[12.005203,59.402206],[11.953395,59.408388],[11.9375,59.402206],[11.943093,59.384838],[11.912184,59.362761],[11.885986,59.328909],[11.88628,59.323022],[11.90247,59.309187],[11.904531,59.283283],[11.95104,59.258262],[11.971352,59.230297],[12.048475,59.204688],[12.126776,59.153174],[12.154152,59.144343],[12.187709,59.123149],[12.197423,59.114318],[12.204782,59.095773],[12.203899,59.061627],[12.211258,59.046025],[12.184766,59.042199]]]]}},{"type":"Feature","properties":{"kind":"water"},"geometry":{"type":"MultiPolygon","coordinates":[[[[19.944498,67.744485],[19.82116,67.76097],[19.721959,67.792761],[19.610395,67.809245],[19.375198,67.83044],[19.252154,67.82308],[19.089665,67.823375],[19.039034,67.838976],[19.298075,67.846335],[19.796727,67.806007],[19.975112,67.755082],[19.944498,67.744485]]]]}},{"type":"Feature","properties":{"kind":"water"},"geometry":{"type":"MultiPolygon","coordinates":[[[[24.997553,61.351485],[24.978714,61.362377],[24.94339,61.395934],[24.916014,61.402705],[24.909244,61.423899],[24.868327,61.44421],[24.807688,61.45569],[24.78826,61.466876],[24.793559,61.491602],[24.809749,61.505438],[24.835358,61.516329],[24.863617,61.520156],[24.888638,61.513385],[24.868327,61.505732],[24.890404,61.49749],[24.974592,61.498962],[25.0,61.509135],[25.0,61.477589],[24.95487,61.490425],[24.921901,61.491897],[24.888638,61.485421],[24.909244,61.464815],[24.861262,61.472174],[24.881279,61.447742],[24.91778,61.427725],[25.0,61.402185],[24.997553,61.351485]]]]}},{"type":"Feature","properties":{"kind":"water"},"geometry":{"type":"MultiPolygon","coordinates":[[[[23.755631,63.094121],[23.681745,63.074693],[23.669676,63.067922],[23.656136,63.033187],[23.630231,63.026417],[23.614041,63.036131],[23.594025,63.067922],[23.533974,63.115315],[23.525732,63.133566],[23.530148,63.155937],[23.542217,63.177131],[23.559878,63.192438],[23.58019,63.198326],[23.608743,63.195971],[23.621401,63.199503],[23.628171,63.212161],[23.601384,63.239242],[23.601384,63.246896],[23.616102,63.246307],[23.716775,63.205979],[23.739146,63.190967],[23.749155,63.175365],[23.750921,63.133566],[23.766522,63.113843],[23.764462,63.102363],[23.755631,63.094121]]]]}},{"type":"Feature","properties":{"kind":"water"},"geometry":{"type":"MultiPolygon","coordinates":[[[[22.398318,60.930544],[22.388015,60.895809],[22.337679,60.882563],[22.325904,60.881974],[22.309125,60.891394],[22.147519,61.018559],[22.129858,61.037693],[22.137217,61.046524],[22.150463,61.051528],[22.147814,61.081259],[22.159588,61.090973],[22.172246,61.093917],[22.20286,61.088029],[22.234357,61.060948],[22.33238,61.023269],[22.359462,60.974699],[22.398318,60.930544]]]]}},{"type":"Feature","properties":{"kind":"water"},"geometry":{"type":"MultiPolygon","coordinates":[[[[23.95727,60.206703],[23.954621,60.198461],[23.963746,60.183743],[23.907228,60.187275],[23.909289,60.196695],[23.884268,60.204937],[23.860719,60.196695],[23.88574,60.175795],[23.885445,60.158427],[23.867783,60.151657],[23.840407,60.162548],[23.858069,60.169613],[23.867783,60.183743],[23.843645,60.18963],[23.826572,60.186392],[23.79272,60.170202],[23.772998,60.166964],[23.759752,60.171085],[23.73061,60.190513],[23.745622,60.185509],[23.757691,60.190513],[23.73738,60.204348],[23.750921,60.224659],[23.73061,60.224659],[23.740912,60.2382],[23.815681,60.278234],[23.895159,60.286181],[23.856303,60.267636],[23.813032,60.258806],[23.817153,60.252918],[23.813032,60.2382],[23.860719,60.252624],[23.959625,60.267636],[24.004957,60.286181],[24.028212,60.266459],[24.038809,60.262927],[24.053233,60.272641],[24.025268,60.306493],[23.981114,60.291186],[23.967278,60.296484],[24.004957,60.319445],[24.035277,60.32386],[24.053233,60.306493],[24.072955,60.272641],[24.067362,60.260572],[23.95727,60.206703]]]]}},{"type":"Feature","properties":{"kind":"water"},"geometry":{"type":"MultiPolygon","coordinates":[[[[24.333762,69.66786],[24.306386,69.640485],[24.333762,69.633126],[24.310213,69.625766],[24.219843,69.62871],[24.217782,69.619585],[24.238388,69.599568],[24.197177,69.599568],[24.10092,69.626355],[24.114755,69.654025],[24.094149,69.687877],[24.115932,69.690527],[24.118582,69.697591],[24.114755,69.708777],[24.282248,69.699063],[24.299616,69.694648],[24.282542,69.687877],[24.27224,69.674042],[24.333762,69.66786]]]]}},{"type":"Feature","properties":{"kind":"water"},"geometry":{"type":"MultiPolygon","coordinates":[[[[19.439075,66.671528],[19.427889,66.657399],[19.440841,66.645624],[19.440841,66.638265],[19.252743,66.688896],[19.243029,66.696843],[19.249505,66.718038],[19.225367,66.731284],[19.202701,66.73305],[19.162962,66.719509],[19.139412,66.724219],[19.089665,66.751301],[19.0617,66.758954],[19.023139,66.789862],[18.999589,66.800754],[18.872424,66.830779],[18.84446,66.830779],[18.837689,66.816944],[18.749086,66.816944],[18.727891,66.823126],[18.782937,66.837549],[18.766453,66.844614],[18.707875,66.85109],[18.669313,66.869635],[18.54568,66.887297],[18.45325,66.879055],[18.368473,66.885825],[18.310189,66.864337],[18.021123,66.858744],[17.819484,66.8767],[17.780039,66.887003],[17.748836,66.905842],[17.730586,66.930863],[17.740594,66.937633],[17.764143,66.931157],[17.814185,66.900249],[17.852158,66.894656],[18.139752,66.881998],[18.225706,66.869341],[18.268978,66.871696],[18.360525,66.896422],[18.474444,66.89966],[18.543914,66.912612],[18.579237,66.909374],[18.954257,66.830779],[18.941305,66.844908],[18.965443,66.851385],[18.996057,66.851385],[19.025788,66.845792],[19.069942,66.823126],[19.12911,66.81871],[19.153542,66.809585],[19.082306,66.806936],[19.071709,66.796633],[19.07583,66.785447],[19.112037,66.782209],[19.132936,66.758071],[19.173264,66.744825],[19.22625,66.739232],[19.277175,66.745708],[19.310438,66.768668],[19.316914,66.759249],[19.341641,66.745119],[19.346056,66.722747],[19.365778,66.70538],[19.42995,66.705674],[19.474987,66.693605],[19.439075,66.671528]]]]}},{"type":"Feature","properties":{"kind":"water"},"geometry":{"type":"MultiPolygon","coordinates":[[[[17.212799,65.07107],[17.241647,65.062239],[17.21486,65.056352],[17.131849,65.055469],[17.07592,65.079312],[17.056197,65.082845],[17.046778,65.094325],[17.031176,65.102862],[16.984961,65.114931],[16.967594,65.151726],[16.885172,65.200885],[16.85809,65.206478],[16.829243,65.2053],[16.827771,65.200296],[16.843961,65.192643],[16.843961,65.185872],[16.816585,65.188227],[16.741522,65.213837],[16.754474,65.220019],[16.736224,65.227378],[16.714735,65.226789],[16.720328,65.220019],[16.704727,65.21001],[16.688242,65.216192],[16.652036,65.241213],[16.570791,65.262996],[16.549008,65.275359],[16.526342,65.263879],[16.500732,65.267706],[16.512801,65.295964],[16.508975,65.308033],[16.494551,65.316276],[16.494551,65.322457],[16.515451,65.326578],[16.512801,65.336587],[16.496023,65.346595],[16.449807,65.352777],[16.354139,65.37662],[16.30498,65.405174],[16.254938,65.426073],[16.274072,65.427545],[16.34001,65.412533],[16.385342,65.386923],[16.417722,65.378092],[16.487192,65.370733],[16.480716,65.385157],[16.507797,65.381919],[16.539294,65.362196],[16.554895,65.338059],[16.534879,65.322457],[16.548419,65.311566],[16.594046,65.301263],[16.613474,65.277714],[16.637023,65.273004],[16.686182,65.275359],[16.673524,65.291255],[16.631724,65.313626],[16.617301,65.329816],[16.651152,65.326873],[16.686182,65.316276],[16.734457,65.282129],[16.803044,65.272415],[16.823355,65.264467],[16.843961,65.247394],[16.892237,65.241213],[16.951404,65.222668],[17.010277,65.194998],[17.063262,65.15938],[17.103884,65.116991],[17.087106,65.112281],[17.052959,65.116108],[17.035886,65.110221],[17.097408,65.090204],[17.139797,65.070187],[17.212799,65.07107]]]]}},{"type":"Feature","properties":{"kind":"water"},"geometry":{"type":"MultiPolygon","coordinates":[[[[15.513435,64.231249],[15.452207,64.246851],[15.469869,64.25421],[15.489297,64.254799],[15.546404,64.23802],[15.641483,64.232721],[15.66621,64.221535],[15.703006,64.188567],[15.715663,64.183562],[15.754519,64.198869],[15.768943,64.197103],[15.79573,64.178558],[15.895814,64.155009],[15.921718,64.140585],[15.921129,64.127045],[15.884334,64.06876],[15.897875,64.035203],[15.895225,64.024311],[15.867261,63.978391],[15.842534,63.979274],[15.81663,63.991637],[15.802501,64.007238],[15.800734,64.031082],[15.818102,64.065817],[15.823106,64.086128],[15.817219,64.111443],[15.802206,64.130283],[15.780423,64.143235],[15.692114,64.163251],[15.672097,64.171788],[15.630592,64.205934],[15.608809,64.215942],[15.513435,64.231249]]]]}},{"type":"Feature","properties":{"kind":"water"},"geometry":{"type":"MultiPolygon","coordinates":[[[[15.446026,62.431213],[15.391568,62.431213],[15.41865,62.417672],[15.399516,62.410313],[15.314445,62.417672],[15.236733,62.407664],[15.204353,62.393534],[15.102797,62.382937],[15.130762,62.341726],[15.123403,62.317883],[15.125463,62.311701],[15.137826,62.300809],[15.159021,62.266663],[15.164319,62.229868],[15.172267,62.218388],[15.146657,62.223392],[15.109862,62.263131],[15.062764,62.279615],[14.984168,62.339371],[14.973277,62.355561],[14.975337,62.36763],[15.010661,62.355561],[15.040098,62.319943],[15.075421,62.300809],[15.073655,62.316116],[15.084841,62.344964],[15.075421,62.362332],[15.060114,62.372634],[14.96003,62.408841],[14.94384,62.419144],[14.939131,62.437394],[14.947962,62.461238],[14.961502,62.459472],[14.986818,62.431213],[15.024202,62.406486],[15.071889,62.396183],[15.123697,62.396478],[15.192578,62.408547],[15.236733,62.421793],[15.254395,62.431213],[15.269702,62.446814],[15.237027,62.457706],[15.220248,62.472129],[15.251157,62.470658],[15.34241,62.437394],[15.34241,62.444754],[15.316505,62.459177],[15.30267,62.478311],[15.244975,62.49038],[15.227019,62.499505],[15.261165,62.505687],[15.330929,62.477722],[15.371846,62.453584],[15.421593,62.442693],[15.446026,62.431213]]]]}},{"type":"Feature","properties":{"kind":"water"},"geometry":{"type":"MultiPolygon","coordinates":[[[[15.137826,62.814769],[15.148718,62.845089],[15.121048,62.859218],[15.053344,62.863339],[15.083075,62.87688],[15.075421,62.88365],[15.089256,62.911026],[15.072772,62.915147],[15.027734,62.965778],[15.050695,62.963423],[15.068651,62.951354],[15.089551,62.964895],[15.096321,62.959891],[15.096615,62.945173],[15.12458,62.924567],[15.241148,62.911615],[15.247624,62.88365],[15.417767,62.761195],[15.431896,62.739118],[15.415117,62.731464],[15.400988,62.736468],[15.359483,62.770909],[15.30267,62.780034],[15.227019,62.807999],[15.157254,62.808882],[15.137826,62.814769]]]]}},{"type":"Feature","properties":{"kind":"water"},"geometry":{"type":"MultiPolygon","coordinates":[[[[14.599729,62.773853],[14.568821,62.79799],[14.560873,62.814769],[14.575591,62.822128],[14.59443,62.814181],[14.628576,62.787688],[14.650948,62.794458],[14.619746,62.817713],[14.623867,62.829193],[14.610032,62.835375],[14.622984,62.841262],[14.62475,62.846855],[14.610032,62.887183],[14.58766,62.9072],[14.521134,62.931632],[14.530553,62.945761],[14.536146,62.970782],[14.599729,62.995803],[14.621806,62.994626],[14.630637,62.979319],[14.63152,62.961657],[14.637407,62.958713],[14.595608,62.939874],[14.58972,62.928099],[14.597374,62.916619],[14.636524,62.910732],[14.650948,62.904256],[14.658013,62.88365],[14.652714,62.838613],[14.668316,62.805938],[14.650948,62.773853],[14.681268,62.722045],[14.718358,62.691725],[14.719829,62.670825],[14.676558,62.707915],[14.620334,62.739118],[14.599729,62.773853]]]]}},{"type":"Feature","properties":{"kind":"water"},"geometry":{"type":"MultiPolygon","coordinates":[[[[16.906072,60.608216],[16.893414,60.583489],[16.89518,60.573186],[16.906072,60.567299],[16.886644,60.552875],[16.863683,60.554053],[16.816585,60.567299],[16.789798,60.563767],[16.757712,60.53904],[16.734457,60.533153],[16.698251,60.542573],[16.680294,60.552287],[16.664693,60.578485],[16.645854,60.578485],[16.60376,60.567299],[16.60376,60.574069],[16.643793,60.60174],[16.665282,60.601445],[16.741817,60.585255],[16.768898,60.587905],[16.783028,60.592614],[16.783616,60.601151],[16.803339,60.61999],[16.823944,60.628821],[16.871631,60.6247],[16.896063,60.61793],[16.906072,60.608216]]]]}},{"type":"Feature","properties":{"kind":"water"},"geometry":{"type":"MultiPolygon","coordinates":[[[[10.326739,60.121632],[10.33351,60.101321],[10.313787,60.069824],[10.285528,60.046569],[10.258152,60.033911],[10.251676,60.025375],[10.249616,60.012423],[10.262273,59.998882],[10.273459,59.97651],[10.306722,59.947957],[10.313787,59.930001],[10.3079,59.912633],[10.29642,59.90027],[10.284939,59.90027],[10.269338,59.954727],[10.242551,59.977688],[10.115091,60.020076],[10.085949,60.020076],[10.029431,59.98593],[10.0,59.978377],[10.003233,59.998882],[10.027665,60.026552],[10.055041,60.050101],[10.090659,60.066586],[10.113914,60.094845],[10.133342,60.104264],[10.146588,60.118394],[10.155714,60.121632],[10.171021,60.116922],[10.170726,60.06217],[10.17573,60.052751],[10.195158,60.043625],[10.234309,60.066586],[10.264334,60.060698],[10.279347,60.063053],[10.289649,60.093079],[10.299658,60.104559],[10.326739,60.121632]]]]}},{"type":"Feature","properties":{"kind":"water"},"geometry":{"type":"MultiPolygon","coordinates":[[[[11.073835,63.281042],[11.080311,63.271917],[11.039983,63.267207],[11.021438,63.236887],[10.949025,63.22423],[10.908991,63.236593],[10.719127,63.271622],[10.676149,63.27486],[10.504829,63.267207],[10.52985,63.281925],[10.566057,63.287518],[10.913407,63.265441],[10.950497,63.267207],[11.010547,63.286341],[11.042927,63.290756],[11.073835,63.281042]]]]}},{"type":"Feature","properties":{"kind":"water"},"geometry":{"type":"MultiPolygon","coordinates":[[[[12.340484,64.257742],[12.355202,64.246851],[12.333714,64.236548],[12.210375,64.21712],[12.167692,64.185329],[12.155035,64.180913],[11.657265,64.115564],[11.635776,64.099963],[11.631655,64.067289],[11.618409,64.0458],[11.59486,64.035203],[11.560125,64.035203],[11.595743,64.061401],[11.607812,64.086128],[11.604279,64.095842],[11.581025,64.117036],[11.614288,64.12204],[11.693177,64.122923],[11.735566,64.139113],[11.768829,64.14088],[11.807391,64.162957],[11.835061,64.171788],[12.007558,64.193276],[12.12236,64.217414],[12.178584,64.23802],[12.253352,64.256565],[12.340484,64.257742]]]]}},{"type":"Feature","properties":{"kind":"water"},"geometry":{"type":"MultiPolygon","coordinates":[[[[14.204692,63.983984],[14.226475,64.007238],[14.172018,64.027549],[14.102842,64.041973],[14.096661,64.054925],[14.061926,64.054925],[14.026602,64.079063],[13.966257,64.094076],[13.943886,64.108205],[13.854399,64.140291],[13.828495,64.154715],[13.814954,64.171788],[13.839681,64.176203],[13.867351,64.165901],[13.917981,64.136759],[14.134339,64.075236],[14.18703,64.046977],[14.273573,64.014009],[14.253262,64.001057],[14.419578,63.930409],[14.555574,63.835918],[14.593842,63.823849],[14.674497,63.818257],[14.713059,63.809131],[14.681268,63.797651],[14.636524,63.794707],[14.555574,63.801772],[14.54586,63.815607],[14.526727,63.828559],[14.462555,63.861234],[14.390436,63.883605],[14.411336,63.890964],[14.400444,63.903622],[14.349519,63.924522],[14.287408,63.960434],[14.266803,63.965439],[14.213817,63.952192],[14.174667,63.969265],[14.114322,63.962201],[14.088713,63.965439],[14.204692,63.983984]]]]}},{"type":"Feature","properties":{"kind":"water"},"geometry":{"type":"MultiPolygon","coordinates":[[[[13.473786,64.836168],[13.410792,64.857656],[13.410792,64.863838],[13.482911,64.870314],[13.517646,64.880617],[13.541195,64.898573],[13.471137,64.917707],[13.458773,64.932719],[13.575342,64.93949],[13.561801,64.925066],[13.623323,64.912114],[13.58064,64.900339],[13.568571,64.890919],[13.567099,64.860894],[13.561801,64.850003],[13.616847,64.835873],[13.605072,64.819389],[13.629505,64.7979],[13.691027,64.767581],[13.728705,64.756101],[13.736948,64.748447],[13.739891,64.723721],[13.7499,64.703409],[13.705156,64.706647],[13.576813,64.750508],[13.537957,64.777884],[13.513231,64.802316],[13.492331,64.810852],[13.49292,64.822627],[13.473786,64.836168]]]]}},{"type":"Feature","properties":{"kind":"water"},"geometry":{"type":"MultiPolygon","coordinates":[[[[13.522945,65.022795],[13.479379,65.055469],[13.498513,65.052231],[13.547377,65.021323],[13.595358,65.010726],[13.643634,65.014552],[13.766384,65.039279],[13.794643,65.035158],[13.80995,65.016613],[13.821724,65.014552],[13.782574,65.00425],[13.600657,64.995419],[13.561801,64.980406],[13.555031,64.95303],[13.545022,64.948909],[13.51382,64.972458],[13.513231,64.982761],[13.527655,65.007782],[13.522945,65.022795]]]]}},{"type":"Feature","properties":{"kind":"water"},"geometry":{"type":"MultiPolygon","coordinates":[[[[13.807889,65.677755],[13.780219,65.686291],[13.801413,65.693945],[13.898553,65.695711],[13.952128,65.713373],[13.949773,65.739571],[13.944769,65.748108],[13.906796,65.757822],[13.910622,65.774895],[13.890017,65.789024],[13.8491,65.796089],[13.814954,65.837006],[13.835265,65.838183],[13.859697,65.830824],[13.928873,65.791674],[13.96037,65.794617],[14.069285,65.820227],[14.119327,65.852901],[14.176728,65.867031],[14.208225,65.896762],[14.411041,65.91354],[14.431941,65.909419],[14.438123,65.898233],[14.427526,65.892641],[14.239427,65.864382],[14.19174,65.842599],[14.169957,65.823465],[14.158183,65.802271],[14.187325,65.799621],[14.198805,65.793145],[14.20587,65.782254],[14.186736,65.781665],[14.137283,65.761354],[14.08047,65.753995],[14.065458,65.744575],[14.073406,65.729563],[14.172018,65.686291],[14.138755,65.672456],[14.106669,65.664214],[14.03455,65.658915],[13.973028,65.672456],[13.807889,65.677755]]]]}},{"type":"Feature","properties":{"kind":"water"},"geometry":{"type":"MultiPolygon","coordinates":[[[[19.886214,68.413575],[19.948031,68.372364],[19.906525,68.365005],[19.77936,68.405333],[19.729024,68.447427],[19.665441,68.465677],[19.530917,68.4854],[19.391094,68.527199],[19.340463,68.55487],[19.303079,68.561346],[19.186805,68.566056],[19.180918,68.578419],[19.146183,68.595786],[19.070531,68.609033],[19.009598,68.632582],[19.242734,68.574886],[19.353415,68.563406],[19.588612,68.497763],[19.667502,68.495408],[19.721959,68.502767],[19.777299,68.495408],[19.704592,68.478041],[19.694583,68.468621],[19.713422,68.457435],[19.817627,68.447427],[19.813212,68.423878],[19.831168,68.414164],[19.886214,68.413575]]]]}},{"type":"Feature","properties":{"kind":"water"},"geometry":{"type":"MultiPolygon","coordinates":[[[[14.20116,58.976555],[14.099899,58.972434],[14.137283,58.990685],[14.230302,58.992745],[14.247669,58.998633],[14.25444,59.010113],[14.242959,59.028952],[14.225298,59.037783],[14.182909,59.038961],[14.164364,59.046025],[14.193506,59.055739],[14.224415,59.052796],[14.280638,59.032485],[14.273573,59.046025],[14.342749,59.08076],[14.349814,59.008347],[14.356584,58.987447],[14.37719,58.970962],[14.328325,58.928574],[14.264742,58.910029],[14.242959,58.908263],[14.238544,58.911207],[14.24031,58.917977],[14.253262,58.942998],[14.227947,58.971257],[14.20116,58.976555]]]]}},{"type":"Feature","properties":{"kind":"water"},"geometry":{"type":"MultiPolygon","coordinates":[[[[14.467854,58.564151],[14.474624,58.522057],[14.428703,58.5094],[14.417517,58.510871],[14.445482,58.546489],[14.436062,58.54855],[14.409864,58.568861],[14.37719,58.572982],[14.314196,58.644218],[14.284465,58.642158],[14.255912,58.621847],[14.246492,58.586817],[14.204103,58.587406],[14.18703,58.593293],[14.179377,58.613899],[14.202337,58.614193],[14.209991,58.620375],[14.216172,58.643924],[14.246492,58.648045],[14.279166,58.677187],[14.315079,58.68278],[14.333329,58.675421],[14.348342,58.661586],[14.358939,58.64569],[14.368359,58.613016],[14.381899,58.598592],[14.417517,58.579753],[14.467854,58.564151]]]]}},{"type":"Feature","properties":{"kind":"water"},"geometry":{"type":"MultiPolygon","coordinates":[[[[16.030927,58.6295],[16.0898,58.607128],[16.0898,58.600358],[15.964107,58.589761],[15.903468,58.593293],[15.854014,58.617431],[15.844889,58.637448],[15.921718,58.651872],[15.931138,58.670711],[15.891693,58.710156],[15.931432,58.688079],[16.011794,58.655993],[16.030927,58.6295]]]]}},{"type":"Feature","properties":{"kind":"water"},"geometry":{"type":"MultiPolygon","coordinates":[[[[15.939086,58.031058],[16.000902,58.011335],[16.000902,58.003976],[15.959397,58.011335],[15.866672,58.011924],[15.843123,58.008392],[15.823106,57.997795],[15.86049,57.972774],[15.89287,57.966886],[15.909649,57.958939],[15.932021,57.935684],[15.857547,57.935684],[15.851954,57.922143],[15.845183,57.917728],[15.828993,57.933035],[15.830465,57.940099],[15.844006,57.949225],[15.758052,58.000738],[15.762173,58.013396],[15.821046,58.036062],[15.844006,58.038711],[15.836647,58.031058],[15.862845,58.018695],[15.939086,58.031058]]]]}},{"type":"Feature","properties":{"kind":"water"},"geometry":{"type":"MultiPolygon","coordinates":[[[[15.363604,57.963648],[15.370374,57.949225],[15.359188,57.958055],[15.34241,57.990141],[15.30738,58.002504],[15.295311,58.011335],[15.288541,57.993674],[15.296783,57.982488],[15.322687,57.963648],[15.32151,57.954817],[15.329752,57.943926],[15.356833,57.928913],[15.346531,57.918905],[15.345059,57.908897],[15.356833,57.887702],[15.33505,57.888291],[15.321215,57.896828],[15.260871,57.9766],[15.239382,57.9975],[15.22172,57.994557],[15.196699,57.959233],[15.194639,57.945103],[15.206708,57.915078],[15.187574,57.91655],[15.167263,57.925675],[15.151073,57.938922],[15.132528,57.967181],[15.068651,57.993968],[15.050989,58.022227],[15.018903,58.047248],[15.004774,58.065498],[15.041569,58.072269],[15.025085,58.089636],[15.016843,58.109359],[15.019198,58.129081],[15.034799,58.14792],[15.035388,58.130847],[15.062469,58.093169],[15.051578,58.051958],[15.063941,58.040183],[15.090728,58.037828],[15.108684,58.045776],[15.134294,58.031058],[15.142536,58.033413],[15.1549,58.043127],[15.179332,58.048425],[15.185219,58.056079],[15.172267,58.079628],[15.187868,58.07845],[15.227019,58.058434],[15.212595,58.052252],[15.236733,58.026937],[15.250862,58.024876],[15.28177,58.031058],[15.308852,58.017517],[15.344764,58.025465],[15.360071,58.014573],[15.36537,58.003976],[15.363604,57.963648]]]]}},{"type":"Feature","properties":{"kind":"water"},"geometry":{"type":"MultiPolygon","coordinates":[[[[16.34207,60.154306],[16.433912,60.156367],[16.433029,60.149596],[16.417722,60.144298],[16.381515,60.144298],[16.345897,60.126342],[16.317049,60.121632],[16.329412,60.149302],[16.34207,60.154306]]]]}},{"type":"Feature","properties":{"kind":"water"},"geometry":{"type":"MultiPolygon","coordinates":[[[[18.019651,59.327143],[17.988743,59.337151],[17.969609,59.333913],[17.911914,59.30536],[17.887776,59.280928],[17.891308,59.240894],[17.886599,59.22912],[17.878062,59.22441],[17.86511,59.230592],[17.867465,59.258262],[17.828903,59.270036],[17.741477,59.271508],[17.741477,59.265327],[17.782982,59.258262],[17.772091,59.247076],[17.730586,59.239128],[17.713513,59.244721],[17.741477,59.25208],[17.693496,59.265327],[17.700561,59.278867],[17.636978,59.291819],[17.605481,59.291819],[17.576928,59.278867],[17.592823,59.272097],[17.599888,59.260617],[17.603715,59.230592],[17.597533,59.22441],[17.575456,59.259734],[17.510696,59.2824],[17.47184,59.30536],[17.429746,59.316546],[17.350856,59.326554],[17.364985,59.282988],[17.377643,59.26621],[17.399426,59.258262],[17.399426,59.25208],[17.213977,59.258262],[17.213977,59.265327],[17.249889,59.267681],[17.282269,59.278867],[17.241647,59.319784],[17.306113,59.329498],[17.316121,59.337151],[17.306701,59.353636],[17.28433,59.360112],[17.234288,59.361584],[17.143918,59.375713],[17.09888,59.377185],[17.04354,59.361584],[17.035886,59.381306],[16.971715,59.407799],[16.955819,59.43282],[16.926383,59.456958],[16.840723,59.49081],[16.821295,59.493459],[16.823944,59.477563],[16.748293,59.477563],[16.714735,59.484922],[16.694424,59.472853],[16.726215,59.465789],[16.83984,59.412509],[16.884878,59.408682],[16.891942,59.39102],[16.817174,59.38896],[16.808343,59.392198],[16.782439,59.416041],[16.71032,59.450482],[16.665871,59.478446],[16.590219,59.450187],[16.528697,59.463434],[16.508091,59.450187],[16.477183,59.456958],[16.165452,59.444006],[16.080969,59.455191],[16.042407,59.47197],[16.021508,59.497874],[16.123946,59.477563],[16.233744,59.477563],[16.233744,59.484922],[16.213139,59.484922],[16.213139,59.491104],[16.248462,59.503467],[16.267302,59.502878],[16.282314,59.470498],[16.298504,59.460784],[16.318815,59.458724],[16.336772,59.463434],[16.325586,59.47668],[16.330296,59.481095],[16.354139,59.48816],[16.383575,59.509649],[16.39535,59.511709],[16.442743,59.499935],[16.468647,59.498463],[16.494551,59.511709],[16.445981,59.525839],[16.53429,59.535847],[16.549008,59.552626],[16.510152,59.584712],[16.498083,59.600902],[16.524576,59.607966],[16.560194,59.612676],[16.586392,59.596486],[16.631724,59.580591],[16.674702,59.537908],[16.726804,59.529077],[16.741817,59.52996],[16.764483,59.55086],[16.785971,59.559985],[16.797746,59.589421],[16.806282,59.59472],[16.898713,59.587361],[16.94375,59.549388],[16.953759,59.547327],[17.069738,59.546444],[17.058258,59.561457],[17.021462,59.580296],[17.007922,59.59472],[17.037947,59.600313],[17.055609,59.609733],[17.069738,59.587361],[17.083868,59.574998],[17.129494,59.551154],[17.154221,59.544678],[17.209267,59.545267],[17.229872,59.526428],[17.34438,59.477563],[17.364102,59.477857],[17.353211,59.499346],[17.361159,59.504939],[17.405902,59.473736],[17.412378,59.474031],[17.409434,59.501112],[17.392067,59.525839],[17.407079,59.541735],[17.364691,59.597958],[17.336726,59.623862],[17.354094,59.631516],[17.385885,59.655653],[17.373816,59.620035],[17.379998,59.606495],[17.402664,59.600902],[17.435338,59.57382],[17.486558,59.547916],[17.50628,59.548505],[17.533067,59.559985],[17.54808,59.553803],[17.544842,59.540263],[17.531596,59.525839],[17.515405,59.51848],[17.532184,59.499935],[17.556616,59.491104],[17.569568,59.504939],[17.65199,59.497874],[17.668475,59.49287],[17.697028,59.453425],[17.714984,59.4443],[17.73088,59.448127],[17.737356,59.46049],[17.727642,59.477563],[17.789164,59.539674],[17.765321,59.576764],[17.740005,59.59472],[17.610779,59.632693],[17.563976,59.660952],[17.563387,59.676553],[17.617844,59.697159],[17.603715,59.710405],[17.61755,59.730422],[17.596944,59.73837],[17.536011,59.73837],[17.556616,59.731305],[17.54337,59.721002],[17.514228,59.709522],[17.508635,59.693626],[17.514228,59.658303],[17.501865,59.649472],[17.515994,59.63652],[17.529241,59.612971],[17.537188,59.588833],[17.536011,59.573231],[17.518643,59.590599],[17.490385,59.632987],[17.474489,59.642113],[17.480671,59.660363],[17.455061,59.670372],[17.447407,59.679791],[17.451528,59.691271],[17.495094,59.734249],[17.488913,59.738958],[17.41385,59.739842],[17.371461,59.75191],[17.518938,59.75191],[17.54808,59.75662],[17.567802,59.769572],[17.597533,59.813433],[17.610779,59.796948],[17.631679,59.786645],[17.625203,59.764274],[17.686725,59.731305],[17.664354,59.730422],[17.657289,59.721591],[17.652579,59.6898],[17.642571,59.67361],[17.629913,59.665367],[17.590763,59.662424],[17.648164,59.637992],[17.719989,59.625334],[17.713513,59.642113],[17.717928,59.658891],[17.709391,59.693921],[17.727642,59.70334],[17.73088,59.687739],[17.748836,59.655653],[17.752663,59.629455],[17.758845,59.618858],[17.775623,59.607966],[17.813302,59.597958],[17.819484,59.590599],[17.815363,59.564106],[17.843916,59.53202],[17.818895,59.525839],[17.793285,59.50906],[17.777684,59.486688],[17.782982,59.463434],[17.760022,59.421045],[17.790342,59.387488],[17.84421,59.363055],[17.89278,59.347749],[17.922805,59.343333],[17.995513,59.35393],[18.095008,59.338623],[18.095008,59.326849],[18.019651,59.327143]]]]}},{"type":"Feature","properties":{"kind":"water"},"geometry":{"type":"MultiPolygon","coordinates":[[[[18.294293,67.473082],[18.18685,67.484562],[18.172132,67.491921],[18.162123,67.521357],[18.152409,67.529305],[17.803294,67.597892],[17.740005,67.599952],[17.706742,67.617909],[17.639038,67.618497],[17.549552,67.653821],[17.515405,67.659414],[17.40914,67.636159],[17.371461,67.639397],[17.261369,67.664124],[17.17983,67.694149],[17.17983,67.700331],[17.220158,67.697093],[17.337315,67.673544],[17.367635,67.671483],[17.372639,67.675604],[17.364691,67.687084],[17.323774,67.70769],[17.269906,67.725646],[17.239881,67.73065],[17.17983,67.769212],[17.117425,67.783636],[17.073859,67.78393],[17.056197,67.796588],[17.175415,67.798648],[17.20338,67.786285],[17.226634,67.769212],[17.255776,67.758026],[17.588113,67.682669],[17.614606,67.670011],[17.698206,67.656765],[17.730586,67.643813],[17.851275,67.625268],[17.888954,67.607312],[17.984033,67.584057],[18.025539,67.58494],[18.155942,67.561685],[18.203334,67.533132],[18.384663,67.45748],[18.424696,67.448061],[18.414688,67.427161],[18.294293,67.473082]]]]}},{"type":"Feature","properties":{"kind":"water"},"geometry":{"type":"MultiPolygon","coordinates":[[[[18.481214,67.421273],[18.509179,67.413031],[18.528901,67.412443],[18.584242,67.42039],[18.651945,67.405378],[18.727303,67.411854],[18.810313,67.396547],[18.886848,67.370348],[18.936301,67.32119],[19.112037,67.275563],[19.15678,67.247599],[19.230371,67.226699],[19.283356,67.2005],[19.304256,67.173419],[19.332515,67.161644],[19.369899,67.155463],[19.499714,67.148398],[19.659554,67.118667],[19.756988,67.083932],[19.787013,67.060972],[19.815567,67.019172],[19.80232,67.001805],[19.792901,67.002982],[19.777299,67.02241],[19.749629,67.028886],[19.696644,67.051258],[19.601858,67.058028],[19.572128,67.065976],[19.550933,67.083932],[19.561531,67.094824],[19.547695,67.10336],[19.432893,67.121905],[19.368133,67.110719],[19.309555,67.116901],[19.259807,67.133091],[19.248916,67.159584],[19.114391,67.210214],[19.094963,67.224638],[19.091725,67.23288],[19.097907,67.250248],[19.091431,67.262022],[19.062583,67.27939],[19.025788,67.287632],[18.954552,67.289987],[18.925998,67.29558],[18.851819,67.343856],[18.755267,67.388893],[18.718472,67.391543],[18.667841,67.378296],[18.612206,67.398607],[18.487985,67.388893],[18.414688,67.427161],[18.424696,67.448061],[18.481214,67.421273]]]]}},{"type":"Feature","properties":{"kind":"water"},"geometry":{"type":"MultiPolygon","coordinates":[[[[11.25899,60.614986],[11.276358,60.600857],[11.272237,60.58084],[11.241917,60.543161],[11.231909,60.521673],[11.23603,60.480462],[11.228376,60.461034],[11.230731,60.417468],[11.226316,60.401572],[11.204239,60.416585],[11.186577,60.461917],[11.162733,60.492236],[11.179512,60.535508],[11.179512,60.557585],[11.16656,60.567299],[11.144188,60.573481],[11.094441,60.621462],[11.073541,60.633531],[11.01614,60.653253],[10.988175,60.656786],[10.943138,60.68475],[10.895745,60.697702],[10.810085,60.738913],[10.762104,60.749805],[10.707941,60.778064],[10.690573,60.792782],[10.682331,60.815742],[10.690573,60.864018],[10.686746,60.879031],[10.614627,60.944674],[10.578715,60.966457],[10.430061,61.029745],[10.415931,61.043286],[10.434476,61.087735],[10.429178,61.122175],[10.447428,61.092739],[10.450078,61.046524],[10.458909,61.036516],[10.516015,61.00443],[10.601087,60.978231],[10.729724,60.884035],[10.73826,60.868434],[10.710884,60.834876],[10.727074,60.804262],[10.767108,60.782774],[10.848058,60.766584],[10.915173,60.759519],[10.949614,60.764229],[10.964037,60.783068],[10.957267,60.805145],[10.904576,60.837231],[10.88397,60.871377],[10.874551,60.879325],[10.855123,60.881974],[10.875728,60.890511],[10.899277,60.885212],[10.936073,60.861663],[10.956678,60.841058],[10.998184,60.827517],[11.027326,60.804557],[11.041161,60.797786],[11.089142,60.788661],[11.09032,60.784245],[11.066476,60.759225],[11.094146,60.725373],[11.111514,60.673565],[11.135652,60.656786],[11.163322,60.62264],[11.190698,60.598207],[11.223078,60.58761],[11.265761,60.594086],[11.25899,60.614986]]]]}},{"type":"Feature","properties":{"kind":"river"},"geometry":{"type":"MultiLineString","coordinates":[[[11.229747,60.414496],[11.215343,60.4289],[11.206716,60.47366],[11.205984,60.510077],[11.211681,60.549343],[11.195486,60.577704],[11.163341,60.597724],[11.094981,60.656073],[11.008067,60.700792],[10.77589,60.766547],[10.707693,60.806342],[10.699636,60.832831],[10.710216,60.865912],[10.708995,60.886339],[10.629405,60.946601],[10.562429,60.985053],[10.492931,61.009833],[10.444509,61.037177],[10.435232,61.056098],[10.440684,61.084418],[10.436453,61.11164],[10.42921,61.122178]]]}},{"type":"Feature","properties":{"kind":"river"},"geometry":{"type":"MultiLineString","coordinates":[[[10.0,61.561895],[10.04127,61.559882],[10.112804,61.54503],[10.159923,61.521186],[10.171316,61.506293],[10.185069,61.459255],[10.202403,61.431667],[10.226085,61.406033],[10.267345,61.375271],[10.294851,61.318671],[10.285899,61.300808],[10.289317,61.292751],[10.309337,61.287055],[10.423839,61.274848],[10.441417,61.249538],[10.414724,61.226426],[10.399832,61.166124],[10.400564,61.138251],[10.42921,61.122178]],[[11.230235,60.414008],[11.248302,60.400946],[11.253347,60.388251],[11.252208,60.33393],[11.259451,60.323513],[11.286306,60.306667],[11.331065,60.227159],[11.362071,60.190619],[11.380382,60.178534],[11.455007,60.159532]]]}},{"type":"Feature","properties":{"kind":"river"},"geometry":{"type":"MultiLineString","coordinates":[[[25.0,56.619842],[24.919688,56.640204],[24.905203,56.64765],[24.868175,56.695421],[24.834565,56.708808],[24.756277,56.723212],[24.724864,56.736436],[24.69752,56.756903],[24.661062,56.763292],[24.618419,56.784857],[24.587657,56.812201],[24.565929,56.816433],[24.525564,56.814276],[24.45753,56.837348],[24.386241,56.842108],[24.298269,56.860053],[24.258718,56.872992],[24.137706,56.943915],[24.105154,56.956814],[24.097911,56.975653],[24.089285,57.032335],[24.050059,57.07099]]]}},{"type":"Feature","properties":{"kind":"river"},"geometry":{"type":"MultiLineString","coordinates":[[[13.717459,61.414171],[13.688487,61.461534],[13.657237,61.486599],[13.619802,61.497626],[13.596365,61.496527],[13.520681,61.521308],[13.392833,61.548651],[13.357351,61.571601],[13.299815,61.620632],[13.211681,61.663438]],[[14.551524,60.997748],[14.589854,60.961493],[14.613455,60.930447],[14.659434,60.896918],[14.823985,60.854519],[14.866384,60.845567],[14.909353,60.84394],[14.937429,60.832343],[14.948009,60.802924],[14.95574,60.741278],[14.97283,60.728339]],[[17.416026,60.509589],[17.407644,60.508124],[17.401541,60.500515],[17.409679,60.473334],[17.399913,60.459093],[17.379893,60.444851],[17.349294,60.435126],[17.291026,60.426947],[17.247976,60.394802],[17.174815,60.364691],[17.13087,60.369656],[17.083914,60.367458],[17.052501,60.352362],[16.994395,60.3133],[16.961681,60.299506],[16.844005,60.272162],[16.835378,60.261542],[16.823253,60.230292],[16.795095,60.19123],[16.757823,60.185411],[16.656423,60.192735],[16.627615,60.188178],[16.603201,60.175971],[16.581798,60.177802],[16.498953,60.163275]],[[16.434011,60.156073],[16.355968,60.143378],[16.323171,60.121649]]]}},{"type":"Feature","properties":{"kind":"river"},"geometry":{"type":"MultiLineString","coordinates":[[[11.980724,61.801622],[11.967703,61.819119],[11.969005,61.832872],[11.978282,61.849636],[11.993419,61.866807],[12.01824,61.879503],[12.051199,61.885362],[12.163259,61.880683],[12.305349,61.8428],[12.377208,61.829698],[12.410574,61.830268],[12.461355,61.872748],[12.496837,61.893866],[12.53712,61.903632],[12.594737,61.901923],[12.661794,61.883979],[12.680431,61.868354],[12.744802,61.850531],[12.83546,61.835395],[12.859793,61.826443],[12.8803,61.814399],[12.9345,61.768378],[13.054698,61.718085],[13.117686,61.713487],[13.177745,61.697821],[13.211681,61.663438]],[[13.718028,61.413357],[13.728689,61.389472],[13.735606,61.357123],[13.736095,61.325548],[13.726248,61.307196],[13.7824,61.276679],[13.847341,61.273383],[13.915294,61.278388],[13.979991,61.273057],[14.00408,61.264512],[14.02825,61.250841],[14.047048,61.231879],[14.054617,61.207587],[14.123546,61.155788],[14.552257,60.997423]],[[14.973074,60.728095],[15.040945,60.715644],[15.071951,60.704698],[15.083018,60.690212],[15.014171,60.635606],[15.030284,60.627997],[15.02825,60.619696],[15.014171,60.608262],[15.026052,60.594062],[15.110362,60.574164],[15.137706,60.539374],[15.243907,60.541856],[15.350759,60.517605],[15.37672,60.518907],[15.364431,60.534491],[15.383311,60.544053],[15.410899,60.541856],[15.435557,60.50788],[15.460216,60.492133],[15.545665,60.458075],[15.578136,60.42536],[15.627371,60.417426],[15.678233,60.395331],[15.706309,60.396023],[15.747813,60.416531],[15.881277,60.392849],[15.951427,60.419216],[15.979991,60.416531],[16.007579,60.392198],[16.047048,60.385281],[16.062266,60.37462],[16.068289,60.355577],[16.069347,60.327094],[16.083995,60.309638],[16.055675,60.292996],[16.042003,60.245185],[16.016856,60.227607],[16.021658,60.211046],[16.040945,60.189887],[16.063162,60.176337],[16.131521,60.162665],[16.17921,60.135321],[16.254893,60.135321],[16.305349,60.121609],[16.323171,60.121649]],[[17.417247,60.509589],[17.439464,60.520209],[17.451915,60.532416],[17.458425,60.549099],[17.460216,60.570746],[17.448009,60.620063],[17.459483,60.641181]],[[16.434011,60.156277],[16.487559,60.176703]],[[16.433035,60.155829],[16.498709,60.163275]]]}},{"type":"Feature","properties":{"kind":"river"},"geometry":{"type":"MultiLineString","coordinates":[[[25.0,66.120674],[24.875011,66.106513],[24.826915,66.0928],[24.791026,66.071112],[24.793712,66.042426],[24.737071,66.002875],[24.724864,65.980984],[24.710623,65.912136]]]}},{"type":"Feature","properties":{"kind":"river"},"geometry":{"type":"MultiLineString","coordinates":[[[11.216075,59.651801],[11.226248,59.655056],[11.226248,59.680487],[11.21046,59.79206],[11.203054,59.81448],[11.180675,59.844265],[11.137218,59.875271],[11.126964,59.90058],[11.133556,59.911933]],[[11.170177,59.388617],[11.17449,59.415961],[11.218028,59.484809]]]}},{"type":"Feature","properties":{"kind":"river"},"geometry":{"type":"MultiLineString","coordinates":[[[12.027599,60.524848],[12.061778,60.491278],[12.063975,60.481513],[12.024181,60.467393],[12.023448,60.458035],[12.038503,60.433295],[12.024181,60.394802],[12.043468,60.363837],[12.041515,60.353827],[12.015554,60.336249],[12.010509,60.323432],[12.030528,60.258002],[12.013927,60.21015],[12.00115,60.19949],[11.969656,60.206732],[11.888194,60.203966],[11.837087,60.228705],[11.730154,60.247667],[11.698171,60.248481],[11.662771,60.220893],[11.606212,60.208197],[11.559255,60.182156],[11.531993,60.172553],[11.482595,60.170478],[11.469249,60.165107],[11.460867,60.154324],[11.458751,60.127875],[11.440603,60.113715],[11.373709,60.083197],[11.308604,60.024848],[11.288503,60.010688],[11.222911,59.98017],[11.19752,59.962958],[11.159597,59.925971],[11.133556,59.911933]],[[11.216075,59.651801],[11.182628,59.653754],[11.165538,59.644232],[11.135509,59.614569],[11.103526,59.59809],[11.09669,59.587714],[11.101329,59.566759],[11.128184,59.546454],[11.210704,59.503933],[11.218028,59.484809]],[[11.170177,59.388617],[11.142507,59.335273],[11.135509,59.305243],[11.155935,59.293036],[11.131847,59.27029],[11.059581,59.267401],[11.029307,59.255194],[10.936209,59.183173]]]}},{"type":"Feature","properties":{"kind":"river"},"geometry":{"type":"MultiLineString","coordinates":[[[11.483572,62.686957],[11.414724,62.680772],[11.40797,62.671495],[11.404226,62.650214],[11.349376,62.628607],[11.312266,62.598212],[11.304861,62.563503],[11.27825,62.549831],[11.267263,62.52619],[11.245616,62.513536],[11.160818,62.494086],[11.119884,62.467353],[11.089122,62.431993],[11.019298,62.42418],[10.908458,62.387397],[10.884044,62.374538],[10.865245,62.346259],[10.811453,62.302273],[10.781505,62.291083],[10.667247,62.267401],[10.654307,62.247626],[10.654307,62.226508],[10.624197,62.190701],[10.612804,62.132107],[10.620372,62.106716],[10.638438,62.089789],[10.663503,62.08039],[10.691905,62.07746],[10.729747,62.03795],[10.833507,62.005805],[10.881847,61.978461],[10.886974,61.957465],[10.885427,61.933621],[10.876882,61.915798],[10.862722,61.903266],[10.906993,61.864569],[10.841807,61.82038],[10.825369,61.77619],[10.813406,61.760321],[10.810964,61.746121],[10.83253,61.728054],[10.875173,61.707221],[10.89324,61.692165],[10.879161,61.654324],[10.891124,61.634141],[10.913748,61.618964],[10.983409,61.594021],[11.020518,61.560126],[11.035655,61.538438],[11.034597,61.519477],[11.016856,61.481635],[11.017589,61.463813],[11.028982,61.448188],[11.072276,61.422797],[11.21461,61.371527],[11.234874,61.356798],[11.251394,61.321641],[11.304861,61.282335],[11.323904,61.246365],[11.335378,61.193671],[11.349376,61.179389],[11.363536,61.147284],[11.365896,61.137274],[11.357188,61.084418],[11.369314,61.065253],[11.401134,61.032538],[11.417654,61.019477],[11.479015,60.989569],[11.48878,60.97956],[11.495779,60.944281],[11.516612,60.929267],[11.537608,60.86404],[11.547374,60.855496],[11.579112,60.843533],[11.605886,60.815619],[11.679942,60.8074],[11.695242,60.795111],[11.702078,60.802558],[11.723888,60.78205],[11.725352,60.774115],[11.761729,60.744737],[11.778575,60.711982],[11.817312,60.693956],[11.833018,60.679063],[11.840099,60.645697],[11.896007,60.625678],[11.96282,60.61168],[12.003184,60.596503],[12.010509,60.562323],[12.027599,60.524848]]]}},{"type":"Feature","properties":{"kind":"river"},"geometry":{"type":"MultiLineString","coordinates":[[[12.334727,58.373806],[12.349864,58.359158],[12.335867,58.345974],[12.290538,58.322943],[12.252452,58.291327],[12.150157,58.227729],[12.115896,58.194892],[12.107351,58.179551],[12.101329,58.134833],[12.088145,58.113145],[12.101329,58.100124],[12.115001,58.055447],[12.110362,58.033393],[12.096365,58.007514],[12.10255,57.988105],[12.101329,57.976589],[12.087332,57.963935],[12.042491,57.941433],[12.026785,57.908393],[12.011974,57.88935],[11.979015,57.86046],[11.905935,57.845811],[11.886241,57.83629],[11.861583,57.805243],[11.810476,57.781358]]]}},{"type":"Feature","properties":{"kind":"river"},"geometry":{"type":"MultiLineString","coordinates":[[[21.716319,61.519477],[21.752452,61.497504],[21.828787,61.480251],[21.839041,61.474311],[21.846121,61.436957],[21.863943,61.416938],[21.899425,61.392035],[21.940196,61.370795],[22.03948,61.339057],[22.075938,61.321072],[22.125906,61.308295],[22.164561,61.28559],[22.275157,61.268093],[22.3213,61.24787],[22.346934,61.245714],[22.333425,61.265652],[22.367442,61.265652],[22.333507,61.306423],[22.33961,61.320868],[22.352468,61.318223],[22.401622,61.273057],[22.479503,61.255439],[22.579112,61.211005]]]}},{"type":"Feature","properties":{"kind":"river"},"geometry":{"type":"MultiLineString","coordinates":[[[15.438731,64.966824],[15.41627,64.973578],[15.31072,64.986029],[15.204031,65.017035],[15.192312,65.035224],[15.185313,65.065456],[15.166026,65.084825],[15.151378,65.090277]],[[16.768809,64.48017],[16.722179,64.555447],[16.692393,64.575141],[16.65032,64.592149],[16.593516,64.625067],[16.518565,64.654568],[16.420339,64.687038],[16.31129,64.709174],[16.18336,64.781195],[16.072927,64.810981],[15.987315,64.844509],[15.949962,64.883002],[15.917735,64.907823],[15.89796,64.93948]]]}},{"type":"Feature","properties":{"kind":"river"},"geometry":{"type":"MultiLineString","coordinates":[[[15.438731,64.966824],[15.465505,64.93183],[15.483328,64.917792],[15.565929,64.898505],[15.600271,64.915229],[15.829112,64.94892],[15.89796,64.93948]],[[16.768809,64.48017],[16.771902,64.450873],[16.785899,64.43476],[16.841726,64.39997],[16.898611,64.383979],[16.939871,64.353542],[16.996837,64.345567],[17.117686,64.315009],[17.208018,64.305487],[17.25172,64.293036],[17.276052,64.26789],[17.268565,64.26789],[17.276052,64.260443],[17.275401,64.245388],[17.288341,64.225653],[17.30714,64.207058],[17.369884,64.164862],[17.361257,64.158026],[17.316335,64.158026],[17.301768,64.138699],[17.29835,64.114447],[17.288503,64.099148],[17.239675,64.107449],[17.231863,64.098578],[17.233084,64.087673],[17.251964,64.078437],[17.276052,64.048163],[17.276052,64.03502],[17.261729,64.014024],[17.261729,63.976142],[17.257009,63.955512],[17.239024,63.938015],[17.202403,63.930772],[17.19337,63.876817],[17.157156,63.856757],[17.145274,63.831977],[17.129324,63.814968],[17.090343,63.787462],[17.045828,63.776557],[17.035818,63.767605],[17.02825,63.716091],[17.016775,63.683621],[16.989187,63.676093],[16.903331,63.696641],[16.816091,63.699246],[16.791026,63.696967],[16.772716,63.689561],[16.786632,63.644965],[16.824148,63.61872],[16.830251,63.609646],[16.824148,63.595649],[16.835704,63.584784],[16.837169,63.530829],[16.851492,63.503852],[16.830333,63.472764],[16.848318,63.458523],[16.899425,63.441474],[16.922862,63.427761],[16.959402,63.392605],[16.978933,63.380316],[17.083018,63.366482],[17.10613,63.359483],[17.177419,63.319119],[17.206065,63.293036],[17.210134,63.282253],[17.207286,63.242255],[17.213878,63.20893],[17.226248,63.189032],[17.254649,63.179755],[17.445567,63.183214],[17.488699,63.177761],[17.570811,63.1942],[17.596609,63.192206],[17.646739,63.17768],[17.729747,63.12226],[17.7824,63.094062],[17.789236,63.07864],[17.789561,63.05154],[17.801687,63.04088],[17.794851,63.00963],[17.798513,62.993598]]]}},{"type":"Feature","properties":{"kind":"river"},"geometry":{"type":"MultiLineString","coordinates":[[[17.378103,67.638861],[17.387136,67.649359],[17.417247,67.664903],[17.475108,67.6789],[17.526541,67.679796],[17.611013,67.648749],[17.828136,67.61404],[18.038015,67.565619],[18.101817,67.558295],[18.164561,67.544501],[18.225515,67.50849],[18.406423,67.445624],[18.477794,67.412909],[18.52711,67.40294],[18.599132,67.406684],[18.664968,67.395535],[18.720714,67.401719],[18.763438,67.393663],[18.812673,67.378201],[18.8921,67.344591],[18.924327,67.319648],[18.956554,67.304877],[19.026296,67.293402],[19.089366,67.276394],[19.147878,67.231635],[19.210134,67.206366],[19.31658,67.153917],[19.366384,67.139838],[19.476817,67.129828],[19.543956,67.118516],[19.743663,67.064073],[19.783458,67.038031],[19.79656,67.00141]]]}},{"type":"Feature","properties":{"kind":"river"},"geometry":{"type":"MultiLineString","coordinates":[[[17.179698,67.563747],[17.205007,67.575548],[17.257579,67.587226],[17.30421,67.610704],[17.366222,67.61579],[17.378429,67.639472]],[[19.79656,67.00141],[19.83196,66.974066],[19.830984,66.967597],[19.817638,66.960395],[19.819347,66.927761],[19.83196,66.905788],[19.83196,66.864203],[19.843272,66.842882],[19.86199,66.827216],[19.93336,66.78913],[19.996349,66.768826],[20.227224,66.728583],[20.284679,66.700059],[20.337657,66.686794],[20.426524,66.617703],[20.496104,66.57685],[20.494558,66.559597],[20.504161,66.542751],[20.520274,66.527533],[20.537771,66.515408],[20.573497,66.502631],[20.598155,66.48371],[20.641368,66.464708],[20.662771,66.422065],[20.678233,66.41238],[20.738048,66.399359],[20.764171,66.384304],[20.763682,66.364569],[20.771007,66.357123],[20.763682,66.350287],[20.774181,66.339179],[20.805186,66.323594],[20.870128,66.265245],[20.91448,66.241034],[20.91741,66.225898],[20.907644,66.162218],[20.911876,66.138943],[20.959972,66.082953],[20.982107,66.064561]]]}},{"type":"Feature","properties":{"kind":"river"},"geometry":{"type":"MultiLineString","coordinates":[[[24.534091,55.0],[24.467947,55.011827],[24.449636,55.019355],[24.428722,55.04739],[24.380626,55.060736],[24.333914,55.099066],[24.257009,55.07392],[24.176768,55.058051],[24.128429,55.058051],[24.092784,55.01907],[24.081423,55.0]]]}},{"type":"Feature","properties":{"kind":"river"},"geometry":{"type":"MultiLineString","coordinates":[[[16.076182,66.809597],[16.058604,66.794623],[16.05421,66.783149],[16.062511,66.773017],[16.145763,66.726264],[16.176199,66.714667],[16.286632,66.640733],[16.302745,66.625271]],[[21.119884,64.725898],[21.01238,64.752997],[20.935476,64.759833],[20.777273,64.753852],[20.662771,64.734931],[20.607677,64.750352],[20.544607,64.753852],[20.475597,64.774359],[20.252371,64.814032],[20.188243,64.843207],[20.123057,64.901638],[20.096446,64.920518],[20.063894,64.933539],[20.028819,64.941596],[19.897146,64.956163],[19.869884,64.969916],[19.842052,64.976426],[19.804617,65.000922],[19.729015,65.007676],[19.642751,65.043565],[19.604015,65.053168],[19.564464,65.075995],[19.507335,65.082709],[19.488699,65.090277],[19.424978,65.131781],[19.381847,65.145779],[19.349132,65.185736],[19.331716,65.200141],[19.271007,65.205756],[19.250662,65.213731],[19.242931,65.244208],[19.230968,65.261786],[19.202891,65.276923],[19.146007,65.295722],[19.040701,65.308458],[18.986746,65.341742],[18.820242,65.374579],[18.764415,65.401964],[18.719493,65.437812],[18.561697,65.443915],[18.526622,65.452094],[18.464041,65.482001],[18.358409,65.49494],[18.302989,65.509101],[18.250255,65.531358],[18.203543,65.560899],[18.159841,65.601182],[18.118663,65.631537],[18.116873,65.645128],[18.137462,65.683946],[18.139822,65.704779],[18.134776,65.724433],[18.010753,65.855007],[17.968435,65.886013],[17.92628,65.903388],[17.870372,65.945624],[17.860606,65.964382],[17.859141,65.998969],[17.871755,66.023017],[17.880382,66.061062],[17.856456,66.103095],[17.549001,66.239814],[17.474376,66.280788],[17.25587,66.360216],[17.1067,66.399604],[17.061046,66.416083],[17.0171,66.427843],[16.926524,66.426052],[16.824148,66.446479],[16.743175,66.450792],[16.68865,66.447089],[16.439138,66.481879],[16.409841,66.490424],[16.379568,66.501736],[16.342296,66.530341],[16.302908,66.624864]]]}},{"type":"Feature","properties":{"kind":"river"},"geometry":{"type":"MultiLineString","coordinates":[[[20.811453,67.789659],[20.828136,67.782782],[20.906423,67.780341],[20.932791,67.76907],[20.976573,67.739936],[21.013845,67.730902],[21.202159,67.726101],[21.300222,67.710273],[21.3803,67.691514],[21.606863,67.685126],[21.647227,67.675727],[21.764171,67.673611],[21.846121,67.659369],[21.874034,67.645697],[22.018809,67.608466],[22.185232,67.550971],[22.284923,67.494818],[22.401622,67.474962],[22.49879,67.430609],[22.586192,67.409491],[22.613292,67.385565],[22.658376,67.368516],[22.670421,67.35102],[22.665457,67.340847],[22.634288,67.316718],[22.680919,67.289171],[22.731863,67.267401],[22.787283,67.252997],[22.901378,67.243476],[22.956798,67.262071],[23.29656,67.248643],[23.360606,67.234727],[23.429128,67.20421],[23.487722,67.197374],[23.573497,67.173285],[23.58074,67.153388],[23.666026,67.098212],[23.676199,67.058783],[23.7199,67.017157],[23.743175,67.001288],[23.791515,66.989203],[23.816173,66.975775],[23.873057,66.924994],[23.932872,66.889024],[23.960216,66.86225],[24.003429,66.805487],[23.998709,66.796576],[23.983897,66.79328],[23.93865,66.791449],[23.924246,66.773261],[23.891856,66.751247],[23.902517,66.707221],[23.902599,66.686713],[23.898448,66.666693],[23.881358,66.632107],[23.892589,66.596381],[23.891043,66.579169],[23.881358,66.563788],[23.807302,66.539578],[23.805675,66.528388],[23.785411,66.518744],[23.730642,66.503445],[23.730479,66.487494],[23.676199,66.474311],[23.651866,66.459174],[23.641775,66.436591],[23.646007,66.424384],[23.665294,66.40587],[23.676524,66.363959],[23.672537,66.339789],[23.663992,66.326687],[23.665457,66.305772],[23.680105,66.283271],[23.688894,66.257351],[23.723643,66.206895],[23.749441,66.189968],[23.784923,66.177069],[23.888845,66.161322],[23.910899,66.148871],[23.974132,66.073188],[24.019216,66.049262],[24.054698,65.985541],[24.05421,65.948188],[24.101817,65.908881],[24.123953,65.869167],[24.162852,65.841132],[24.163097,65.822699]]]}},{"type":"Feature","properties":{"kind":"river"},"geometry":{"type":"MultiLineString","coordinates":[[[23.587495,55.0],[23.569753,55.040107],[23.550955,55.049994],[23.484141,55.050645],[23.432791,55.075019],[23.412039,55.07864],[23.319591,55.071112],[23.001475,55.105292],[22.951834,55.095323],[22.925222,55.083441],[22.87086,55.092231],[22.819998,55.088243],[22.736746,55.071112],[22.661632,55.064276],[22.600271,55.071112],[22.571788,55.081407],[22.435802,55.058051],[22.250743,55.071112],[22.1421,55.054958],[22.099376,55.030219],[22.076182,55.028835],[22.04949,55.0338],[22.027273,55.044704],[22.018077,55.061225],[22.014822,55.08869],[22.00294,55.093817],[21.977061,55.092231],[21.942312,55.07864],[21.90797,55.090115],[21.872732,55.095242],[21.819347,55.119493],[21.750173,55.128241],[21.71575,55.149726],[21.645274,55.181342],[21.604666,55.192735],[21.503429,55.194648],[21.467214,55.211493],[21.40504,55.27265],[21.374278,55.290229],[21.349376,55.288031],[21.267589,55.248643]]]}},{"type":"Feature","properties":{"kind":"river"},"geometry":{"type":"MultiLineString","coordinates":[[[20.982107,66.064561],[21.038259,66.017646],[21.06544,66.004462],[21.09669,65.997178],[21.20989,65.989122],[21.24822,65.978461],[21.264415,65.956814],[21.272878,65.934149],[21.293468,65.917833],[21.442638,65.856879],[21.480968,65.847195],[21.59962,65.836982],[21.626964,65.828315],[21.672048,65.804389],[21.688487,65.78913],[21.695811,65.768663],[21.747813,65.749213],[21.764171,65.727729]]]}},{"type":"Feature","properties":{"kind":"river"},"geometry":{"type":"MultiLineString","coordinates":[[[11.795095,61.930732],[11.781261,61.9206]],[[12.547048,60.944688],[12.534923,60.97016],[12.53004,60.996202],[12.54363,61.009711],[12.594737,61.026638]],[[12.334727,58.373806],[12.335134,58.397325],[12.356375,58.418647],[12.477712,58.446967],[12.538585,58.481635],[12.643728,58.569851],[12.833507,58.701117],[12.974539,58.760688],[13.130056,58.777411],[13.216563,58.780544],[13.301524,58.802802],[13.3838,58.86046],[13.413829,58.940456],[13.405284,59.01142],[13.371349,59.095038],[13.36378,59.194851],[13.367361,59.264472],[13.374441,59.307318],[13.411794,59.334337],[13.455984,59.348334],[13.474376,59.35989]]]}},{"type":"Feature","properties":{"kind":"river"},"geometry":{"type":"MultiLineString","coordinates":[[[11.900645,61.927314],[11.826834,61.936713],[11.795095,61.930732]],[[11.781261,61.9206],[11.733409,61.894314],[11.721934,61.876776],[11.710134,61.830878],[11.692556,61.812852],[11.637706,61.773017],[11.64324,61.759711],[11.672862,61.737494],[11.685802,61.716579],[11.728445,61.685736],[11.846365,61.636542],[11.937429,61.582139],[11.994884,61.534206],[12.01588,61.526923],[12.073253,61.518744],[12.094493,61.506049],[12.108816,61.485378],[12.131847,61.430203],[12.146007,61.413357],[12.218761,61.380316],[12.224864,61.361843],[12.260671,61.308417],[12.294363,61.294379],[12.371104,61.217108],[12.391043,61.203233],[12.42449,61.194281],[12.452647,61.156358],[12.528005,61.129218],[12.556326,61.107611],[12.563975,61.094306],[12.583425,61.085557],[12.600597,61.065375],[12.607188,61.042751],[12.594737,61.026638]],[[12.547048,60.944688],[12.549571,60.923407],[12.560557,60.90998],[12.625743,60.895697],[12.643728,60.887397],[12.670421,60.827419],[12.725597,60.806952],[12.749278,60.769639],[12.774181,60.753933],[12.862234,60.724962],[12.920421,60.671454],[12.934825,60.662909],[12.989268,60.646186],[13.061453,60.58039],[13.086599,60.550401],[13.11321,60.53974],[13.163829,60.492255],[13.192638,60.449774],[13.219412,60.43891],[13.242442,60.399115],[13.348888,60.327094],[13.375255,60.296942],[13.407644,60.289862],[13.422781,60.281562],[13.433523,60.269477],[13.440359,60.245917],[13.462169,60.235297],[13.468435,60.216742],[13.486583,60.217231],[13.492442,60.170111],[13.507091,60.155829],[13.501882,60.137641],[13.523692,60.133083],[13.523611,60.098171],[13.547374,60.066474],[13.494884,60.059516],[13.479259,60.052802],[13.542003,60.022895],[13.565359,60.003852],[13.547374,59.991319],[13.554942,59.977647],[13.541921,59.969306],[13.499685,59.95661],[13.530935,59.947577],[13.554942,59.929877],[13.543956,59.910183],[13.527599,59.896308],[13.54127,59.888943],[13.542735,59.847439],[13.518321,59.835476],[13.511729,59.821967],[13.513357,59.79267],[13.431407,59.758612],[13.43865,59.743923],[13.473074,59.723822],[13.486583,59.682888],[13.449474,59.675238],[13.439871,59.656806],[13.451671,59.634345],[13.479259,59.614569],[13.509532,59.60696],[13.51946,59.599189],[13.520763,59.58043],[13.493582,59.546413],[13.499685,59.53205],[13.454356,59.522406],[13.441417,59.51496],[13.432872,59.501776],[13.441824,59.449042],[13.473074,59.422187],[13.492686,59.395941],[13.47462,59.360134]]]}},{"type":"Feature","properties":{"kind":"river"},"geometry":{"type":"MultiLineString","coordinates":[[[15.057058,58.549994],[15.086436,58.562283],[15.129405,58.565538],[15.198009,58.555691],[15.281749,58.559394]],[[15.529714,58.500271],[15.567638,58.497748],[15.622244,58.502753],[15.76116,58.524237],[15.953787,58.514268]]]}},{"type":"Feature","properties":{"kind":"river"},"geometry":{"type":"MultiLineString","coordinates":[[[15.281749,58.559394],[15.3296,58.54621],[15.396983,58.539862],[15.528738,58.5008]],[[14.978201,58.524237],[15.022146,58.525499],[15.04835,58.539659],[15.057058,58.549994]],[[15.953787,58.514268],[16.175304,58.498806],[16.296804,58.496894],[16.412608,58.477484]]]}},{"type":"Feature","properties":{"kind":"river"},"geometry":{"type":"MultiLineString","coordinates":[[[20.887136,68.927354],[20.884044,68.907009],[20.905203,68.894843],[21.071544,68.869737],[21.152354,68.842068],[21.216075,68.817491],[21.293224,68.7685],[21.304942,68.756049],[21.385427,68.754096],[21.405935,68.749213],[21.420828,68.72781],[21.463145,68.687201],[21.495046,68.675727],[21.571788,68.66767],[21.661062,68.633857],[21.716319,68.619493],[21.736501,68.588202],[21.91863,68.568549],[22.035574,68.506863],[22.037852,68.488593],[22.071707,68.47724],[22.302501,68.476386],[22.370616,68.468695],[22.377371,68.454413],[22.456309,68.452175],[22.520763,68.438544],[22.564708,68.436591],[22.607188,68.425157],[22.661632,68.427761],[22.748057,68.38581],[22.807628,68.395209],[22.832937,68.385077],[22.874685,68.351386],[22.90325,68.336859],[23.051687,68.298529],[23.066335,68.290595],[23.081065,68.26557],[23.139578,68.234442],[23.154714,68.2178],[23.148936,68.194363],[23.15797,68.187038],[23.15919,68.179023],[23.148936,68.139716],[23.151134,68.130561],[23.16505,68.122382],[23.186778,68.122504],[23.271495,68.145331],[23.305919,68.145941],[23.330333,68.128038],[23.382335,68.05154],[23.484141,68.016181],[23.573171,67.97366],[23.642589,67.963487],[23.661632,67.950751],[23.660655,67.933214],[23.635509,67.913764],[23.602794,67.903347],[23.531993,67.8935],[23.498302,67.882432],[23.480724,67.864936],[23.476085,67.84162],[23.484141,67.796454],[23.48406,67.737494],[23.498953,67.709296],[23.51824,67.653144],[23.542003,67.627021],[23.549978,67.611192],[23.552989,67.587266],[23.47283,67.555284],[23.484141,67.54328],[23.442882,67.50495],[23.430837,67.485867],[23.443126,67.46129],[23.476573,67.444119],[23.594005,67.453884],[23.66212,67.436469],[23.751964,67.427558],[23.764578,67.420356],[23.762706,67.397813],[23.750743,67.369818],[23.750906,67.346503],[23.785167,67.337836],[23.762706,67.30683],[23.734874,67.289984],[23.621755,67.269314],[23.602224,67.260565],[23.590831,67.225369],[23.596202,67.218288],[23.614431,67.214301],[23.597097,67.190497],[23.573497,67.173285]]]}},{"type":"Feature","properties":{"kind":"river"},"geometry":{"type":"MultiLineString","coordinates":[[[19.975108,67.755072],[19.923757,67.758246],[19.840099,67.784735],[19.783132,67.790839],[19.707774,67.807156],[19.638438,67.80919],[19.389903,67.83572],[19.208507,67.829535],[19.038829,67.838935]]]}},{"type":"Feature","properties":{"kind":"river"},"geometry":{"type":"MultiLineString","coordinates":[[[18.461192,68.105536],[18.492686,68.083686],[18.518321,68.0574],[18.533214,68.021023],[18.561209,68.000067]],[[18.561209,68.000027],[18.82366,67.951239],[18.92921,67.883246],[19.038829,67.838935]],[[19.975108,67.755072],[20.119884,67.724066],[20.240733,67.707302],[20.290782,67.705349],[20.34075,67.71072],[20.395274,67.70128],[20.444509,67.677802],[20.679128,67.638048],[20.913992,67.55622],[21.013113,67.514716],[21.111095,67.480536],[21.569347,67.461371],[21.615652,67.467882],[21.660818,67.481879],[21.721853,67.476264],[21.814952,67.457058],[21.832937,67.438056],[21.915538,67.411078],[21.930431,67.402777],[21.927745,67.377794],[21.960623,67.355048],[21.999929,67.344509]],[[22.000011,67.344428],[22.222179,67.286078],[22.302664,67.243842],[22.424083,67.212348],[22.536794,67.194281],[22.637462,67.154893],[22.650645,67.110867],[22.632091,67.069607],[22.586355,67.056586],[22.582042,67.025214],[22.629893,67.004584],[22.689464,66.959255],[22.71754,66.956122],[22.740245,66.943915],[22.788503,66.885606],[22.791677,66.836127],[22.754568,66.789496],[22.703054,66.757392],[22.708018,66.670356],[22.76116,66.583279],[22.760916,66.522162],[22.785411,66.470242],[22.794444,66.422227],[22.847585,66.374457],[22.857107,66.321967],[22.844493,66.265692],[22.859304,66.217068],[22.84669,66.186794],[22.829763,66.158555],[22.783702,66.115343],[22.750011,66.072333],[22.838878,66.000067]],[[22.838878,66.000027],[22.893484,65.925971],[22.975597,65.877305],[23.086436,65.858222],[23.194509,65.827826]]]}},{"type":"Feature","properties":{"kind":"river"},"geometry":{"type":"MultiLineString","coordinates":[[[13.924815,63.274766],[14.019705,63.248114],[14.079275,63.200873],[14.118663,63.192694],[14.225597,63.188666],[14.376475,63.202582],[14.447927,63.198432],[14.482921,63.218126],[14.490896,63.285183],[14.484141,63.293402]]]}},{"type":"Feature","properties":{"kind":"river"},"geometry":{"type":"MultiLineString","coordinates":[[[13.36321,63.411322],[13.408132,63.367947],[13.469737,63.339667],[13.539724,63.323188],[13.668712,63.306708],[13.729259,63.284288],[13.924815,63.274766]],[[14.484141,63.293402],[14.450369,63.322211],[14.440929,63.34101],[14.462657,63.349229],[14.63795,63.324734],[14.786143,63.334052],[14.911143,63.328803],[14.944753,63.323269],[15.002208,63.299425],[15.391775,63.214911],[15.586436,63.179633],[15.76531,63.16706],[15.809825,63.174872],[15.929698,63.16413],[15.984386,63.148505],[16.161876,63.153428],[16.218761,63.159695],[16.352306,63.152167],[16.408376,63.118028],[16.470144,63.101752],[16.494558,63.088568],[16.528575,63.061306],[16.620372,63.04446],[16.664073,63.022081],[16.665212,62.986151],[16.68629,62.958808],[16.683767,62.94477],[16.668875,62.929633],[16.661062,62.909613],[16.642751,62.890326],[16.638438,62.880316],[16.64031,62.866807],[16.645193,62.85578],[16.717703,62.770453],[16.765147,62.74962],[16.789317,62.71247],[16.837169,62.688788],[16.90032,62.667751],[16.925466,62.65412],[16.969493,62.64411],[16.994802,62.629218],[17.07252,62.598497],[17.151541,62.548407],[17.187022,62.533515],[17.319998,62.51321],[17.406179,62.53559]],[[12.220632,63.097032],[12.098643,63.150336],[12.087657,63.160183],[12.110606,63.185981],[12.099783,63.210761],[12.106863,63.220567],[12.220225,63.261257],[12.250987,63.291571],[12.288585,63.297065],[12.419932,63.286078],[12.519542,63.283271],[12.591807,63.308661],[12.607107,63.334825],[12.594737,63.356716],[12.608409,63.36876],[12.602224,63.383368],[12.632823,63.41474],[12.650076,63.444892],[12.677745,63.451239],[12.764415,63.445746],[12.790538,63.434882],[12.835216,63.389675],[12.85963,63.381619],[12.981944,63.381619],[13.035574,63.367947],[13.085623,63.369493],[13.157888,63.338406],[13.378591,63.332221],[13.441173,63.352362]]]}},{"type":"Feature","properties":{"kind":"road"},"geometry":{"type":"MultiLineString","coordinates":[[[23.939549,61.500974],[23.902973,61.493295],[23.829311,61.494231],[23.809833,61.489827]]]}},{"type":"Feature","properties":{"kind":"road"},"geometry":{"type":"MultiLineString","coordinates":[[[21.458799,65.395453],[21.434911,65.372098],[21.41286,65.334318],[21.408193,65.313139],[21.412814,65.281796]]]}},{"type":"Feature","properties":{"kind":"road"},"geometry":{"type":"MultiLineString","coordinates":[[[17.331297,62.527728],[17.302543,62.51716],[17.294301,62.506415],[17.291871,62.49303],[17.298209,62.480333],[17.325956,62.456699],[17.327613,62.39984]]]}},{"type":"Feature","properties":{"kind":"road"},"geometry":{"type":"MultiLineString","coordinates":[[[15.528204,56.196306],[15.598524,56.207334],[15.648009,56.202924]]]}},{"type":"Feature","properties":{"kind":"road"},"geometry":{"type":"MultiLineString","coordinates":[[[16.253279,56.664194],[16.272454,56.673181],[16.285593,56.685799],[16.293714,56.702719],[16.303036,56.745023]]]}},{"type":"Feature","properties":{"kind":"road"},"geometry":{"type":"MultiLineString","coordinates":[[[23.8239,55.056127],[23.846894,55.0]]]}},{"type":"Feature","properties":{"kind":"road"},"geometry":{"type":"MultiLineString","coordinates":[[[21.752963,63.025011],[21.72449,63.064626],[21.685429,63.082278],[21.59168,63.102666]]]}},{"type":"Feature","properties":{"kind":"road"},"geometry":{"type":"MultiLineString","coordinates":[[[10.771171,55.366917],[10.652561,55.351998],[10.526637,55.382224],[10.431662,55.389268],[10.404049,55.38449],[10.358114,55.367095],[10.326776,55.363682],[10.158093,55.420944],[10.0,55.440283]]]}},{"type":"Feature","properties":{"kind":"road"},"geometry":{"type":"MultiLineString","coordinates":[[[10.0,56.071309],[10.160277,56.154372],[10.28206,56.235276]]]}},{"type":"Feature","properties":{"kind":"road"},"geometry":{"type":"MultiLineString","coordinates":[[[13.486321,58.439942],[13.511478,58.498303],[13.565493,58.555792]]]}},{"type":"Feature","properties":{"kind":"road"},"geometry":{"type":"MultiLineString","coordinates":[[[13.438907,59.374675],[13.584563,59.409942],[13.633121,59.414964],[13.680436,59.41257]]]}},{"type":"Feature","properties":{"kind":"road"},"geometry":{"type":"MultiLineString","coordinates":[[[13.073439,55.574848],[13.091231,55.608093],[13.116893,55.64177],[13.15316,55.676135],[13.209065,55.714411],[13.275324,55.752778],[13.427491,55.806458]]]}},{"type":"Feature","properties":{"kind":"road"},"geometry":{"type":"MultiLineString","coordinates":[[[12.47615,55.667676],[12.579656,55.649558],[12.835999,55.578841],[13.018153,55.55264],[13.047247,55.553326],[13.065532,55.564135]]]}},{"type":"Feature","properties":{"kind":"road"},"geometry":{"type":"MultiLineString","coordinates":[[[10.743841,55.355063],[10.773524,55.351213],[10.831162,55.303927],[10.866536,55.300905],[11.005245,55.348865],[11.059455,55.360173],[11.285736,55.386663],[11.554347,55.451736],[11.607008,55.458485],[11.997837,55.450904],[12.04741,55.456344],[12.090583,55.475487],[12.13565,55.529869]]]}},{"type":"Feature","properties":{"kind":"road"},"geometry":{"type":"MultiLineString","coordinates":[[[12.130403,55.524444],[12.160337,55.552004],[12.191021,55.56961],[12.488983,55.670806]]]}},{"type":"Feature","properties":{"kind":"road"},"geometry":{"type":"MultiLineString","coordinates":[[[14.059122,55.958385],[14.102377,56.011653],[14.119093,56.026041],[14.138693,56.034759],[14.182147,56.040864],[14.347074,56.034969],[14.495195,56.06687],[14.585549,56.066502],[14.613699,56.071487],[14.63754,56.087727]]]}},{"type":"Feature","properties":{"kind":"road"},"geometry":{"type":"MultiLineString","coordinates":[[[23.78992,61.386285],[23.785422,61.394861],[23.808188,61.446732],[23.811422,61.489827]]]}},{"type":"Feature","properties":{"kind":"road"},"geometry":{"type":"MultiLineString","coordinates":[[[23.78992,61.412171],[23.791787,61.364941],[23.806554,61.321239],[23.830553,61.281026],[23.885799,61.216593],[23.904676,61.202286],[23.977303,61.170913],[24.33556,61.061932],[24.406583,61.027856],[24.497777,60.970353],[24.536057,60.939196],[24.597798,60.849897],[24.828407,60.666542],[24.854098,60.625209],[24.857096,60.586201],[24.805487,60.44805],[24.800961,60.411628],[24.80932,60.373229],[24.835046,60.339859]]]}},{"type":"Feature","properties":{"kind":"road"},"geometry":{"type":"MultiLineString","coordinates":[[[24.547619,60.255055],[24.519805,60.289887],[24.476929,60.307416],[24.375864,60.327387],[24.272769,60.327314],[24.123012,60.295828],[24.072074,60.293401],[24.026829,60.303196],[23.878904,60.369455],[23.831466,60.380011],[23.474635,60.38809],[23.086181,60.448443],[22.496738,60.415464],[22.343968,60.4217],[22.224728,60.445982]]]}},{"type":"Feature","properties":{"kind":"road"},"geometry":{"type":"MultiLineString","coordinates":[[[24.758353,65.694305],[24.690457,65.701311],[24.627397,65.717224],[24.575246,65.747684],[24.540093,65.798295]]]}},{"type":"Feature","properties":{"kind":"road"},"geometry":{"type":"MultiLineString","coordinates":[[[24.540093,65.798295],[24.511218,65.812345],[24.190155,65.848192]]]}},{"type":"Feature","properties":{"kind":"road"},"geometry":{"type":"MultiLineString","coordinates":[[[17.015878,61.579805],[16.986159,61.549524],[16.980673,61.5253],[17.012719,61.332655],[17.038654,61.26226]]]}},{"type":"Feature","properties":{"kind":"road"},"geometry":{"type":"MultiLineString","coordinates":[[[11.049626,60.84386],[11.142605,60.794261],[11.186683,60.765338],[11.246129,60.718052],[11.279059,60.684014],[11.291905,60.664553],[11.299333,60.640044],[11.294521,60.615036],[11.275708,60.586163]]]}},{"type":"Feature","properties":{"kind":"road"},"geometry":{"type":"MultiLineString","coordinates":[[[14.77794,59.033726],[14.834222,59.047505],[14.977212,59.071198],[15.042981,59.101537],[15.071487,59.123705],[15.115661,59.177941],[15.170189,59.285613]]]}},{"type":"Feature","properties":{"kind":"road"},"geometry":{"type":"MultiLineString","coordinates":[[[14.85624,59.239902],[14.972571,59.24717],[15.25527,59.30477]]]}},{"type":"Feature","properties":{"kind":"road"},"geometry":{"type":"MultiLineString","coordinates":[[[11.998271,57.732508],[12.049282,57.734223],[12.150333,57.749979],[12.383389,57.814486],[12.417777,57.831205],[12.477127,57.881095]]]}},{"type":"Feature","properties":{"kind":"road"},"geometry":{"type":"MultiLineString","coordinates":[[[12.028139,57.690694],[12.081215,57.70442],[12.135533,57.710064],[12.190336,57.709422],[12.46399,57.673893],[12.540117,57.674564],[12.82444,57.700972],[12.88071,57.71114],[13.157109,57.79376],[13.224025,57.804834]]]}},{"type":"Feature","properties":{"kind":"road"},"geometry":{"type":"MultiLineString","coordinates":[[[17.099623,60.677434],[17.132839,60.644186],[17.24744,60.562899],[17.304958,60.511416],[17.434686,60.422656],[17.477556,60.380416],[17.495243,60.336018],[17.491248,60.257047],[17.499129,60.218173],[17.536407,60.148813],[17.618598,60.039724],[17.647089,59.945624],[17.660757,59.915039],[17.756959,59.825294],[17.896954,59.649406],[17.913463,59.601408],[17.923733,59.489857],[17.923963,59.428976]]]}},{"type":"Feature","properties":{"kind":"road"},"geometry":{"type":"MultiLineString","coordinates":[[[15.25527,59.30477],[15.409041,59.320631],[15.754018,59.39581],[15.803378,59.399109]]]}},{"type":"Feature","properties":{"kind":"road"},"geometry":{"type":"MultiLineString","coordinates":[[[15.797404,59.399109],[15.838507,59.41453],[15.875678,59.437826],[15.985744,59.537864]]]}},{"type":"Feature","properties":{"kind":"road"},"geometry":{"type":"MultiLineString","coordinates":[[[16.34508,59.593189],[16.519659,59.63981],[16.563821,59.63757],[16.744175,59.607749],[17.193405,59.657654],[17.300446,59.65148],[17.379898,59.636537],[17.753789,59.505188],[17.787947,59.486722],[17.851182,59.434299],[17.875586,59.426208],[17.951824,59.425768],[17.983774,59.418284],[18.043818,59.385584],[18.071635,59.363636],[18.097737,59.32862],[18.099186,59.307515]]]}},{"type":"Feature","properties":{"kind":"road"},"geometry":{"type":"MultiLineString","coordinates":[[[18.103167,59.303533],[17.981169,59.288766],[17.958083,59.272948],[17.927662,59.228561],[17.899629,59.206762],[17.860428,59.206394],[17.797861,59.221783],[17.760576,59.210233],[17.661183,59.205892]]]}},{"type":"Feature","properties":{"kind":"road"},"geometry":{"type":"MultiLineString","coordinates":[[[16.119972,58.594681],[16.130222,58.618636],[16.152403,58.634223],[16.402881,58.728387],[16.51295,58.751926],[16.625242,58.759605],[16.904006,58.742239],[17.010846,58.752911],[17.06279,58.767151],[17.108994,58.785395],[17.197477,58.83106],[17.296048,58.892824],[17.460161,58.968826],[17.498831,58.993373],[17.60904,59.101476],[17.660022,59.190052],[17.677061,59.207958]]]}},{"type":"Feature","properties":{"kind":"road"},"geometry":{"type":"MultiLineString","coordinates":[[[12.010218,57.732508],[12.027634,57.693835],[12.071878,57.62148],[12.075798,57.57968],[12.061075,57.517632],[12.060792,57.496354],[12.073789,57.460076],[12.101944,57.434152],[12.166786,57.407893],[12.196254,57.384544],[12.213489,57.351576],[12.219305,57.278524],[12.228682,57.245127],[12.249537,57.217759],[12.305124,57.170076],[12.368058,57.067031],[12.394385,57.032132],[12.427108,57.002766],[12.463517,56.97887],[12.605329,56.913838],[12.644294,56.891849],[12.758592,56.811014],[12.877312,56.75328],[12.906121,56.721908],[12.918187,56.681176]]]}},{"type":"Feature","properties":{"kind":"road"},"geometry":{"type":"MultiLineString","coordinates":[[[12.918187,56.699096],[12.920594,56.660799],[12.963513,56.561064],[12.964033,56.543167],[12.953421,56.495797],[12.976682,56.441385],[12.974752,56.41344],[12.914489,56.314833],[12.897277,56.265727],[12.852356,56.18456],[12.792724,56.113246],[12.745023,56.085356],[12.733269,56.071394],[12.729985,56.053893],[12.746059,56.015025],[12.805099,55.95312],[12.942277,55.846501],[12.997756,55.779195],[13.054469,55.74387],[13.074749,55.721029],[13.080851,55.705757],[13.084675,55.668429],[13.061551,55.558162]]]}},{"type":"Feature","properties":{"kind":"road"},"geometry":{"type":"MultiLineString","coordinates":[[[10.983098,59.623047],[11.069807,59.596566],[11.166359,59.583937],[11.36104,59.574183]]]}},{"type":"Feature","properties":{"kind":"road"},"geometry":{"type":"MultiLineString","coordinates":[[[11.151367,60.252526],[11.182693,60.212925],[11.189011,60.188337],[11.188588,60.162924],[11.176877,60.125893],[11.157113,60.092333],[11.132686,60.06141],[11.103632,60.034771],[11.052889,60.005496],[11.017664,59.99137],[10.771445,59.93244]]]}},{"type":"Feature","properties":{"kind":"road"},"geometry":{"type":"MultiLineString","coordinates":[[[10.779682,59.930749],[10.736715,59.924364],[10.605651,59.927736],[10.544062,59.91739],[10.455854,59.863734],[10.306245,59.819172],[10.280073,59.804938],[10.2594,59.784833],[10.248042,59.757518]]]}},{"type":"Feature","properties":{"kind":"road"},"geometry":{"type":"MultiLineString","coordinates":[[[10.737867,59.721677],[10.751124,59.730716],[10.762974,59.748359],[10.807595,59.848056],[10.811004,59.86397],[10.807717,59.88056],[10.781572,59.925577]]]}},{"type":"Feature","properties":{"kind":"road"},"geometry":{"type":"MultiLineString","coordinates":[[[10.254015,59.763491],[10.252189,59.72046],[10.241115,59.678958],[10.221992,59.642998],[10.180709,59.59572],[10.176506,59.577657],[10.179466,59.541536],[10.18623,59.526209],[10.210541,59.502151],[10.275803,59.468597],[10.347083,59.442323],[10.366698,59.425053],[10.378589,59.392733],[10.379969,59.371094],[10.370037,59.33002],[10.356305,59.309982]]]}},{"type":"Feature","properties":{"kind":"road"},"geometry":{"type":"MultiLineString","coordinates":[[[10.185982,59.144839],[10.150168,59.110151],[10.111722,59.086948],[10.057249,59.066962]]]}},{"type":"Feature","properties":{"kind":"road"},"geometry":{"type":"MultiLineString","coordinates":[[[10.754475,59.723879],[10.73939,59.675158],[10.698103,59.440885],[10.700521,59.407766],[10.708738,59.394687],[10.737511,59.38057],[10.964635,59.34094],[10.984833,59.333934],[11.021001,59.309746],[11.071023,59.265079],[11.18666,59.194237],[11.220412,59.164871],[11.244178,59.129165],[11.25007,59.086887],[11.234171,59.017623],[11.235623,58.976167],[11.280033,58.89262],[11.278403,58.849905],[11.261999,58.783304],[11.271228,58.748568],[11.298838,58.725558],[11.364237,58.706121],[11.383172,58.696023],[11.413996,58.666214],[11.459576,58.590446],[11.488595,58.558167],[11.827817,58.341435],[11.856124,58.317183],[11.878128,58.288333],[11.889535,58.23792],[11.872551,58.141085],[11.872537,58.065483],[11.853134,57.996797],[11.85664,57.962502],[11.865478,57.946734],[11.891845,57.921828],[11.953182,57.881953],[11.978233,57.855504],[11.990198,57.825759],[11.998388,57.756285],[12.010218,57.720561]]]}},{"type":"Feature","properties":{"kind":"road"},"geometry":{"type":"MultiLineString","coordinates":[[[14.239315,57.765409],[14.292096,57.79331],[14.314762,57.815052],[14.317323,57.826313],[14.311408,57.871426],[14.328229,57.914515],[14.351939,57.940162],[14.381136,57.960638],[14.461696,58.003456],[14.504094,58.033046],[14.531674,58.061469],[14.606092,58.182931],[14.637817,58.217987],[14.671164,58.237716],[14.706069,58.25048],[15.025017,58.326633],[15.141789,58.345251],[15.328294,58.394374],[15.9095,58.466572],[15.974678,58.492867],[16.121218,58.608737]]]}},{"type":"Feature","properties":{"kind":"road"},"geometry":{"type":"MultiLineString","coordinates":[[[12.777029,56.09812],[12.851251,56.133786],[13.492298,56.34975],[13.558058,56.386573],[13.725225,56.518194],[13.753296,56.546011],[13.838094,56.653936],[13.877716,56.719985]]]}},{"type":"Feature","properties":{"kind":"road"},"geometry":{"type":"MultiLineString","coordinates":[[[22.228433,60.444815],[22.249728,60.491424],[22.291341,60.529791],[22.362113,60.563727],[22.455472,60.590124]]]}},{"type":"Feature","properties":{"kind":"road"},"geometry":{"type":"MultiLineString","coordinates":[[[21.679307,61.203925],[21.581328,61.177173],[21.562142,61.162895],[21.558572,61.137065]]]}},{"type":"Feature","properties":{"kind":"road"},"geometry":{"type":"MultiLineString","coordinates":[[[25.0,57.181267],[24.647464,57.114066],[24.59809,57.099663],[24.426574,57.023779],[24.382321,57.012616]]]}},{"type":"Feature","properties":{"kind":"road"},"geometry":{"type":"MultiLineString","coordinates":[[[24.260402,56.838227],[24.210753,56.820759],[24.159249,56.821342]]]}},{"type":"Feature","properties":{"kind":"road"},"geometry":{"type":"MultiLineString","coordinates":[[[24.159249,56.821342],[24.017099,56.857157]]]}},{"type":"Feature","properties":{"kind":"road"},"geometry":{"type":"MultiLineString","coordinates":[[[24.412095,56.973838],[24.41717,56.955469],[24.414254,56.927115],[24.389082,56.888048],[24.358614,56.868174],[24.25983,56.838152]]]}},{"type":"Feature","properties":{"kind":"road"},"geometry":{"type":"MultiLineString","coordinates":[[[24.249108,56.838968],[24.261568,56.786849],[24.256458,56.733584],[24.221177,56.644372],[24.162294,56.527738],[24.158234,56.50854],[24.162049,56.470611],[24.189851,56.418185],[24.24576,56.358596],[24.308014,56.312232],[24.377713,56.271146],[24.409657,56.243971],[24.436368,56.211803],[24.456686,56.174646],[24.47204,56.120173],[24.465606,56.093648],[24.388155,56.021856],[24.361863,55.982168],[24.34347,55.927476],[24.334895,55.820785],[24.324138,55.784465],[24.293349,55.751772],[24.260845,55.735079]]]}},{"type":"Feature","properties":{"kind":"road"},"geometry":{"type":"MultiLineString","coordinates":[[[24.35806,55.797194],[24.373565,55.76259],[24.372136,55.703266],[24.338138,55.586886],[24.326156,55.526314],[24.309064,55.487883],[24.28048,55.463499],[24.210805,55.434396],[24.179585,55.41364],[24.125742,55.353261],[23.980885,55.161969],[23.923297,55.10817],[23.85492,55.067578],[23.820155,55.055024]]]}},{"type":"Feature","properties":{"kind":"road"},"geometry":{"type":"MultiLineString","coordinates":[[[24.028544,56.851764],[23.966639,56.807753],[23.832545,56.690783],[23.764574,56.653067]]]}},{"type":"Feature","properties":{"kind":"road"},"geometry":{"type":"MultiLineString","coordinates":[[[25.0,61.812814],[24.863956,61.780185],[24.759117,61.745578],[24.610795,61.712814],[24.561829,61.709125],[24.458816,61.718236],[24.251459,61.672327],[24.224432,61.661369],[24.003822,61.527114],[23.939549,61.500974]]]}},{"type":"Feature","properties":{"kind":"road"},"geometry":{"type":"MultiLineString","coordinates":[[[24.974619,70.0],[24.981233,69.982137],[24.989154,69.909067],[25.0,69.883872]]]}},{"type":"Feature","properties":{"kind":"road"},"geometry":{"type":"MultiLineString","coordinates":[[[25.0,66.152704],[24.825514,66.121508],[24.749119,66.08779],[24.702462,66.048461],[24.644641,65.945459],[24.613706,65.907238],[24.577043,65.874317],[24.494126,65.815667]]]}},{"type":"Feature","properties":{"kind":"road"},"geometry":{"type":"MultiLineString","coordinates":[[[25.0,65.666998],[24.875711,65.685884],[24.758353,65.694305]]]}},{"type":"Feature","properties":{"kind":"road"},"geometry":{"type":"MultiLineString","coordinates":[[[24.18816,65.854445],[24.151257,65.834845],[24.111065,65.823274],[24.027483,65.817277],[23.638588,65.869108],[23.581726,65.871053],[23.524949,65.867635],[23.320384,65.827328],[23.270087,65.824817],[23.219295,65.829773],[22.999297,65.883837],[22.780816,65.917205],[22.697345,65.920436],[22.540363,65.912217],[22.333359,65.885937],[22.261228,65.86302],[22.213651,65.830114],[22.18854,65.801702],[22.157311,65.752429],[22.103783,65.655585],[22.050905,65.609839],[22.011314,65.590104],[21.969123,65.575847],[21.858759,65.548911],[21.805754,65.529976],[21.709589,65.458238],[21.670924,65.436704],[21.62762,65.429383],[21.53233,65.430716],[21.498108,65.4218],[21.458799,65.395453]]]}},{"type":"Feature","properties":{"kind":"road"},"geometry":{"type":"MultiLineString","coordinates":[[[21.412814,65.281796],[21.426476,65.255928],[21.47954,65.199433],[21.499301,65.167297],[21.510979,65.115536],[21.503142,65.09495],[21.47487,65.072269],[21.356821,65.028142],[21.231492,64.956901],[21.207621,64.947949],[21.070852,64.918181],[21.027227,64.901798],[20.994851,64.880453],[20.969694,64.851093],[20.951893,64.815911],[20.941749,64.777848],[20.941629,64.743124],[20.946448,64.726578],[20.968822,64.698807],[21.000016,64.678603],[21.035953,64.66266],[21.146294,64.623112],[21.191751,64.596593],[21.240218,64.551734],[21.269074,64.507402],[21.281056,64.474884],[21.306504,64.368898],[21.300965,64.34566],[21.269322,64.331377],[21.127627,64.309747],[21.084473,64.294938],[21.056829,64.2792],[21.041793,64.263823],[21.024887,64.213771],[21.010505,64.198248],[20.933908,64.160491],[20.899873,64.136043],[20.843492,64.038904],[20.812353,64.00869],[20.792531,63.997936],[20.663792,63.958382],[20.547624,63.889754],[20.509103,63.875333],[20.468464,63.869019],[20.303275,63.867616],[20.264252,63.857722],[20.229726,63.837404]]]}},{"type":"Feature","properties":{"kind":"road"},"geometry":{"type":"MultiLineString","coordinates":[[[22.210559,60.449307],[22.101899,60.604188],[22.070112,60.640248],[22.033945,60.671898],[21.877479,60.788392],[21.827737,60.817632],[21.678088,60.874348],[21.635944,60.904429],[21.624499,60.920538],[21.587713,61.009414],[21.535906,61.069851],[21.537979,61.097339],[21.558572,61.137065]]]}},{"type":"Feature","properties":{"kind":"road"},"geometry":{"type":"MultiLineString","coordinates":[[[21.672966,61.184013],[21.706742,61.196814],[21.713763,61.206492],[21.714953,61.226623],[21.652561,61.344667],[21.647343,61.377926],[21.701862,61.422654],[21.809099,61.534441],[21.812229,61.549973],[21.784473,61.638677],[21.753331,61.706185],[21.723128,61.745275],[21.660363,61.794477],[21.647045,61.815399],[21.625245,61.886958],[21.612695,61.912328],[21.511863,62.062292],[21.491227,62.126148],[21.463148,62.291892],[21.44229,62.332779],[21.39074,62.395783],[21.376652,62.431423],[21.37909,62.450591],[21.38882,62.467479],[21.433254,62.506508],[21.478049,62.560961],[21.528628,62.610312],[21.638333,62.766258],[21.705949,62.849304],[21.747982,62.910304],[21.760503,62.949362],[21.752963,63.025011]]]}},{"type":"Feature","properties":{"kind":"road"},"geometry":{"type":"MultiLineString","coordinates":[[[21.59168,63.096693],[21.635008,63.104017],[21.74244,63.145501],[21.821233,63.155345],[21.876371,63.152822],[21.949216,63.131988],[22.000393,63.1285],[22.011451,63.188019],[22.02217,63.205586],[22.031136,63.211469],[22.064177,63.217169],[22.148421,63.21394],[22.198731,63.217002],[22.260015,63.233464],[22.384741,63.315819],[22.500226,63.407191],[22.621469,63.518051],[22.651786,63.53885],[22.684036,63.556301],[22.943433,63.66357],[23.072324,63.745492],[23.116425,63.805075],[23.147333,63.829824],[23.192657,63.842984],[23.284408,63.853344],[23.368431,63.874304],[23.442965,63.899852],[23.514714,63.936955],[23.547883,63.958367],[23.623727,64.02458],[23.672801,64.114191],[23.700843,64.147751],[23.90939,64.249574]]]}},{"type":"Feature","properties":{"kind":"road"},"geometry":{"type":"MultiLineString","coordinates":[[[23.90939,64.249574],[23.92563,64.257467],[23.974135,64.31479],[24.049492,64.381598],[24.072167,64.392139],[24.123058,64.400965],[24.144012,64.409298],[24.198742,64.460131],[24.225354,64.476284],[24.298459,64.491395],[24.33738,64.508248],[24.360072,64.533854],[24.376033,64.579912],[24.398632,64.616001],[24.442295,64.65629],[24.47589,64.673452],[24.550244,64.690048],[24.69405,64.691282],[25.0,64.740336]]]}},{"type":"Feature","properties":{"kind":"road"},"geometry":{"type":"MultiLineString","coordinates":[[[12.477127,57.881095],[12.512428,57.913007],[12.55172,57.939754],[12.594219,57.96034],[12.786386,58.034962],[12.816653,58.059069],[12.839616,58.089756],[12.890192,58.189173],[12.910312,58.216427],[12.944085,58.245128],[12.98207,58.268179],[13.077161,58.313312],[13.177369,58.345557],[13.429325,58.393345],[13.465067,58.409635],[13.486321,58.439942]]]}},{"type":"Feature","properties":{"kind":"road"},"geometry":{"type":"MultiLineString","coordinates":[[[13.565493,58.555792],[13.633366,58.599861],[14.255891,58.878553],[14.431163,58.920297],[14.519829,58.959769],[14.77794,59.033726]]]}},{"type":"Feature","properties":{"kind":"road"},"geometry":{"type":"MultiLineString","coordinates":[[[13.224025,57.804834],[13.383704,57.819832],[13.430676,57.812561],[13.527826,57.78036],[14.151512,57.752082]]]}},{"type":"Feature","properties":{"kind":"road"},"geometry":{"type":"MultiLineString","coordinates":[[[14.237712,57.764029],[14.262649,57.752928],[14.295838,57.719532],[14.314911,57.709262],[14.335349,57.706765],[14.410475,57.715845],[14.431006,57.709078],[14.473065,57.678286],[14.495486,57.669282],[14.537931,57.667459],[14.623499,57.682302],[14.66025,57.682419],[14.695373,57.673117],[14.795858,57.631219],[14.839215,57.626811],[14.860773,57.629261],[14.966779,57.660036],[15.004361,57.661736],[15.108789,57.624816]]]}},{"type":"Feature","properties":{"kind":"road"},"geometry":{"type":"MultiLineString","coordinates":[[[15.108789,57.624816],[15.156865,57.625715],[15.253978,57.641103],[15.362492,57.633849],[15.694006,57.650979],[15.823638,57.646444],[16.040838,57.703384],[16.087946,57.711338],[16.450964,57.714669]]]}},{"type":"Feature","properties":{"kind":"road"},"geometry":{"type":"MultiLineString","coordinates":[[[10.0,62.767595],[10.018818,62.809228],[10.014642,62.848817],[10.044483,62.870074],[10.102762,62.890955],[10.197092,62.955006],[10.229302,62.987744],[10.259239,63.028021],[10.273969,63.03594],[10.29473,63.03851],[10.295077,63.052207],[10.287173,63.068549],[10.245294,63.104238],[10.24108,63.12978],[10.253555,63.152647],[10.294126,63.169521],[10.312073,63.189083],[10.315346,63.216305],[10.296611,63.268427],[10.299196,63.300392],[10.311358,63.321054],[10.358487,63.354101],[10.369956,63.367658],[10.376892,63.383411],[10.380392,63.418351],[10.803829,63.401597],[10.836021,63.407436],[10.862925,63.420249],[10.877004,63.436974],[10.880041,63.452955]]]}},{"type":"Feature","properties":{"kind":"road"},"geometry":{"type":"MultiLineString","coordinates":[[[10.0,61.565385],[10.055254,61.55853],[10.101085,61.544577],[10.142605,61.522115],[10.195815,61.475485],[10.225939,61.438921],[10.27202,61.356707],[10.29291,61.274542],[10.377624,61.26907],[10.403183,61.262651],[10.425689,61.249377],[10.433943,61.237287],[10.436297,61.208545],[10.420019,61.148172],[10.42727,61.123117],[10.449513,61.101282],[10.439625,61.085503],[10.4335,61.047206],[10.437464,61.032745],[10.450612,61.016883],[10.498858,60.98995],[10.588288,60.978275],[10.669207,60.953503]]]}},{"type":"Feature","properties":{"kind":"road"},"geometry":{"type":"MultiLineString","coordinates":[[[10.669207,60.953503],[10.92462,60.89168],[11.049626,60.84386]]]}},{"type":"Feature","properties":{"kind":"road"},"geometry":{"type":"MultiLineString","coordinates":[[[11.275708,60.586163],[11.26475,60.567945],[11.255647,60.526481],[11.257706,60.440247],[11.251015,60.398477],[11.230481,60.362592],[11.215515,60.348026],[11.151475,60.313988],[11.140765,60.303382],[11.136229,60.27906],[11.151367,60.252526]]]}},{"type":"Feature","properties":{"kind":"road"},"geometry":{"type":"MultiLineString","coordinates":[[[10.356305,59.309982],[10.326765,59.283309],[10.261298,59.237218],[10.185982,59.144839]]]}},{"type":"Feature","properties":{"kind":"road"},"geometry":{"type":"MultiLineString","coordinates":[[[10.057249,59.066962],[10.0,59.059835]]]}},{"type":"Feature","properties":{"kind":"road"},"geometry":{"type":"MultiLineString","coordinates":[[[18.717194,63.311254],[18.596338,63.303603],[18.558021,63.288159],[18.523452,63.265406],[18.490405,63.236734],[18.432295,63.171049],[18.345464,63.049258],[18.319855,63.022812],[18.286484,63.010815],[18.211956,63.016001],[18.173639,63.01323],[18.136392,62.992093],[18.116605,62.965609],[18.111089,62.93258],[18.0937,62.903438],[18.067995,62.885384],[18.004188,62.861026],[17.96688,62.83467],[17.920973,62.785593],[17.892877,62.720253],[17.850832,62.693497],[17.846745,62.673617],[17.852351,62.661702],[17.891509,62.656954],[17.911742,62.643659],[17.919288,62.619759],[17.902826,62.601209],[17.877526,62.59315],[17.331297,62.527728]]]}},{"type":"Feature","properties":{"kind":"road"},"geometry":{"type":"MultiLineString","coordinates":[[[17.333534,62.405761],[17.371364,62.344367],[17.382243,62.299811],[17.382057,62.256424],[17.365376,62.19134],[17.321773,62.11106],[17.259548,62.029155],[17.248998,62.003383],[17.24364,61.951561],[17.210806,61.926343],[17.19731,61.909872],[17.195619,61.893037],[17.207,61.844689],[17.203433,61.824277],[17.193673,61.807824],[17.180297,61.795734],[17.111923,61.760214],[17.097342,61.746896],[17.08488,61.722276]]]}},{"type":"Feature","properties":{"kind":"road"},"geometry":{"type":"MultiLineString","coordinates":[[[17.038654,61.26226],[17.05147,61.217616],[17.050983,61.194889],[17.042426,61.173361],[17.013556,61.13927],[16.977391,61.08141],[16.968148,61.050732],[17.006106,60.976685],[17.023286,60.917834],[17.078261,60.813634],[17.08214,60.790743],[17.080302,60.698139],[17.093649,60.665487]]]}},{"type":"Feature","properties":{"kind":"road"},"geometry":{"type":"MultiLineString","coordinates":[[[10.731894,59.721677],[10.765973,59.719023],[10.832545,59.703468],[10.879399,59.68431],[10.983098,59.623047]]]}},{"type":"Feature","properties":{"kind":"road"},"geometry":{"type":"MultiLineString","coordinates":[[[11.36104,59.574183],[11.475907,59.559914],[11.518147,59.549184],[11.64658,59.495119],[11.695024,59.484006],[11.72138,59.483292],[11.854395,59.503242],[11.928346,59.495055],[11.972767,59.481174],[12.11987,59.417301],[12.26753,59.390674],[12.300895,59.368571],[12.344654,59.311621],[12.374011,59.296454],[12.572145,59.26374],[12.735439,59.27331],[12.895335,59.269075],[12.99395,59.277469],[13.066524,59.301334],[13.182053,59.379342],[13.233767,59.39646],[13.288175,59.394454],[13.373531,59.373862],[13.438907,59.374675]]]}},{"type":"Feature","properties":{"kind":"road"},"geometry":{"type":"MultiLineString","coordinates":[[[13.680436,59.41257],[14.037471,59.365943],[14.084101,59.353794]]]}},{"type":"Feature","properties":{"kind":"road"},"geometry":{"type":"MultiLineString","coordinates":[[[14.084101,59.353794],[14.184612,59.324286],[14.23657,59.317735],[14.289063,59.317055],[14.45252,59.329892],[14.558015,59.321614],[14.609817,59.311636],[14.796788,59.251496],[14.85624,59.239902]]]}},{"type":"Feature","properties":{"kind":"road"},"geometry":{"type":"MultiLineString","coordinates":[[[13.427491,55.806458],[13.478889,55.82196],[13.609851,55.834132],[13.655953,55.846595],[13.78426,55.923789],[13.819483,55.938361],[13.861484,55.944898],[13.992877,55.93683],[14.036736,55.946266],[14.077302,55.965694]]]}},{"type":"Feature","properties":{"kind":"road"},"geometry":{"type":"MultiLineString","coordinates":[[[14.63754,56.087727],[14.647294,56.104907],[14.655886,56.143563],[14.672039,56.171607],[14.694084,56.183218],[14.739888,56.190487],[14.946854,56.18314],[15.24164,56.230814],[15.30314,56.221107],[15.425199,56.187614],[15.475525,56.186269],[15.528204,56.196306]]]}},{"type":"Feature","properties":{"kind":"road"},"geometry":{"type":"MultiLineString","coordinates":[[[15.648009,56.202924],[15.752274,56.183673],[15.80483,56.186946],[15.855935,56.204627],[15.904052,56.229939],[15.988769,56.288871],[16.017458,56.319763],[16.037878,56.357009],[16.056947,56.41738],[16.072616,56.520064],[16.089463,56.550471],[16.199068,56.644512],[16.253279,56.664194]]]}},{"type":"Feature","properties":{"kind":"road"},"geometry":{"type":"MultiLineString","coordinates":[[[16.303036,56.745023],[16.312541,56.774293],[16.355799,56.823055],[16.384763,56.935095],[16.419253,57.015912],[16.446367,57.058928],[16.484101,57.095405],[16.486352,57.110805],[16.477792,57.140574],[16.429814,57.208493],[16.421254,57.252366],[16.422817,57.274714],[16.439323,57.313691],[16.484477,57.346023],[16.487793,57.363118],[16.483832,57.390672],[16.514248,57.457361],[16.516829,57.476955],[16.506679,57.504909],[16.469444,57.54948],[16.463555,57.606312],[16.445229,57.660234],[16.442706,57.693153],[16.462549,57.717822],[16.489433,57.727646],[16.538775,57.734783],[16.548666,57.740051],[16.554415,57.750528],[16.552087,57.762976],[16.538492,57.784811],[16.505857,57.813494],[16.429359,57.856551],[16.398757,57.88774],[16.393428,57.904814],[16.407405,57.925351],[16.479189,57.975624],[16.500055,58.0048],[16.52705,58.114067],[16.544008,58.162902],[16.549722,58.213612],[16.535342,58.245393],[16.454003,58.312884],[16.41267,58.395389],[16.3213,58.498359],[16.285159,58.529049],[16.248831,58.551417],[16.143796,58.575839],[16.126529,58.589352],[16.119972,58.61061]]]}},{"type":"Feature","properties":{"kind":"road"},"geometry":{"type":"MultiLineString","coordinates":[[[24.54343,60.250257],[24.58983,60.274396],[24.730416,60.317873],[24.880838,60.35215],[25.0,60.368403]]]}},{"type":"Feature","properties":{"kind":"road"},"geometry":{"type":"MultiLineString","coordinates":[[[20.261586,69.362873],[20.315227,69.395972],[20.372276,69.452796],[20.422278,69.489343],[20.470048,69.547129],[20.480898,69.548506],[20.597366,69.523095],[20.678487,69.483171],[20.706094,69.484542],[20.724218,69.500053],[20.725309,69.524052],[20.718569,69.539732],[20.697626,69.565889],[20.663953,69.587438],[20.625825,69.597274],[20.546099,69.606111],[20.510579,69.616028],[20.493484,69.625578],[20.49146,69.63739],[20.534181,69.672811],[20.551699,69.70031],[20.549827,69.721013],[20.516964,69.760407],[20.747841,69.769128],[20.862676,69.789807],[20.917088,69.787719],[20.980206,69.772459],[21.007749,69.770913],[21.183263,69.792176],[21.208382,69.804146],[21.217194,69.815597],[21.228849,69.864861],[21.236911,69.879579],[21.261321,69.892745],[21.325612,69.896624],[21.47216,69.876913],[21.601217,69.893801],[21.638718,69.886766],[21.682871,69.866605],[21.771464,69.854471],[21.843721,69.832316],[21.886538,69.80624],[21.968901,69.720267],[21.986189,69.710845],[22.008852,69.709591],[22.087391,69.73058],[22.109024,69.746436],[22.110445,69.766987],[22.103179,69.783571],[22.091282,69.79693],[22.03113,69.840763],[22.020078,69.856],[22.016432,69.87427],[22.022776,69.892103],[22.062704,69.935749],[22.079822,69.977879],[22.109662,70.0]],[[23.098116,70.0],[23.094132,69.989738],[23.040213,69.95626],[23.026403,69.941192],[23.021978,69.91357],[23.097125,69.917065],[23.212129,69.958066]]]}},{"type":"Feature","properties":{"kind":"road"},"geometry":{"type":"MultiLineString","coordinates":[[[16.181947,68.208842],[16.375301,68.230333],[16.415715,68.239013],[16.442989,68.249647],[16.487216,68.289822],[16.50471,68.297709],[16.527864,68.298561],[16.606403,68.285791],[16.629165,68.28599],[16.646158,68.293223],[16.651629,68.301028],[16.652513,68.328422],[16.670591,68.333328],[16.830446,68.341653],[17.037622,68.391652],[17.089385,68.399562],[17.136056,68.399824],[17.211675,68.374408],[17.2473,68.373165],[17.327417,68.420854],[17.408351,68.428531],[17.499234,68.456193],[17.545648,68.460277],[17.694728,68.449817],[17.691035,68.47682],[17.669314,68.491305],[17.58141,68.484205],[17.552779,68.491754],[17.543819,68.510357],[17.554739,68.540574],[17.597738,68.584687],[17.676837,68.639708],[17.727028,68.659221],[17.81927,68.676529],[17.894349,68.671285],[17.979367,68.704892],[18.0617,68.708106],[18.080682,68.713595],[18.114283,68.741141],[18.142392,68.799219],[18.162958,68.824303],[18.215993,68.850157],[18.328395,68.879015],[18.40393,68.924989],[18.461232,68.977397],[18.472485,68.995585],[18.491298,69.046465],[18.50503,69.063615],[18.555081,69.087183],[18.605678,69.129685],[18.634822,69.147909],[18.660507,69.154548],[18.707244,69.154244],[18.838238,69.12965],[18.887499,69.128606],[18.948237,69.14347],[19.009462,69.15124],[19.083667,69.196164],[19.117912,69.208916],[19.153564,69.210263],[19.250974,69.194589],[19.296773,69.196712],[19.383225,69.212352],[19.453034,69.200364],[19.48538,69.200352],[19.513247,69.210992],[19.530829,69.23743]]]}},{"type":"Feature","properties":{"kind":"road"},"geometry":{"type":"MultiLineString","coordinates":[[[10.899151,63.437181],[10.907003,63.45511],[10.903894,63.473929],[10.856354,63.513923],[10.861289,63.529295],[10.874875,63.540063],[10.915412,63.560816],[11.024935,63.601493],[11.143854,63.696677],[11.180328,63.71906],[11.239047,63.736141],[11.398441,63.756818],[11.426947,63.765521],[11.44629,63.777209],[11.457461,63.796736],[11.457456,63.808298],[11.444167,63.825273],[11.406343,63.851941],[11.402458,63.870716],[11.430925,63.928392],[11.431427,63.953479],[11.42053,63.981129],[11.499083,64.022486],[11.511897,64.037615],[11.5027,64.050565],[11.484552,64.058423]]]}},{"type":"Feature","properties":{"kind":"road"},"geometry":{"type":"MultiLineString","coordinates":[[[11.473162,64.086651],[11.492573,64.105129],[11.54254,64.121212],[12.080541,64.213961],[12.186879,64.2465],[12.287498,64.265683],[12.328691,64.284135],[12.344789,64.341034],[12.343625,64.371701],[12.336234,64.389741],[12.304255,64.421122],[12.297208,64.438375],[12.299404,64.452772],[12.317223,64.474811],[12.368761,64.507321],[12.44462,64.541295],[12.561272,64.584614],[12.656066,64.658772],[12.696573,64.684212],[12.810851,64.715544],[13.041822,64.866155],[13.108376,64.931773],[13.128309,64.942186],[13.180571,64.954693],[13.20023,64.965887],[13.332851,65.101306],[13.367744,65.14613],[13.384556,65.192585],[13.382794,65.207615],[13.37501,65.220883],[13.329004,65.249552],[13.322015,65.266708],[13.325043,65.284935],[13.349027,65.313265],[13.377533,65.321268],[13.378058,65.349887],[13.367301,65.376678],[13.396742,65.417468]]]}},{"type":"Feature","properties":{"kind":"road"},"geometry":{"type":"MultiLineString","coordinates":[[[14.155949,66.306271],[14.250046,66.333724],[14.366269,66.349614],[14.383708,66.359464],[14.416206,66.394826],[14.460879,66.41135],[14.499287,66.413809],[14.642951,66.400193],[14.717091,66.403256],[14.76599,66.417574],[14.788971,66.430965],[14.837882,66.476959],[14.86233,66.493155],[14.917731,66.510487],[14.956401,66.514019],[15.008418,66.508944],[15.107284,66.472423],[15.147864,66.464358],[15.188293,66.466613],[15.226885,66.479383],[15.265578,66.501121],[15.300147,66.52932],[15.330435,66.562294],[15.35628,66.598359],[15.393416,66.66627],[15.455846,66.737914],[15.456292,66.763137],[15.44613,66.778462],[15.380101,66.823689]]]}},{"type":"Feature","properties":{"kind":"road"},"geometry":{"type":"MultiLineString","coordinates":[[[15.380101,66.823689],[15.333389,66.852547],[15.318088,66.877293],[15.307314,66.926166],[15.308334,66.961633],[15.319482,66.994038],[15.343738,67.019288],[15.360824,67.027925],[15.465144,67.051795],[15.478497,67.061429],[15.490631,67.082899],[15.490698,67.10742],[15.483164,67.132178],[15.464829,67.167995],[15.417715,67.238997],[15.41264,67.250478],[15.41201,67.273257],[15.423094,67.292458],[15.460973,67.317983],[15.604439,67.355705],[15.653918,67.380153],[15.671632,67.400541],[15.636975,67.406065],[15.604165,67.418389],[15.584127,67.433815],[15.578699,67.444607],[15.584051,67.464782],[15.614423,67.488618],[15.67253,67.510315],[15.721243,67.519369],[15.852819,67.528297],[15.880922,67.542364],[15.902524,67.568458],[15.931201,67.62228],[15.92988,67.648245],[15.908847,67.668283],[15.850448,67.696905],[15.845918,67.703304],[15.849316,67.719478],[15.859674,67.732728],[15.888167,67.753904],[15.990075,67.813198],[16.00941,67.833583],[16.013479,67.851396],[16.006211,67.868395],[15.985584,67.881613],[15.890518,67.883947],[15.877702,67.89174],[15.86747,67.90588],[15.86446,67.929436],[15.875923,67.946026],[15.902748,67.962722],[15.984586,67.994573],[15.995358,68.004338],[15.998178,68.017102],[15.993666,68.030192],[15.974628,68.0503],[15.88423,68.104714],[15.8772,68.116294],[15.877247,68.132733],[15.886021,68.146739],[15.912887,68.159397],[16.02405,68.175463]]]}},{"type":"Feature","properties":{"kind":"road"},"geometry":{"type":"MultiLineString","coordinates":[[[25.0,59.465537],[24.950169,59.470662],[24.868716,59.469326],[24.805762,59.46071],[24.7611,59.44412]]]}},{"type":"Feature","properties":{"kind":"road"},"geometry":{"type":"MultiLineString","coordinates":[[[24.7611,59.44412],[24.626464,59.355988],[24.538437,59.280115],[24.508954,59.237422],[24.439536,58.862549],[24.437203,58.743712],[24.448082,58.708478],[24.509164,58.643822],[24.513569,58.589956],[24.55078,58.531834],[24.555809,58.514147],[24.546347,58.484149],[24.505979,58.430253],[24.495444,58.392592],[24.562436,58.365997],[24.585595,58.351519],[24.601911,58.330121],[24.603836,58.316153],[24.600563,58.30262],[24.585291,58.278793],[24.509958,58.217104],[24.498822,58.20289],[24.492912,58.163978],[24.506248,58.068184],[24.499469,58.032582],[24.45895,57.987174],[24.394046,57.892439]]]}},{"type":"Feature","properties":{"kind":"road"},"geometry":{"type":"MultiLineString","coordinates":[[[24.394046,57.892439],[24.36331,57.835834],[24.354758,57.783615],[24.383698,57.685079],[24.382438,57.662635],[24.371249,57.642401],[24.417334,57.597259],[24.433842,57.568471],[24.438124,57.55172],[24.438148,57.502345],[24.424322,57.400621],[24.436304,57.305299],[24.423354,57.268875],[24.308709,57.100428],[24.306521,57.087232],[24.320568,57.057067],[24.394945,56.994979],[24.412095,56.973838]]]}},{"type":"Feature","properties":{"kind":"road"},"geometry":{"type":"MultiLineString","coordinates":[[[14.580664,61.041562],[14.618062,61.076612],[14.684243,61.175239],[14.690284,61.198033],[14.68256,61.282485],[14.687784,61.301922],[14.708277,61.337124],[14.751704,61.379714],[14.86574,61.457296],[14.834082,61.569932],[14.802928,61.627961],[14.755219,61.675605],[14.674206,61.711665],[14.664094,61.721296],[14.668586,61.822778],[14.640597,61.891908],[14.63035,61.900241],[14.585199,61.911257],[14.577689,61.928169],[14.568903,61.974122],[14.555288,61.992229],[14.536309,62.003272],[14.465386,62.021198],[14.485689,62.045836],[14.511581,62.063012],[14.572579,62.07927],[14.608594,62.080924],[14.809082,62.063535],[14.875079,62.074017],[14.90938,62.087522],[14.937602,62.108998],[14.954406,62.140595],[14.955657,62.151678],[14.948176,62.170115],[14.939259,62.176774],[14.855208,62.202012],[14.816432,62.258933],[14.722455,62.350614],[14.663928,62.397346],[14.620961,62.422614],[14.511097,62.461109],[14.473949,62.484892],[14.461964,62.50232],[14.454958,62.543834],[14.446628,62.56227],[14.426281,62.582495],[14.379762,62.613039],[14.368384,62.633077],[14.365884,62.654681],[14.37039,62.676551],[14.392598,62.716082],[14.423519,62.748548],[14.507276,62.815837],[14.527728,62.84655],[14.560894,62.951217],[14.584666,62.984156],[14.617601,63.005725],[14.655977,63.018381],[14.756129,63.03064],[14.795038,63.041438],[14.828283,63.063384],[14.842852,63.080196]]]}},{"type":"Feature","properties":{"kind":"road"},"geometry":{"type":"MultiLineString","coordinates":[[[14.836969,63.081079],[14.843103,63.081844],[14.841974,63.09195],[14.828826,63.109337],[14.791719,63.130708],[14.73227,63.17515],[14.669397,63.205324]]]}},{"type":"Feature","properties":{"kind":"road"},"geometry":{"type":"MultiLineString","coordinates":[[[14.680364,63.198242],[14.715134,63.216944],[14.791284,63.2391],[14.826011,63.257723],[14.854779,63.293873],[14.876923,63.360993],[14.890316,63.37688],[14.907741,63.387987],[14.928811,63.39369],[14.995293,63.396119],[15.043153,63.405249],[15.203481,63.481273],[15.365322,63.538978],[15.35581,63.586308],[15.365532,63.629345],[15.382522,63.651366],[15.467553,63.719606],[15.491444,63.746323],[15.505719,63.777544],[15.513556,63.827152],[15.521977,63.845834],[15.55274,63.8719],[15.597077,63.884043],[15.673784,63.889415],[15.710946,63.901774],[16.060923,64.103959],[16.148854,64.136492],[16.245987,64.151292],[16.267195,64.16869],[16.302283,64.233955],[16.316035,64.250117],[16.33327,64.260856],[16.373968,64.270776],[16.494808,64.273734],[16.534114,64.284841],[16.676451,64.362038],[16.746059,64.426364],[16.789267,64.440437],[16.793546,64.46165],[16.787797,64.48282],[16.734605,64.587802],[16.720307,64.604667],[16.701109,64.617089],[16.612029,64.632918],[16.611002,64.654193],[16.671224,64.663521],[16.694619,64.673452],[16.706318,64.687175],[16.704702,64.732052],[16.716874,64.752248],[16.888232,64.816915],[16.927404,64.834797],[16.96284,64.859135],[17.029837,64.933934],[17.087063,64.971309],[17.093299,64.985424],[17.093472,65.000903],[17.087087,65.01481],[17.071634,65.030335],[17.072287,65.054063],[17.080889,65.06881],[17.101668,65.087681],[17.117678,65.096432],[17.135464,65.097808]]]}},{"type":"Feature","properties":{"kind":"road"},"geometry":{"type":"MultiLineString","coordinates":[[[17.12949,65.097808],[17.192302,65.102697],[17.210293,65.113209],[17.238145,65.152701],[17.286883,65.177593],[17.324267,65.184911],[17.531446,65.182438],[17.606129,65.194277],[17.653301,65.211057],[17.677085,65.228688],[17.688119,65.244789],[17.690312,65.272941],[17.679555,65.299081],[17.585791,65.40247],[17.562818,65.435987],[17.549524,65.473998],[17.549288,65.498347],[17.558872,65.520525],[17.576725,65.535558],[17.598388,65.544603],[17.626742,65.550859],[18.279948,65.569728],[18.394763,65.554488],[18.432625,65.553756],[18.511102,65.559476],[18.744479,65.613313],[18.820428,65.614418],[18.999604,65.598455]]]}},{"type":"Feature","properties":{"kind":"road"},"geometry":{"type":"MultiLineString","coordinates":[[[18.999604,65.598455],[19.066893,65.596011],[19.090545,65.599884],[19.124784,65.61382],[19.251216,65.682956],[19.424327,65.730857],[19.394332,65.761705],[19.386077,65.780964],[19.386643,65.802449],[19.394451,65.816837],[19.436773,65.839541],[19.458544,65.861174],[19.461501,65.87574],[19.451806,65.91075],[19.453737,65.925191],[19.462601,65.938529],[19.483613,65.952596],[19.517762,65.962499],[19.594315,65.970041],[19.657926,65.969586],[19.791133,65.993302],[19.913202,66.026425],[20.029378,66.039553],[20.05875,66.050386],[20.086602,66.070529],[20.059657,66.103354],[19.964081,66.180044],[19.915255,66.261537],[19.883492,66.286157],[19.78745,66.32628],[19.753633,66.347354],[19.727423,66.373304],[19.682861,66.444268],[19.672314,66.474235],[19.674193,66.493485],[19.688146,66.505829],[19.757941,66.533374],[19.783582,66.551581],[19.801427,66.577257],[19.817556,66.638966]]]}},{"type":"Feature","properties":{"kind":"road"},"geometry":{"type":"MultiLineString","coordinates":[[[19.811583,66.621046],[19.819974,66.677181],[19.864927,66.750496],[19.879172,66.791398],[19.869958,66.832066],[19.820403,66.893912],[19.810261,66.929167],[19.815223,66.965116],[19.823337,66.980849],[19.858221,67.007543],[19.898049,67.021572],[20.1065,67.066542],[20.321315,67.072808],[20.375884,67.080219],[20.515249,67.12187],[20.537602,67.12315],[20.614464,67.113298],[20.64007,67.115109],[20.679327,67.141482],[20.860377,67.105933],[20.896542,67.110807],[20.928445,67.131338],[20.94057,67.146712]]]}},{"type":"Feature","properties":{"kind":"road"},"geometry":{"type":"MultiLineString","coordinates":[[[22.654959,65.904228],[22.660253,65.926118],[22.692538,65.984998],[22.706746,66.069849],[22.721052,66.09857],[22.805422,66.191002],[22.81832,66.217142],[22.824328,66.245355],[22.821732,66.274782],[22.811034,66.301412],[22.794545,66.318977],[22.724083,66.372362],[22.647005,66.421453],[22.13622,66.663557],[21.922648,66.732188],[21.776073,66.826317],[21.604423,66.893711],[21.443393,66.939273],[21.399076,66.95629],[21.234029,67.044544],[21.192947,67.061858],[21.150339,67.074321],[21.106002,67.080271],[20.987244,67.086327],[20.949811,67.098312],[20.916676,67.122818]]]}},{"type":"Feature","properties":{"kind":"road"},"geometry":{"type":"MultiLineString","coordinates":[[[20.928623,67.134765],[20.990622,67.186499],[21.00083,67.235576],[21.01381,67.249019],[21.047078,67.269973],[21.064721,67.292511],[21.077132,67.352788],[21.13808,67.512535],[21.151103,67.563622],[21.155102,67.598961],[21.15099,67.616237],[21.137695,67.62459]]]}},{"type":"Feature","properties":{"kind":"road"},"geometry":{"type":"MultiLineString","coordinates":[[[21.152159,67.620203],[21.116581,67.630147],[20.85504,67.675],[20.807914,67.691139],[20.632767,67.781385],[20.542514,67.813516],[20.203729,67.866796],[20.04559,67.95186],[19.879414,68.016559],[19.84922,68.034264],[19.822558,68.060088],[19.800724,68.135924],[19.790938,68.148372],[19.764028,68.166065],[19.656581,68.198313],[19.575683,68.201084],[19.549718,68.206929],[19.458497,68.255387],[19.423759,68.258182],[19.350945,68.24879],[19.299503,68.251759],[19.27287,68.258036],[19.133167,68.311354],[19.094252,68.317001],[19.040975,68.316977],[18.934129,68.305153],[18.743642,68.30503],[18.720976,68.308834],[18.66711,68.333153],[18.55476,68.428338],[18.523309,68.44777],[18.480815,68.462149],[18.436171,68.467924],[18.091696,68.459098],[18.066702,68.462417],[17.975257,68.493895],[17.896738,68.503672],[17.829639,68.501502],[17.67905,68.472824]]]}},{"type":"Feature","properties":{"kind":"road"},"geometry":{"type":"MultiLineString","coordinates":[[[19.51689,69.227472],[19.599407,69.220839],[19.698043,69.187682],[19.74131,69.184275],[19.793966,69.199664],[19.921929,69.260559],[19.973955,69.311853],[20.025942,69.33626],[20.122297,69.358929],[20.173573,69.364028],[20.313364,69.357879]]]}},{"type":"Feature","properties":{"kind":"road"},"geometry":{"type":"MultiLineString","coordinates":[[[15.253581,59.294643],[15.250329,59.333812],[15.23352,59.36986],[15.215798,59.388043],[15.149489,59.431178],[15.12974,59.457619],[15.130279,59.482854],[15.144554,59.508437],[15.19966,59.54809],[15.212202,59.572004],[15.205251,59.605279],[15.168544,59.616385],[15.123314,59.641315],[15.098615,59.665445],[15.09146,59.688452],[15.099998,59.708414],[15.153558,59.763634],[15.156273,59.785454],[15.15212,59.797314],[15.137452,59.817929],[15.111204,59.83734],[15.051872,59.865201],[15.029127,59.888882]]]}},{"type":"Feature","properties":{"kind":"road"},"geometry":{"type":"MultiLineString","coordinates":[[[15.029127,59.888882],[15.02098,59.911489],[15.011947,59.982693],[14.975666,60.039986],[14.974097,60.054809],[14.979548,60.067931],[14.989663,60.07884],[15.018495,60.093934],[15.120744,60.117309],[15.155588,60.138242],[15.293698,60.299421],[15.310461,60.341647],[15.322037,60.393754],[15.339243,60.431917],[15.37334,60.463467],[15.414454,60.485737]]]}},{"type":"Feature","properties":{"kind":"road"},"geometry":{"type":"MultiLineString","coordinates":[[[15.415102,60.474335],[15.411281,60.487323],[15.386873,60.504413],[15.282332,60.540968],[15.123469,60.568009],[15.094325,60.579816],[15.073978,60.59624],[15.065274,60.62035],[15.0688,60.633286],[15.096786,60.670188],[15.096168,60.687531],[15.073237,60.705746],[15.017524,60.726697],[15.01419,60.74726],[15.019207,60.775287],[15.02684,60.787815],[15.076188,60.826698],[15.093196,60.845718],[15.10353,60.879584],[15.090565,60.905304],[15.057585,60.920115],[15.028774,60.925744],[14.987651,60.928232],[14.840213,60.922011],[14.799597,60.926698],[14.753679,60.944534],[14.64779,61.010484],[14.593089,61.024928],[14.583201,61.035469],[14.587842,61.050021]]]}},{"type":"Feature","properties":{"kind":"road"},"geometry":{"type":"MultiLineString","coordinates":[[[23.764574,56.653067],[23.727531,56.636144],[23.712014,56.613443],[23.679017,56.410132],[23.63979,56.325672]]]}},{"type":"Feature","properties":{"kind":"road"},"geometry":{"type":"MultiLineString","coordinates":[[[23.640659,56.326127],[23.625098,56.287996],[23.603313,56.252964],[23.385625,55.990256],[23.337934,55.949646]]]}},{"type":"Feature","properties":{"kind":"road"},"geometry":{"type":"MultiLineString","coordinates":[[[23.337934,55.949646],[23.254562,55.905522],[23.133566,55.867537],[23.0941,55.846755],[23.019607,55.753711],[22.968129,55.699693],[22.908062,55.597517],[22.864115,55.559445],[22.811328,55.531135],[22.645351,55.463263],[22.562665,55.404569],[22.471452,55.351782],[22.029692,55.149573],[21.952941,55.09923]]]}},{"type":"Feature","properties":{"kind":"road"},"geometry":{"type":"MultiLineString","coordinates":[[[21.96254,55.108937],[21.939483,55.098909],[21.804759,55.0]]]}},{"type":"Feature","properties":{"kind":"road"},"geometry":{"type":"MultiLineString","coordinates":[[[25.0,55.356702],[24.517506,55.172808],[24.35278,55.125834],[24.321816,55.11081],[24.300997,55.076147],[24.287177,55.065624],[24.224852,55.044959],[24.138451,55.0]]]}},{"type":"Feature","properties":{"kind":"road"},"geometry":{"type":"MultiLineString","coordinates":[[[10.259989,59.751544],[10.211787,59.746177],[10.163025,59.746793],[10.0,59.764552]]]}},{"type":"Feature","properties":{"kind":"road"},"geometry":{"type":"MultiLineString","coordinates":[[[15.985744,59.537864],[16.019307,59.559853],[16.075381,59.577021],[16.25556,59.580127],[16.34508,59.593189]]]}},{"type":"Feature","properties":{"kind":"road"},"geometry":{"type":"MultiLineString","coordinates":[[[22.455472,60.590124],[22.611412,60.686575],[22.762027,60.736699],[22.82798,60.77653],[22.927347,60.808853],[23.059893,60.882964],[23.08416,60.892105],[23.342142,60.949901],[23.416811,60.976417],[23.452299,60.993789],[23.484555,61.016665],[23.512439,61.044738],[23.546247,61.091295],[23.560641,61.103901],[23.596575,61.118094],[23.669765,61.133845],[23.697879,61.155994],[23.714041,61.185264],[23.730063,61.23857],[23.755893,61.351778],[23.766636,61.373951],[23.78236,61.392046]]]}},{"type":"Feature","properties":{"kind":"road"},"geometry":{"type":"MultiLineString","coordinates":[[[13.052407,55.563105],[13.164655,55.53231],[13.295928,55.515102]]]}},{"type":"Feature","properties":{"kind":"road"},"geometry":{"type":"MultiLineString","coordinates":[[[13.08046,55.3773],[13.063225,55.466523]]]}},{"type":"Feature","properties":{"kind":"road"},"geometry":{"type":"MultiLineString","coordinates":[[[13.063225,55.466523],[13.057269,55.497371],[13.057211,55.533678],[13.067533,55.579407]]]}},{"type":"Feature","properties":{"kind":"road"},"geometry":{"type":"MultiLineString","coordinates":[[[12.596984,56.048725],[12.561788,56.038394],[12.531918,56.018032],[12.508817,55.989938],[12.493939,55.95643],[12.488636,55.920193],[12.493709,55.883944],[12.532253,55.814767],[12.528324,55.790865],[12.517882,55.769835],[12.480612,55.727315],[12.470296,55.708887],[12.470623,55.685454],[12.482497,55.66476]]]}},{"type":"Feature","properties":{"kind":"road"},"geometry":{"type":"MultiLineString","coordinates":[[[11.992879,55.0],[11.982468,55.041505],[11.928556,55.115412],[11.92668,55.146866],[11.941879,55.190288],[12.083778,55.433547],[12.112742,55.474635],[12.120229,55.495612],[12.119048,55.50776]]]}},{"type":"Feature","properties":{"kind":"road"},"geometry":{"type":"MultiLineString","coordinates":[[[21.168817,55.715377],[21.502381,55.718185],[21.782539,55.674461],[21.94387,55.624237],[22.091401,55.607139],[22.278475,55.532074],[22.379412,55.507253],[22.565809,55.488848],[22.650978,55.472538]]]}},{"type":"Feature","properties":{"kind":"road"},"geometry":{"type":"MultiLineString","coordinates":[[[22.654959,55.468559],[22.860866,55.394614],[23.181383,55.323309],[23.279129,55.287252],[23.527367,55.231271],[23.744687,55.1379],[23.7765,55.119315],[23.80544,55.094251],[23.8239,55.056127]]]}},{"type":"Feature","properties":{"kind":"road"},"geometry":{"type":"MultiLineString","coordinates":[[[18.461576,59.309507],[18.411111,59.30855],[18.310594,59.319987],[18.260111,59.320124],[18.15172,59.299995],[18.115114,59.29756]]]}},{"type":"Feature","properties":{"kind":"road"},"geometry":{"type":"MultiLineString","coordinates":[[[18.0733,59.357295],[18.081939,59.323446],[18.163847,59.218685],[18.175287,59.184358],[18.176885,59.166849],[18.171947,59.14404],[18.157334,59.125916],[18.134945,59.113694],[18.0179,59.084089],[17.950756,59.051326],[17.896686,59.006288],[17.876843,58.97953],[17.86298,58.949535],[17.856811,58.916628]]]}},{"type":"Feature","properties":{"kind":"road"},"geometry":{"type":"MultiLineString","coordinates":[[[18.023628,59.399366],[18.02926,59.414118],[18.039968,59.424636],[18.121278,59.451097],[18.154724,59.471228],[18.24115,59.565418],[18.374354,59.670613],[18.44818,59.707006],[18.573734,59.73713],[18.654323,59.747108],[18.708676,59.748549],[19.058924,59.72765]]]}},{"type":"Feature","properties":{"kind":"road"},"geometry":{"type":"MultiLineString","coordinates":[[[16.477219,59.38654],[16.916825,59.357265],[16.991607,59.342617],[17.075889,59.312683],[17.189152,59.242267],[17.241438,59.224845],[17.372767,59.204525],[17.453686,59.198627],[17.661183,59.205892]]]}},{"type":"Feature","properties":{"kind":"road"},"geometry":{"type":"MultiLineString","coordinates":[[[24.382321,57.012616],[24.191415,56.977061]]]}},{"type":"Feature","properties":{"kind":"road"},"geometry":{"type":"MultiLineString","coordinates":[[[24.017099,56.857157],[23.963244,56.879403],[23.933097,56.901716],[23.922235,56.924239],[23.924568,56.938762],[23.93396,56.954623]]]}},{"type":"Feature","properties":{"kind":"road"},"geometry":{"type":"MultiLineString","coordinates":[[[13.295928,55.515102],[13.617892,55.489388],[13.902653,55.434579],[13.952407,55.430443]]]}},{"type":"Feature","properties":{"kind":"road"},"geometry":{"type":"MultiLineString","coordinates":[[[10.731894,59.70973],[10.689916,59.705285],[10.604636,59.66487],[10.582154,59.662406],[10.535034,59.673711],[10.403962,59.735429],[10.365551,59.744384],[10.248042,59.757518]]]}},{"type":"Feature","properties":{"kind":"road"},"geometry":{"type":"MultiLineString","coordinates":[[[25.0,56.63491],[24.967687,56.637425],[24.948052,56.647525],[24.891123,56.70677],[24.851741,56.73277],[24.751195,56.751629],[24.673563,56.80199],[24.60579,56.814762],[24.548884,56.834555],[24.358649,56.873704],[24.267192,56.883775],[24.119745,56.941101]]]}},{"type":"Feature","properties":{"kind":"road"},"geometry":{"type":"MultiLineString","coordinates":[[[24.125438,56.957286],[24.135227,56.93037],[24.166908,56.895944],[24.25983,56.838152]]]}},{"type":"Feature","properties":{"kind":"road"},"geometry":{"type":"MultiLineString","coordinates":[[[10.0,57.310311],[10.022969,57.36604],[10.03358,57.413735],[10.039157,57.516392],[10.029905,57.551901],[10.018681,57.569427],[10.0,57.586019]]]}},{"type":"Feature","properties":{"kind":"road"},"geometry":{"type":"MultiLineString","coordinates":[[[10.0,56.152359],[10.047927,56.14974],[10.116625,56.131616]]]}},{"type":"Feature","properties":{"kind":"road"},"geometry":{"type":"MultiLineString","coordinates":[[[10.0,57.116947],[10.121073,57.164736],[10.311822,57.261741],[10.39989,57.297325],[10.46146,57.337182],[10.486634,57.363856],[10.50685,57.394764],[10.516653,57.422788],[10.509317,57.450605],[10.465079,57.487593]]]}},{"type":"Feature","properties":{"kind":"road"},"geometry":{"type":"MultiLineString","coordinates":[[[10.120388,56.140246],[10.137387,56.179036],[10.1533,56.232762],[10.156208,56.271313],[10.147327,56.328134],[10.120222,56.378972],[10.075788,56.424033],[10.0,56.465128]]]}},{"type":"Feature","properties":{"kind":"road"},"geometry":{"type":"MultiLineString","coordinates":[[[24.825327,55.257492],[24.826797,55.218467],[24.836469,55.180852],[24.86237,55.137927],[24.916461,55.0]]]}},{"type":"Feature","properties":{"kind":"road"},"geometry":{"type":"MultiLineString","coordinates":[[[24.257065,55.747819],[24.305576,55.686866],[24.322184,55.673425],[24.39953,55.636155],[24.670297,55.442723],[24.707736,55.407095],[24.807523,55.287835],[24.82619,55.246397]]]}},{"type":"Feature","properties":{"kind":"road"},"geometry":{"type":"MultiLineString","coordinates":[[[25.0,60.206015],[24.746814,60.178108],[24.614797,60.19184],[24.531133,60.270117]]]}},{"type":"Feature","properties":{"kind":"road"},"geometry":{"type":"MultiLineString","coordinates":[[[15.414454,60.485737],[15.551115,60.54072],[15.621082,60.586005],[15.668537,60.60476]]]}},{"type":"Feature","properties":{"kind":"road"},"geometry":{"type":"MultiLineString","coordinates":[[[16.821086,60.6397],[16.982799,60.653592],[17.077476,60.676777]]]}},{"type":"Feature","properties":{"kind":"road"},"geometry":{"type":"MultiLineString","coordinates":[[[13.013763,58.29202],[12.964601,58.292233],[12.65398,58.344166],[12.599942,58.339662],[12.468986,58.291553],[12.411897,58.283238],[12.338876,58.288374],[12.292964,58.307954]]]}},{"type":"Feature","properties":{"kind":"road"},"geometry":{"type":"MultiLineString","coordinates":[[[12.05731,57.922524],[12.083353,57.937321],[12.138144,57.952439],[12.155169,57.975784],[12.16109,58.023435],[12.160133,58.06004],[12.152118,58.107408],[12.130878,58.16607],[12.13887,58.189368],[12.164447,58.207586],[12.261119,58.246554],[12.285523,58.265402],[12.293369,58.278976],[12.295916,58.311519],[12.273833,58.338705],[12.270222,58.35466],[12.275195,58.370005],[12.299477,58.403151],[12.301691,58.419904],[12.294043,58.443562],[12.276053,58.471216],[12.27367,58.482098],[12.277427,58.494471],[12.30499,58.522912],[12.358836,58.54944],[12.390552,58.573713],[12.399119,58.591957],[12.40102,58.657487],[12.411842,58.676303],[12.458387,58.712975],[12.485434,58.785398],[12.53337,58.834043],[12.598151,58.955765],[12.679365,59.027234],[12.733219,59.084005],[12.750968,59.09578],[12.791225,59.111268],[12.935968,59.134091],[12.977977,59.155882],[12.999821,59.184239],[13.024307,59.252117],[13.042837,59.282716],[13.07348,59.30519],[13.144864,59.339464],[13.174122,59.367961]]]}},{"type":"Feature","properties":{"kind":"road"},"geometry":{"type":"MultiLineString","coordinates":[[[13.174122,59.367961],[13.191672,59.403198],[13.203065,59.440894],[13.207475,59.479879],[13.205031,59.499378],[13.159381,59.584526],[13.142181,59.68116],[13.104001,59.765139],[13.105561,59.787365],[13.125462,59.840108],[13.126168,59.878358],[13.121717,59.90175],[13.069974,60.037615],[13.02398,60.09347],[13.003826,60.126587],[13.009522,60.22538],[13.023079,60.260436],[13.040591,60.275513],[13.091322,60.302446],[13.164132,60.350572],[13.193419,60.3651],[13.231929,60.373865],[13.251343,60.421752],[13.29055,60.458214],[13.337124,60.474367],[13.382071,60.474315],[13.388826,60.479209],[13.396264,60.497109],[13.403725,60.500402],[13.478253,60.505471],[13.497834,60.521706],[13.53494,60.539621],[13.558382,60.562284],[13.590175,60.613306],[13.625228,60.646834],[13.687168,60.683661],[13.752996,60.704203],[13.779299,60.717206],[13.798118,60.734572],[13.838167,60.789209],[13.868218,60.814885],[13.905147,60.828838],[13.949272,60.83184],[14.134371,60.817139],[14.169019,60.831131],[14.212463,60.86316],[14.236579,60.868599],[14.309509,60.861235],[14.330501,60.864253],[14.350104,60.87233],[14.395048,60.907751],[14.448363,60.921763],[14.47023,60.932298],[14.52435,60.994757],[14.587842,61.036175]]]}},{"type":"Feature","properties":{"kind":"road"},"geometry":{"type":"MultiLineString","coordinates":[[[24.085421,56.911703],[24.052975,56.932181],[23.999651,56.948988],[23.765113,56.960273],[23.548916,56.928416],[23.329072,56.928839],[23.192514,56.939675],[23.055354,56.97282],[22.977063,57.002344],[22.845259,57.070035],[22.758623,57.134052],[22.716441,57.159634],[22.649338,57.191316],[22.602198,57.207186],[22.553664,57.217613],[22.504245,57.22151],[22.455521,57.216193],[22.382433,57.200192],[22.333651,57.207122],[22.250113,57.238573],[22.057783,57.279749],[22.013268,57.30107],[21.895154,57.378804],[21.853139,57.394423],[21.826136,57.396832],[21.745152,57.389879],[21.627351,57.41022],[21.582775,57.402844],[21.561812,57.39202]]]}},{"type":"Feature","properties":{"kind":"road"},"geometry":{"type":"MultiLineString","coordinates":[[[24.835046,60.339859],[25.0,60.210588]]]}},{"type":"Feature","properties":{"kind":"road"},"geometry":{"type":"MultiLineString","coordinates":[[[21.152159,67.620203],[21.224176,67.648995],[21.304063,67.667808],[21.609189,67.679591],[21.63539,67.688872],[21.648188,67.704987],[21.650968,67.725317],[21.647439,67.74681],[21.600567,67.868255],[21.596621,67.908762],[21.60969,67.934809],[21.630099,67.955833],[21.70993,68.005411],[21.751237,68.040068],[21.757846,68.063728],[21.718613,68.084291],[21.704519,68.096501],[21.718091,68.11172],[21.801023,68.173946],[21.894892,68.222306],[22.13753,68.311126],[22.201532,68.345876],[22.411478,68.438786],[22.457251,68.46338]]]}},{"type":"Feature","properties":{"kind":"road"},"geometry":{"type":"MultiLineString","coordinates":[[[24.261498,55.734029],[24.237663,55.748951],[24.198368,55.76331],[24.095752,55.783305],[24.064513,55.78497],[23.768774,55.767405],[23.670698,55.776829],[23.601213,55.798565],[23.55334,55.823841],[23.483441,55.883197],[23.452016,55.905635],[23.416901,55.922106],[23.342457,55.944259],[23.152744,55.980155]]]}},{"type":"Feature","properties":{"kind":"road"},"geometry":{"type":"MultiLineString","coordinates":[[[23.152744,55.980155],[22.275445,56.012543],[22.158854,56.006032],[22.106472,55.997107],[21.954385,55.953625],[21.903006,55.944364],[21.676793,55.941844],[21.279519,55.890955],[21.221878,55.893175],[21.081037,55.929468]]]}},{"type":"Feature","properties":{"kind":"road"},"geometry":{"type":"MultiLineString","coordinates":[[[19.015118,69.641631],[18.977311,69.628798],[18.963165,69.614488],[18.956293,69.595891],[18.959256,69.576547],[18.970672,69.5618],[18.987385,69.552169],[19.025285,69.548663],[19.155459,69.573245],[19.180506,69.574342],[19.222682,69.568794],[19.241072,69.559327],[19.254728,69.543022],[19.261276,69.521456],[19.255752,69.434916],[19.262116,69.415963],[19.274112,69.40065],[19.29201,69.391649],[19.308778,69.389981],[19.368238,69.396357],[19.393465,69.389841],[19.427956,69.353522],[19.46961,69.33398],[19.473011,69.263231],[19.490179,69.243712],[19.51689,69.231456]]]}},{"type":"Feature","properties":{"kind":"road"},"geometry":{"type":"MultiLineString","coordinates":[[[20.289461,69.356899],[20.314367,69.352746],[20.409097,69.317547],[20.498585,69.274157],[20.582891,69.250042],[20.617352,69.233416],[20.655401,69.206734],[20.717122,69.179072],[20.732998,69.149834],[20.741022,69.104181],[20.753882,69.085608],[20.830586,69.066211],[20.870822,69.038275],[20.918855,69.022204],[20.930543,69.013471],[20.937846,68.99131],[20.933071,68.9257],[20.940722,68.910825],[20.95546,68.902606],[21.132967,68.865283],[21.237016,68.808576],[21.282567,68.791145],[21.410148,68.773278],[21.423565,68.764486],[21.446651,68.7313],[21.473881,68.705341],[21.516959,68.692548],[21.568305,68.691551],[21.605837,68.685075],[21.737096,68.604923],[21.778476,68.587645],[21.906915,68.58016],[21.947329,68.566183],[22.007738,68.532647],[22.052688,68.51447],[22.099702,68.503485],[22.457251,68.46786]]]}},{"type":"Feature","properties":{"kind":"road"},"geometry":{"type":"MultiLineString","coordinates":[[[22.451861,68.466851],[22.519398,68.448884],[22.654136,68.438879],[22.74102,68.444917],[22.765089,68.4392],[22.794566,68.421035],[22.850372,68.372477],[22.885165,68.354341],[23.048681,68.310858],[23.088488,68.296782],[23.125677,68.276802],[23.154173,68.253445],[23.182909,68.20841],[23.19536,68.197478],[23.226432,68.183991],[23.293264,68.170627],[23.331695,68.149778],[23.383023,68.081071],[23.418421,68.052382],[23.463677,68.0369],[23.603815,68.021407],[23.644769,68.007173],[23.676815,67.983477],[23.684938,67.965236],[23.680572,67.926309],[23.65701,67.894931],[23.628729,67.880178],[23.622517,67.870296],[23.642298,67.804664],[23.604016,67.739556],[23.568843,67.630467],[23.56611,67.604853],[23.572728,67.583496],[23.624133,67.490371],[23.65111,67.4648],[23.687572,67.454002],[23.761403,67.444085],[23.792414,67.426045],[23.805848,67.409457],[23.866312,67.248226],[23.892263,67.21436],[23.953211,67.16605],[23.981515,67.134931],[24.063767,66.972915],[24.098663,66.927297],[24.104234,66.913641],[24.095606,66.884217],[24.044248,66.823651],[24.016638,66.764724],[23.989017,66.742061],[23.928348,66.709432],[23.906916,66.684899],[23.896311,66.643647],[23.909576,66.577458],[23.899274,66.54832],[23.859718,66.517837],[23.731332,66.466336],[23.706449,66.442629],[23.698419,66.404355],[23.70016,66.288298],[23.715141,66.259624],[23.782316,66.217037],[23.887806,66.180621],[23.930472,66.154817],[24.063323,66.025938],[24.082376,65.999535],[24.14001,65.892835],[24.168746,65.86356],[24.192138,65.854445]]]}},{"type":"Feature","properties":{"kind":"road"},"geometry":{"type":"MultiLineString","coordinates":[[[25.0,63.932177],[24.517378,64.07641],[24.39218,64.132097],[24.272769,64.155909],[24.198777,64.180935],[24.039009,64.196055],[24.013856,64.202492],[23.909063,64.248626]]]}},{"type":"Feature","properties":{"kind":"road"},"geometry":{"type":"MultiLineString","coordinates":[[[23.805169,61.49426],[23.648234,61.500003],[23.569698,61.494873],[23.448379,61.473233],[23.405319,61.461654],[23.206587,61.381076],[22.831754,61.289523],[22.768233,61.262307],[22.698281,61.208469],[22.667731,61.192337],[22.622825,61.185646],[22.476513,61.189831]]]}},{"type":"Feature","properties":{"kind":"road"},"geometry":{"type":"MultiLineString","coordinates":[[[22.476513,61.189831],[22.318752,61.179993],[22.10212,61.139984],[21.986119,61.142615],[21.939521,61.138074],[21.882846,61.115676],[21.856015,61.111126],[21.820066,61.109989],[21.558572,61.137065]]]}},{"type":"Feature","properties":{"kind":"road"},"geometry":{"type":"MultiLineString","coordinates":[[[23.810466,61.491752],[23.548706,61.563585]]]}},{"type":"Feature","properties":{"kind":"road"},"geometry":{"type":"MultiLineString","coordinates":[[[23.548706,61.563585],[23.194273,61.660858],[23.159998,61.678621],[23.146508,61.692021],[23.124116,61.730388],[23.103997,61.742294],[23.068331,61.745476],[23.027009,61.733821],[23.009687,61.739882],[22.994954,61.756384],[22.980791,61.798966],[22.935692,61.840827],[22.926431,61.86302],[22.926883,61.876143],[22.946703,61.918646],[23.014739,61.978876],[23.02563,62.002172],[23.025315,62.015493]]]}},{"type":"Feature","properties":{"kind":"road"},"geometry":{"type":"MultiLineString","coordinates":[[[23.052773,62.106863],[23.013764,62.13003],[22.948088,62.192478],[22.907455,62.247172],[22.803085,62.425397],[22.771176,62.45858],[22.75183,62.470676],[22.550493,62.554839],[22.499657,62.56841],[22.4134,62.571336],[22.389507,62.583288],[22.381363,62.597968],[22.380138,62.614947],[22.404717,62.710021],[22.400975,62.731421],[22.379692,62.759509],[22.347873,62.775968],[22.276288,62.797692],[22.087309,62.88483],[22.062552,62.906906],[22.023351,62.955286],[21.988161,62.979831],[21.947125,62.993006],[21.810102,63.00728],[21.762562,63.020761]]]}},{"type":"Feature","properties":{"kind":"road"},"geometry":{"type":"MultiLineString","coordinates":[[[15.668537,60.60476],[15.700548,60.610841],[15.758533,60.607458],[15.871303,60.584194],[16.02344,60.569727],[16.19,60.543899],[16.347035,60.560796],[16.456313,60.555082],[16.492973,60.557885],[16.541178,60.569832],[16.679653,60.620738],[16.821086,60.6397]]]}},{"type":"Feature","properties":{"kind":"road"},"geometry":{"type":"MultiLineString","coordinates":[[[10.398353,55.383367],[10.464394,55.309154],[10.52237,55.185653],[10.543481,55.154949],[10.584878,55.075812],[10.59245,55.051746]]]}},{"type":"Feature","properties":{"kind":"road"},"geometry":{"type":"MultiLineString","coordinates":[[[23.384377,58.575244],[23.240106,58.619955],[23.174182,58.624954],[23.155707,58.618447],[23.141987,58.604543],[23.135984,58.582495],[23.138251,58.555824],[23.05681,58.542413],[22.933446,58.53758],[22.873329,58.524907],[22.836517,58.507523],[22.80226,58.480357],[22.724465,58.389349],[22.697523,58.365335],[22.665585,58.343162],[22.478788,58.248418]]]}},{"type":"Feature","properties":{"kind":"road"},"geometry":{"type":"MultiLineString","coordinates":[[[21.55501,57.40455],[21.583253,57.312084],[21.585155,57.284658],[21.581582,57.275464],[21.51277,57.24919],[21.47921,57.22982],[21.451516,57.20354],[21.427036,57.151112],[21.419394,57.043338],[21.408045,57.009875],[21.397474,56.995731],[21.368336,56.97504],[21.283447,56.938584],[21.247166,56.913164],[21.232545,56.896285],[21.223272,56.876618],[21.221811,56.861293],[21.239778,56.799035],[21.237235,56.761287],[21.216803,56.730259],[21.159276,56.695065],[21.133297,56.671515],[21.123295,56.654499],[21.101213,56.58198],[21.088172,56.556619]]]}},{"type":"Feature","properties":{"kind":"road"},"geometry":{"type":"MultiLineString","coordinates":[[[23.670354,58.656954],[23.683587,58.628565],[23.703868,58.605386],[23.729048,58.586969],[23.789891,58.56099],[23.823839,58.552193],[24.04482,58.52057],[24.329744,58.422944],[24.362219,58.417265],[24.501044,58.411831]]]}},{"type":"Feature","properties":{"kind":"road"},"geometry":{"type":"MultiLineString","coordinates":[[[24.080824,59.014869],[24.090379,58.978244],[24.092117,58.940513],[24.086663,58.90298],[24.056685,58.832171],[24.033934,58.80093],[24.005887,58.77467],[23.972064,58.754819],[23.519296,58.604397],[23.495,58.589072]]]}},{"type":"Feature","properties":{"kind":"road"},"geometry":{"type":"MultiLineString","coordinates":[[[24.453385,59.228903],[24.427717,59.198767],[24.395587,59.176492],[24.289126,59.128468],[24.193037,59.062374],[24.12349,59.031614],[23.967526,58.992848],[23.494274,58.909995]]]}},{"type":"Feature","properties":{"kind":"road"},"geometry":{"type":"MultiLineString","coordinates":[[[24.603177,58.28927],[24.644279,58.27249],[24.73422,58.214893],[24.803586,58.190378],[24.85919,58.177771],[24.913623,58.171658],[24.996516,58.180653]]]}},{"type":"Feature","properties":{"kind":"road"},"geometry":{"type":"MultiLineString","coordinates":[[[24.996516,58.180653],[25.0,58.181725]]]}},{"type":"Feature","properties":{"kind":"road"},"geometry":{"type":"MultiLineString","coordinates":[[[24.487429,59.365082],[24.452626,59.329644],[24.441572,59.280389],[24.456301,59.234675],[24.498851,59.209891]]]}},{"type":"Feature","properties":{"kind":"road"},"geometry":{"type":"MultiLineString","coordinates":[[[23.805274,59.237557],[23.971423,59.246464],[24.026736,59.242115],[24.130758,59.223416],[24.183061,59.220855],[24.234804,59.230947],[24.27782,59.254398],[24.354939,59.316011],[24.398912,59.337843]]]}},{"type":"Feature","properties":{"kind":"road"},"geometry":{"type":"MultiLineString","coordinates":[[[24.400078,59.336784],[24.554852,59.38601],[24.630617,59.402831],[24.706382,59.407206]]]}},{"type":"Feature","properties":{"kind":"road"},"geometry":{"type":"MultiLineString","coordinates":[[[11.705559,55.711754],[11.701826,55.689391],[11.705982,55.666609],[11.717617,55.660994],[11.774943,55.647145],[11.844026,55.659469],[11.908553,55.635683],[12.066654,55.632101],[12.25878,55.673629],[12.442327,55.68046],[12.478912,55.675954]]]}},{"type":"Feature","properties":{"kind":"road"},"geometry":{"type":"MultiLineString","coordinates":[[[14.811211,56.896702],[14.690278,56.926864],[14.632955,56.931916],[14.549227,56.925759]]]}},{"type":"Feature","properties":{"kind":"road"},"geometry":{"type":"MultiLineString","coordinates":[[[11.795173,58.365697],[12.267078,58.33583]]]}},{"type":"Feature","properties":{"kind":"road"},"geometry":{"type":"MultiLineString","coordinates":[[[24.972669,58.174546],[25.0,58.174817]]]}},{"type":"Feature","properties":{"kind":"road"},"geometry":{"type":"MultiLineString","coordinates":[[[10.283883,56.239138],[10.349355,56.295341],[10.385995,56.316475],[10.428104,56.323773],[10.459316,56.318398],[10.533223,56.290613],[10.585228,56.289213]]]}},{"type":"Feature","properties":{"kind":"road"},"geometry":{"type":"MultiLineString","coordinates":[[[10.585228,56.289213],[10.648583,56.302962],[10.720781,56.330275],[10.852075,56.405722],[10.887204,56.418343]]]}},{"type":"Feature","properties":{"kind":"road"},"geometry":{"type":"MultiLineString","coordinates":[[[22.077847,57.610116],[21.808166,57.574071],[21.772488,57.563918],[21.740007,57.54605],[21.678768,57.489628],[21.655218,57.45256],[21.645441,57.40994]]]}},{"type":"Feature","properties":{"kind":"road"},"geometry":{"type":"MultiLineString","coordinates":[[[19.56667,60.211502],[19.657474,60.214334],[19.6873,60.209387],[19.715695,60.195075],[19.765898,60.151269],[19.804276,60.128366],[19.839548,60.115375],[19.928672,60.095448],[19.953473,60.10024],[19.965196,60.109063],[19.987862,60.163446],[20.000754,60.177685],[20.070204,60.228198],[20.111412,60.250543]]]}},{"type":"Feature","properties":{"kind":"road"},"geometry":{"type":"MultiLineString","coordinates":[[[20.958491,64.769267],[21.063213,64.766767],[21.135166,64.75473],[21.176281,64.736585],[21.261764,64.682234],[21.298979,64.673691]]]}},{"type":"Feature","properties":{"kind":"road"},"geometry":{"type":"MultiLineString","coordinates":[[[11.111218,55.658054],[11.285094,55.671421],[11.343128,55.668805],[11.482928,55.646588],[11.667367,55.666863],[11.701977,55.665215]]]}},{"type":"Feature","properties":{"kind":"road"},"geometry":{"type":"MultiLineString","coordinates":[[[18.204717,57.380073],[18.201672,57.396885],[18.192414,57.410456],[18.158959,57.439003],[18.137238,57.469465],[18.131098,57.485653],[18.132384,57.502132],[18.160525,57.537577],[18.202523,57.57093],[18.288716,57.622145],[18.327333,57.631577]]]}},{"type":"Feature","properties":{"kind":"road"},"geometry":{"type":"MultiLineString","coordinates":[[[18.327333,57.631577],[18.340972,57.627917],[18.365169,57.610594],[18.470828,57.501975],[18.639375,57.407703],[18.676622,57.350205]]]}},{"type":"Feature","properties":{"kind":"road"},"geometry":{"type":"MultiLineString","coordinates":[[[16.526169,56.675202],[16.559752,56.764898],[16.582914,56.805933],[16.598399,56.82372],[16.634368,56.845394],[16.708593,56.864796],[16.742722,56.886278],[16.785703,56.930883],[16.86029,57.031493],[16.979235,57.152051],[17.006392,57.205106],[17.011176,57.239113],[17.007253,57.310541],[17.014034,57.327992],[17.038754,57.34028],[17.087676,57.344232]]]}},{"type":"Feature","properties":{"kind":"road"},"geometry":{"type":"MultiLineString","coordinates":[[[14.692311,55.116124],[14.743654,55.105869],[14.85358,55.071256]]]}},{"type":"Feature","properties":{"kind":"road"},"geometry":{"type":"MultiLineString","coordinates":[[[14.85358,55.071256],[14.894659,55.062596],[14.943763,55.061266],[15.042232,55.066936],[15.110454,55.056389]]]}},{"type":"Feature","properties":{"kind":"road"},"geometry":{"type":"MultiLineString","coordinates":[[[22.559517,63.454471],[22.692451,63.367544],[22.831328,63.311516],[22.851442,63.296956],[22.864952,63.282807],[22.877477,63.256256],[22.881129,63.236609],[22.879624,63.180144],[22.894718,63.156617],[22.925078,63.13291],[23.021047,63.082567],[23.041934,63.060907],[23.053887,63.030611],[23.054937,62.998162],[23.047975,62.970494],[23.013056,62.918413],[22.949646,62.865503],[22.869161,62.823718],[22.84002,62.797721],[22.810479,62.726982],[22.755187,62.634326],[22.744255,62.608419],[22.714694,62.481424]]]}},{"type":"Feature","properties":{"kind":"road"},"geometry":{"type":"MultiLineString","coordinates":[[[25.0,63.0335],[23.753825,63.028698],[23.652696,63.004518],[23.600037,62.999376],[23.427772,63.023031],[23.124172,63.018049],[22.987948,62.989748],[22.962931,62.988339],[22.822219,63.008103],[22.742379,62.996089],[22.660133,62.95435],[22.61546,62.941161],[22.521938,62.929674],[22.474223,62.931089],[22.429699,62.938436],[22.350104,62.97946],[22.304702,62.992396],[22.254733,62.997034],[22.128651,62.996275],[22.064497,63.003229],[22.00513,62.983065],[21.985929,62.983197]]]}},{"type":"Feature","properties":{"kind":"road"},"geometry":{"type":"MultiLineString","coordinates":[[[25.0,62.833796],[24.758388,62.958833],[24.63424,63.006974],[24.577568,63.038778],[24.537923,63.079956],[24.508208,63.171848],[24.477302,63.198834],[24.237639,63.296224],[24.123933,63.358435],[24.076822,63.379298],[23.922935,63.426424],[23.636249,63.558479],[23.590858,63.571771],[23.472039,63.592664],[23.435137,63.606463],[23.40279,63.629067],[23.315909,63.712375],[23.252601,63.749675],[23.216737,63.776593],[23.189661,63.806799],[23.175162,63.844323]]]}},{"type":"Feature","properties":{"kind":"road"},"geometry":{"type":"MultiLineString","coordinates":[[[16.550063,59.638048],[16.565746,59.677894],[16.56348,59.721289],[16.529316,59.845708],[16.530573,59.860126],[16.537092,59.870985],[16.560957,59.884165],[16.607855,59.897947],[16.655792,59.929238],[16.677081,59.93685],[16.699648,59.938828],[16.775057,59.928634],[16.800383,59.928783],[16.822696,59.936594],[16.838575,59.961226],[16.856644,60.040152],[16.925456,60.13504],[16.927142,60.159742],[16.955387,60.199068],[16.959695,60.232966],[16.918138,60.31122],[16.916154,60.3367],[16.92554,60.349096],[16.962921,60.377832],[16.974789,60.400874],[16.967958,60.427589],[16.938114,60.48317],[16.932255,60.523091],[16.934687,60.54357],[16.951374,60.588423],[16.986127,60.641593]]]}},{"type":"Feature","properties":{"kind":"road"},"geometry":{"type":"MultiLineString","coordinates":[[[16.309193,59.58181],[16.315653,59.558223],[16.310214,59.487352],[16.316065,59.468892],[16.353545,59.402691]]]}},{"type":"Feature","properties":{"kind":"road"},"geometry":{"type":"MultiLineString","coordinates":[[[10.670654,60.964359],[10.697325,60.905062],[10.702394,60.869626],[10.700419,60.849728],[10.688668,60.811638],[10.668446,60.776235],[10.619506,60.710072],[10.600209,60.657428],[10.605943,60.625883],[10.639319,60.607117],[10.652774,60.587802],[10.656936,60.559866],[10.651065,60.518862],[10.629773,60.467606],[10.618065,60.455665],[10.560223,60.418862],[10.550648,60.407962],[10.546593,60.391077],[10.560042,60.359678],[10.636843,60.292339],[10.681285,60.224986],[10.706891,60.195454],[10.755785,60.167211],[10.873181,60.133803],[10.901639,60.111475],[10.906936,60.092604],[10.896249,60.019289],[10.913927,59.974325]]]}},{"type":"Feature","properties":{"kind":"road"},"geometry":{"type":"MultiLineString","coordinates":[[[10.0,60.030652],[10.03113,60.060468],[10.093633,60.099916],[10.345371,60.2212],[10.461212,60.260836],[10.547002,60.279795],[10.653947,60.290321],[10.77757,60.291459],[10.868452,60.279173],[10.957678,60.275489],[10.984457,60.268206],[11.013802,60.250764],[11.106321,60.168737],[11.167958,60.103979]]]}},{"type":"Feature","properties":{"kind":"road"},"geometry":{"type":"MultiLineString","coordinates":[[[13.927705,58.736053],[14.022992,58.911451],[14.079463,58.994791],[14.157095,59.084267],[14.170885,59.105968],[14.189596,59.156255],[14.194814,59.213634],[14.186992,59.24222],[14.170054,59.261588],[14.104457,59.312406],[14.08149,59.347054]]]}},{"type":"Feature","properties":{"kind":"road"},"geometry":{"type":"MultiLineString","coordinates":[[[13.826156,57.768349],[13.822335,57.734844],[13.808198,57.704262],[13.787206,57.679806],[13.699123,57.601331],[13.680413,57.570022],[13.661331,57.506123],[13.650073,57.483608],[13.63422,57.46404],[13.562562,57.400843],[13.467339,57.273618],[13.411793,57.217351],[13.371422,57.123108],[13.349932,57.092555],[13.305801,57.060713],[13.191106,57.01523],[13.124599,56.975673],[13.095577,56.947923],[13.032366,56.8727],[12.968078,56.826846],[12.948346,56.798954],[12.916735,56.737291],[12.88832,56.717017]]]}},{"type":"Feature","properties":{"kind":"road"},"geometry":{"type":"MultiLineString","coordinates":[[[13.85005,58.712159],[13.839454,58.677199],[13.81497,58.62573],[13.807982,58.586911],[13.809863,58.56664],[13.825748,58.520281],[13.880399,58.419178],[13.8631,58.404737],[13.873046,58.378402],[13.869861,58.356734],[13.857966,58.340047],[13.811514,58.300053],[13.801028,58.283419],[13.799684,58.263509],[13.818083,58.232309],[13.885351,58.205597],[13.900297,58.191883],[13.903079,58.181552],[13.896808,58.154195],[13.854991,58.074067],[13.844575,58.035263],[13.84417,57.996304],[13.86373,57.917633],[13.880851,57.895665],[13.894886,57.89],[14.018702,57.882586],[14.05045,57.872806],[14.078197,57.854299],[14.103229,57.830026],[14.16362,57.744362]]]}},{"type":"Feature","properties":{"kind":"road"},"geometry":{"type":"MultiLineString","coordinates":[[[16.094731,59.400696],[16.118237,59.377169],[16.130163,59.343463],[16.130003,59.302533],[16.116551,59.219464],[16.119234,59.177898],[16.125564,59.158271],[16.149268,59.125049],[16.206806,59.085347],[16.229338,59.061056],[16.237543,59.026974],[16.230409,58.986872],[16.1985,58.892352],[16.199576,58.84877],[16.189423,58.836158],[16.162749,58.81981],[16.156221,58.80319],[16.155139,58.787145],[16.166833,58.73346],[16.146611,58.678514],[16.150513,58.660935],[16.161787,58.64645]]]}},{"type":"Feature","properties":{"kind":"road"},"geometry":{"type":"MultiLineString","coordinates":[[[15.026452,58.530843],[15.009448,58.50766],[14.971836,58.476168],[14.732917,58.372376],[14.678013,58.335474],[14.661425,58.314543],[14.657047,58.296804],[14.668364,58.275051],[14.694889,58.25774]]]}},{"type":"Feature","properties":{"kind":"road"},"geometry":{"type":"MultiLineString","coordinates":[[[18.796091,57.816137],[18.784518,57.833529],[18.750707,57.857362],[18.720198,57.86498],[18.688291,57.862641],[18.673751,57.855005],[18.650018,57.82848],[18.619512,57.806611],[18.601139,57.801057],[18.518012,57.796504],[18.485922,57.78547],[18.458307,57.765773],[18.390548,57.689451],[18.317381,57.640514],[18.309725,57.624682],[18.309381,57.603717],[18.316597,57.583442],[18.355156,57.517425],[18.353966,57.443378],[18.380144,57.392519],[18.387313,57.351261],[18.371639,57.266559],[18.334654,57.205506],[18.319931,57.166518],[18.288345,57.045558]]]}},{"type":"Feature","properties":{"kind":"road"},"geometry":{"type":"MultiLineString","coordinates":[[[16.28723,56.675202],[16.256204,56.68448],[16.206774,56.681348],[16.167865,56.685247],[16.047725,56.733082],[15.969288,56.743276],[15.692997,56.731463],[15.546889,56.741409],[15.416729,56.724145],[15.369125,56.721683],[15.322116,56.728424],[15.289988,56.741339],[15.230822,56.777728],[15.111671,56.802112],[15.046394,56.848153],[15.015351,56.862781],[14.902316,56.871767],[14.811211,56.896702]]]}},{"type":"Feature","properties":{"kind":"road"},"geometry":{"type":"MultiLineString","coordinates":[[[14.549227,56.925759],[14.230384,56.893077],[13.93523,56.836565]]]}},{"type":"Feature","properties":{"kind":"road"},"geometry":{"type":"MultiLineString","coordinates":[[[13.93523,56.836565],[13.811325,56.802363],[13.721197,56.799794],[13.653164,56.765481],[13.615124,56.753651],[13.501561,56.753441],[13.44829,56.745951],[13.292982,56.709696],[13.244424,56.712472],[13.141586,56.73104],[13.080702,56.727181],[13.038984,56.719204],[12.876373,56.669229]]]}},{"type":"Feature","properties":{"kind":"road"},"geometry":{"type":"MultiLineString","coordinates":[[[15.006513,59.085816],[15.031603,59.054429],[15.04264,59.032746],[15.046633,59.009307],[15.036731,58.962301],[15.028147,58.947729],[15.003687,58.926524],[14.91526,58.893174],[14.894438,58.870453],[14.893297,58.856021],[14.899402,58.844022],[14.922001,58.826649],[14.984507,58.799302],[14.983576,58.771532],[14.950144,58.703756],[14.945434,58.662002],[14.949474,58.641098],[14.981998,58.575113],[15.003699,58.552832],[15.077819,58.495078],[15.111609,58.459412],[15.122112,58.437603],[15.123588,58.413362],[15.111504,58.373858],[15.112169,58.338128]]]}},{"type":"Feature","properties":{"kind":"road"},"geometry":{"type":"MultiLineString","coordinates":[[[10.0,57.474178],[10.067662,57.452469],[10.112565,57.445836],[10.155211,57.452656],[10.230016,57.474922],[10.264536,57.478562],[10.483816,57.442121],[10.528795,57.439808]]]}},{"type":"Feature","properties":{"kind":"road"},"geometry":{"type":"MultiLineString","coordinates":[[[10.452727,59.862637],[10.386529,59.950437],[10.316725,59.981532],[10.288042,60.006797],[10.274048,60.042553],[10.269267,60.142804],[10.252318,60.187941],[10.230436,60.220973],[10.1028,60.371208],[10.083946,60.404383],[10.07209,60.450975],[10.088663,60.508802],[10.082287,60.535263],[10.05799,60.562928],[10.0,60.591001]]]}},{"type":"Feature","properties":{"kind":"road"},"geometry":{"type":"MultiLineString","coordinates":[[[10.0,60.213221],[10.097357,60.219964],[10.123252,60.217756],[10.254015,60.175661]]]}},{"type":"Feature","properties":{"kind":"road"},"geometry":{"type":"MultiLineString","coordinates":[[[10.319724,63.323685],[10.232466,63.307226],[10.209214,63.30822],[10.140566,63.323665],[10.0,63.330994]]]}},{"type":"Feature","properties":{"kind":"road"},"geometry":{"type":"MultiLineString","coordinates":[[[10.905364,63.445791],[11.036646,63.467935],[11.086327,63.467419],[11.242002,63.448305],[11.350706,63.458771],[11.461909,63.459506],[11.627429,63.448997],[11.676777,63.45089],[11.70607,63.442166],[11.738699,63.413923],[11.781561,63.395451],[11.902678,63.386296],[11.97646,63.362909],[12.068541,63.317157],[12.142641,63.266601],[12.181661,63.2555],[12.220559,63.25646],[12.258876,63.263632],[12.567199,63.355763],[12.721395,63.390009],[12.746464,63.393109],[12.849944,63.389656],[13.043414,63.410408],[13.107358,63.397866],[13.217955,63.33252],[13.283902,63.315483],[13.331005,63.315813],[13.51795,63.338225],[13.604764,63.321929],[13.821384,63.300981],[13.881385,63.309434],[13.946498,63.345091],[13.98863,63.355133],[14.011092,63.353106],[14.101018,63.321591],[14.132026,63.317233],[14.267164,63.337452],[14.354876,63.339295],[14.398423,63.333584],[14.456664,63.314766],[14.533427,63.265907],[14.605587,63.243314],[14.649545,63.205385],[14.674338,63.19527]]]}},{"type":"Feature","properties":{"kind":"road"},"geometry":{"type":"MultiLineString","coordinates":[[[14.846758,63.087129],[15.020773,62.981858],[15.067826,62.96569],[15.21023,62.939769],[15.255008,62.923374],[15.316382,62.880548],[15.395988,62.808014],[15.450838,62.733818],[15.47346,62.713218],[15.517304,62.693328],[15.591853,62.670228],[15.713816,62.590312],[15.737524,62.57957],[15.787832,62.571747],[15.916562,62.57721],[16.046584,62.537513],[16.098353,62.526225],[16.309158,62.517962],[16.334743,62.513045],[16.57755,62.433181],[16.727555,62.417139],[16.796408,62.404116],[16.95231,62.393027],[17.070152,62.376906],[17.120959,62.377819],[17.241508,62.398248],[17.303943,62.395153],[17.338562,62.403769]]]}},{"type":"Feature","properties":{"kind":"road"},"geometry":{"type":"MultiLineString","coordinates":[[[12.302919,64.458646],[12.273909,64.479413],[12.238966,64.488091],[12.201863,64.488688],[12.043469,64.471357],[12.029165,64.489727],[11.999899,64.497197],[11.955958,64.494219],[11.80728,64.464328],[11.605486,64.489383],[11.510998,64.479343]]]}},{"type":"Feature","properties":{"kind":"road"},"geometry":{"type":"MultiLineString","coordinates":[[[11.604022,64.494487],[11.586836,64.493589],[11.571736,64.486583],[11.505838,64.424351],[11.235854,64.332372],[11.220611,64.321813],[11.21088,64.307836],[11.204989,64.273777],[11.220121,64.218491],[11.252963,64.167699],[11.28111,64.139193],[11.321854,64.116804],[11.401728,64.116192],[11.466632,64.082317]]]}},{"type":"Feature","properties":{"kind":"road"},"geometry":{"type":"MultiLineString","coordinates":[[[14.182867,66.312277],[14.265233,66.315934],[14.379668,66.310113],[14.4654,66.291241],[14.5104,66.271268],[14.559911,66.236386],[14.616863,66.171308],[14.641813,66.153965],[14.675105,66.150057],[14.73108,66.163065],[14.76424,66.162779],[14.794825,66.152728],[14.90504,66.093186],[15.011676,66.07267],[15.065073,66.050715],[15.095771,66.02814],[15.105551,66.011089],[15.105551,66.001227],[15.100053,65.989759],[15.078854,65.973156],[15.006566,65.955484],[14.979738,65.938471],[14.966239,65.909449],[14.969313,65.869723],[14.99043,65.834845],[15.021707,65.806022],[15.135381,65.739082],[15.178023,65.723857],[15.22304,65.719651],[15.330825,65.738344],[15.374046,65.736907],[15.512664,65.68071],[15.543348,65.656017],[15.553705,65.638948],[15.559854,65.613327],[15.558506,65.582929],[15.563739,65.571513],[15.610121,65.542042],[15.676199,65.525151],[15.766172,65.516538],[15.931989,65.512907],[16.457733,65.413761],[16.504649,65.399892],[16.562646,65.374968],[16.758187,65.316479],[16.858732,65.269957],[17.01598,65.226104],[17.040326,65.215085],[17.072699,65.191835],[17.153384,65.103782]]]}},{"type":"Feature","properties":{"kind":"road"},"geometry":{"type":"MultiLineString","coordinates":[[[17.153384,65.103782],[17.190275,65.081364],[17.231632,65.069592],[17.342048,65.077928],[17.38955,65.075093],[17.578073,65.029939],[17.655749,65.003528],[17.750254,64.956236],[17.958331,64.828646],[18.053148,64.791717],[18.220864,64.714234],[18.388497,64.684189],[18.500313,64.642666],[18.633296,64.605448],[18.684386,64.574548],[18.73649,64.529243],[18.817698,64.490086],[18.906087,64.426428],[18.940624,64.41236],[19.046155,64.387349],[19.078344,64.373664],[19.119852,64.336986],[19.14962,64.286112],[19.168964,64.266561],[19.19518,64.25686],[19.299281,64.239164],[19.491503,64.1457],[19.634995,64.09315],[19.670217,64.068252],[19.737462,63.992426],[19.767181,63.971195],[19.797355,63.961856],[19.84878,63.954771],[20.145374,63.872446],[20.266215,63.857139],[20.298095,63.847458],[20.333378,63.81781],[20.364873,63.754764],[20.372827,63.712323],[20.368108,63.687035],[20.361143,63.67612]]]}},{"type":"Feature","properties":{"kind":"road"},"geometry":{"type":"MultiLineString","coordinates":[[[16.569258,68.631174],[16.62262,68.589395],[16.671548,68.538778],[16.725035,68.498352],[16.79203,68.487157],[16.96886,68.537967],[16.998202,68.533452],[17.04412,68.50086],[17.061043,68.496298],[17.0788,68.502085],[17.104153,68.520881],[17.151281,68.52018],[17.170818,68.524206],[17.225757,68.550789],[17.250506,68.555986],[17.304527,68.557941],[17.571537,68.544932]]]}},{"type":"Feature","properties":{"kind":"road"},"geometry":{"type":"MultiLineString","coordinates":[[[14.907356,68.436983],[14.989803,68.434918],[15.016903,68.438401],[15.094861,68.467609],[15.132948,68.471833],[15.262924,68.45848],[15.373751,68.46975],[15.545325,68.473023],[15.596152,68.478909],[15.745778,68.513192],[15.785492,68.516663],[15.834992,68.515117],[15.867409,68.504996],[15.895147,68.485996],[15.923638,68.444083],[15.936209,68.438045],[15.95275,68.438459],[15.982168,68.453271],[16.048226,68.510783],[16.085517,68.53484],[16.127331,68.550124],[16.1714,68.559136],[16.336741,68.573253],[16.438553,68.566282],[16.458387,68.577658],[16.48483,68.615371],[16.510302,68.633706]]]}},{"type":"Feature","properties":{"kind":"road"},"geometry":{"type":"MultiLineString","coordinates":[[[12.828585,67.809768],[12.866634,67.839204],[12.95084,67.885947],[13.011386,67.92936],[13.075892,67.949993],[13.11731,68.007424],[13.153375,68.027567],[13.198766,68.061348],[13.230471,68.068185],[13.290713,68.063343],[13.333887,68.068279],[13.362576,68.090825],[13.39844,68.135515],[13.433414,68.151598],[13.453907,68.152741],[13.547263,68.138],[13.585578,68.148331],[13.675183,68.226867],[13.715985,68.24494],[13.785016,68.248189],[13.878319,68.219377],[13.95313,68.210207],[14.413185,68.223163],[14.608854,68.262808],[14.630619,68.273442],[14.804538,68.411596],[14.849578,68.428887],[14.901382,68.43101]]]}},{"type":"Feature","properties":{"kind":"road"},"geometry":{"type":"MultiLineString","coordinates":[[[23.043813,62.106863],[23.079467,62.113247],[23.095591,62.120968],[23.173374,62.193315],[23.232015,62.222374],[23.325952,62.250398],[23.401189,62.261785],[23.782535,62.261531],[23.884259,62.248071],[24.018301,62.273379],[24.384211,62.279143],[24.498816,62.257967],[24.551457,62.254908],[24.673342,62.278379],[24.720173,62.273108],[24.777983,62.254429],[24.827375,62.244769],[25.0,62.236204]]]}},{"type":"Feature","properties":{"kind":"road"},"geometry":{"type":"MultiLineString","coordinates":[[[21.81243,61.551414],[21.933819,61.647333],[22.074598,61.72885],[22.676654,61.929933],[23.016932,62.008309]]]}},{"type":"Feature","properties":{"kind":"road"},"geometry":{"type":"MultiLineString","coordinates":[[[24.944307,59.471593],[24.934308,59.457274],[24.909539,59.396274],[24.879602,59.364525],[24.827112,59.340841],[24.723498,59.318155],[24.601007,59.311385],[24.078899,59.351464]]]}},{"type":"Feature","properties":{"kind":"road"},"geometry":{"type":"MultiLineString","coordinates":[[[19.137128,65.611948],[19.242037,65.602912],[19.294506,65.603145],[19.386421,65.613138],[19.451552,65.611566],[19.494195,65.617466],[19.60455,65.651309],[19.796763,65.659438],[19.905642,65.681098],[19.960129,65.686998],[20.015206,65.686969],[20.183484,65.701596],[20.343053,65.687156],[20.39647,65.690898],[20.554452,65.718018],[20.608167,65.717481],[20.769049,65.687672],[21.312087,65.651367],[21.487672,65.600984],[21.713719,65.58694],[21.825194,65.544419],[21.848539,65.539846]]]}},{"type":"Feature","properties":{"kind":"road"},"geometry":{"type":"MultiLineString","coordinates":[[[11.111218,55.654475],[11.124743,55.636269],[11.239686,55.525541],[11.295775,55.48162],[11.343878,55.427614],[11.36244,55.413249],[11.441542,55.373322],[11.488595,55.315775],[11.69202,55.259715],[11.732347,55.242944],[11.769363,55.214987],[11.78518,55.196544],[11.820377,55.131562]]]}},{"type":"Feature","properties":{"kind":"road"},"geometry":{"type":"MultiLineString","coordinates":[[[11.820377,55.131562],[11.847173,55.076623],[11.873301,55.043652],[11.909894,55.020604],[11.932776,55.013927],[12.004245,55.008601]]]}},{"type":"Feature","properties":{"kind":"road"},"geometry":{"type":"MultiLineString","coordinates":[[[24.491991,58.403238],[24.60404,58.419957],[24.821314,58.521512],[24.861856,58.549282],[24.915431,58.614191],[24.934046,58.630032],[24.955145,58.641924],[25.0,58.654976]]]}},{"type":"Feature","properties":{"kind":"road"},"geometry":{"type":"MultiLineString","coordinates":[[[22.733536,55.0],[23.091023,55.343116]]]}},{"type":"Feature","properties":{"kind":"road"},"geometry":{"type":"MultiLineString","coordinates":[[[23.113362,56.685128],[23.193867,56.667225],[23.237644,56.649127],[23.271907,56.611737],[23.314693,56.537223],[23.344534,56.504742],[23.381997,56.480102],[23.445258,56.455292],[23.542353,56.433965],[23.710363,56.416779],[23.940307,56.42611],[24.166308,56.399617],[24.20209,56.388475]]]}},{"type":"Feature","properties":{"kind":"road"},"geometry":{"type":"MultiLineString","coordinates":[[[17.117543,60.647566],[17.225218,60.650031],[17.27853,60.643585],[17.468902,60.580166],[17.568865,60.526758],[17.632149,60.474679],[17.653319,60.463514],[17.774539,60.442642],[17.928732,60.385917],[17.975651,60.378987],[18.075391,60.377123],[18.111396,60.369336],[18.133502,60.359465],[18.236054,60.274591],[18.341547,60.216356],[18.40713,60.148483],[18.516102,60.074593],[18.548034,60.046283],[18.584085,59.993905],[18.59486,59.931081],[18.605307,59.912962],[18.623021,59.903381],[18.667714,59.894826],[18.692366,59.882086],[18.692404,59.86922],[18.66804,59.830086],[18.666778,59.81729],[18.702791,59.757331]]]}},{"type":"Feature","properties":{"kind":"road"},"geometry":{"type":"MultiLineString","coordinates":[[[24.447003,60.982081],[24.353323,60.926742],[24.134923,60.854071],[24.083326,60.843997],[23.97427,60.833823],[23.665422,60.847614],[23.568239,60.834444],[23.471453,60.802109],[23.323461,60.770352],[22.784042,60.582106],[22.592681,60.562631],[22.492555,60.538436],[22.421929,60.509199],[22.353943,60.470578],[22.302617,60.434411]]]}},{"type":"Feature","properties":{"kind":"road"},"geometry":{"type":"MultiLineString","coordinates":[[[19.820403,66.6124],[19.894228,66.596376],[20.135501,66.562227],[20.174244,66.552164],[20.20844,66.5384],[20.296575,66.482334],[20.341569,66.465852],[20.467478,66.465534],[20.491506,66.461663],[20.55246,66.437702],[20.603821,66.436999],[20.646907,66.430413],[20.6853,66.410218],[20.784656,66.324985],[20.831928,66.292913],[20.851234,66.266863],[20.86615,66.235071],[20.906625,66.133183],[20.944975,66.087014],[20.9792,66.061111],[21.01721,66.040918],[21.212574,65.986431],[21.251955,65.96984],[21.377253,65.887439],[21.416556,65.869131],[21.437364,65.862822],[21.663049,65.832622],[21.698584,65.822854],[21.729574,65.803154],[21.786836,65.733065],[21.814828,65.706152],[21.86613,65.677889],[21.903374,65.66612],[22.096873,65.631087],[22.15916,65.605554]]]}},{"type":"Feature","properties":{"kind":"road"},"geometry":{"type":"MultiLineString","coordinates":[[[15.444969,66.758436],[15.45126,66.790558],[15.46069,66.80317],[15.492203,66.814947],[15.527554,66.811614],[15.616374,66.776794],[15.677258,66.765678],[15.902652,66.766156],[15.958254,66.756904],[16.009174,66.740299],[16.307265,66.609758],[16.349452,66.583411],[16.440093,66.513794],[16.467195,66.508381],[16.557401,66.50402],[16.65153,66.476577],[16.769317,66.459989],[16.81126,66.447336],[16.917117,66.391452],[17.138407,66.305621],[17.257121,66.249059],[17.385498,66.148709],[17.452443,66.115837],[17.525248,66.096219],[18.063024,66.035435],[18.156057,66.011144],[18.223509,65.981516],[18.357942,65.905074],[18.445508,65.822452],[18.477327,65.797353],[18.51292,65.777808],[18.583898,65.75077],[18.738276,65.70542],[19.00724,65.600645],[19.052782,65.58999]]]}},{"type":"Feature","properties":{"kind":"road"},"geometry":{"type":"MultiLineString","coordinates":[[[23.503193,69.201589],[23.573364,69.199384],[23.665579,69.208706],[23.75942,69.232273],[23.832119,69.262864],[24.025534,69.365486],[24.096446,69.385133],[24.133284,69.389625],[24.450153,69.382082],[24.913413,69.437775],[25.0,69.435694]]]}},{"type":"Feature","properties":{"kind":"road"},"geometry":{"type":"MultiLineString","coordinates":[[[24.442418,60.98888],[24.549369,61.036773],[24.743682,61.092937],[24.781238,61.099203],[24.858397,61.102682],[24.897347,61.097884],[25.0,61.066026]]]}},{"type":"Feature","properties":{"kind":"road"},"geometry":{"type":"MultiLineString","coordinates":[[[21.502077,61.543588],[21.531744,61.540193],[21.76491,61.47788]]]}},{"type":"Feature","properties":{"kind":"road"},"geometry":{"type":"MultiLineString","coordinates":[[[24.753249,59.440632],[24.792852,59.426978],[24.868174,59.380208],[24.936682,59.320631],[25.0,59.255864]]]}},{"type":"Feature","properties":{"kind":"road"},"geometry":{"type":"MultiLineString","coordinates":[[[21.167563,55.719445],[21.088428,55.891206],[21.081037,55.929468]]]}},{"type":"Feature","properties":{"kind":"road"},"geometry":{"type":"MultiLineString","coordinates":[[[21.081037,55.929468],[21.080798,55.94829],[21.11512,56.043793],[21.128653,56.097385]]]}},{"type":"Feature","properties":{"kind":"road"},"geometry":{"type":"MultiLineString","coordinates":[[[21.128653,56.097385],[21.142884,56.129273],[21.151935,56.193824],[21.145182,56.22666],[21.111765,56.26536],[21.09815,56.307991],[21.086734,56.325016],[21.01388,56.368111],[21.002073,56.394338],[21.004155,56.441347],[21.031447,56.488359],[21.030861,56.533667],[21.045445,56.551929]]]}},{"type":"Feature","properties":{"kind":"road"},"geometry":{"type":"MultiLineString","coordinates":[[[24.353352,60.320582],[24.344147,60.343304],[24.341032,60.36671],[24.346218,60.433457],[24.340379,60.472151],[24.317056,60.505139],[24.268545,60.53986],[24.234443,60.556783],[23.84325,60.683477],[23.772659,60.721523],[23.713577,60.767704],[23.642957,60.814406],[23.505386,60.884052],[23.336175,60.94785]]]}},{"type":"Feature","properties":{"kind":"road"},"geometry":{"type":"MultiLineString","coordinates":[[[23.336216,60.947582],[22.729374,61.143905],[22.571788,61.164625],[22.455641,61.194431]]]}},{"type":"Feature","properties":{"kind":"road"},"geometry":{"type":"MultiLineString","coordinates":[[[22.455641,61.194431],[22.012049,61.368951],[21.83472,61.462453],[21.76491,61.483853]]]}},{"type":"Feature","properties":{"kind":"road"},"geometry":{"type":"MultiLineString","coordinates":[[[25.0,60.622738],[24.709031,60.565982],[24.660111,60.549896],[24.270342,60.343992],[24.104945,60.295542],[24.070044,60.274142],[23.994943,60.206039],[23.955772,60.180573],[23.783048,60.111496],[23.614475,60.064983],[23.571993,60.043731],[23.554522,60.028203]]]}},{"type":"Feature","properties":{"kind":"road"},"geometry":{"type":"MultiLineString","coordinates":[[[23.073102,68.299593],[23.298928,68.324765],[23.436828,68.366772],[23.542035,68.362531],[23.563814,68.36767],[23.584135,68.378806],[23.595035,68.391179],[23.593352,68.400699],[23.581525,68.408592],[23.503278,68.428047],[23.331208,68.492308],[23.312033,68.504098],[23.307322,68.522391],[23.327159,68.582669],[23.328813,68.617582],[23.311496,68.736742],[23.298969,68.770763],[23.277723,68.800065],[23.222507,68.84892],[23.063889,68.974136],[23.047826,68.996758],[23.047505,69.011365],[23.053718,69.028014],[23.076652,69.055863],[23.106767,69.079774],[23.178726,69.120498],[23.333582,69.181953],[23.482863,69.198614],[23.527516,69.218074],[23.540766,69.22994],[23.557418,69.259842],[23.574429,69.369564],[23.617643,69.480867],[23.618687,69.510734],[23.607601,69.539003],[23.58791,69.559414],[23.513104,69.598866],[23.472465,69.628086],[23.420436,69.724933],[23.389151,69.750571],[23.368192,69.758616],[23.323854,69.7647],[23.210787,69.762518],[23.180231,69.768486],[23.152727,69.782778],[23.143139,69.795868],[23.142159,69.810149],[23.147345,69.824528],[23.170807,69.85425],[23.247497,69.930808],[23.250076,69.947988],[23.234386,69.960221]]]}},{"type":"Feature","properties":{"kind":"road"},"geometry":{"type":"MultiLineString","coordinates":[[[16.239442,68.765525],[16.408012,68.791169],[16.506872,68.794272],[16.506656,68.699507],[16.512787,68.659595],[16.527391,68.640665],[16.567983,68.628135]]]}},{"type":"Feature","properties":{"kind":"road"},"geometry":{"type":"MultiLineString","coordinates":[[[15.432159,67.280053],[15.227453,67.268655],[15.185356,67.270997],[15.167371,67.275953],[15.148804,67.290017],[15.153491,67.323711],[15.116098,67.329842],[15.066277,67.327693],[14.828814,67.296192],[14.6803,67.28939],[14.57082,67.272727],[14.456545,67.265032],[14.393637,67.248261]]]}},{"type":"Feature","properties":{"kind":"road"},"geometry":{"type":"MultiLineString","coordinates":[[[15.356149,60.513606],[15.403496,60.480895],[15.471996,60.451109],[15.585737,60.417704],[15.727971,60.356508],[15.777515,60.342432],[15.881812,60.327492],[15.927435,60.313527],[15.967605,60.288005],[16.031371,60.226109],[16.072027,60.200973],[16.116242,60.182609],[16.262012,60.139117],[16.287195,60.117688],[16.344202,60.036372],[16.372113,60.017539],[16.469467,59.985767],[16.501137,59.963865],[16.554234,59.914491],[16.64073,59.877282],[16.690241,59.839822],[16.773246,59.823101],[16.829075,59.798533],[16.944024,59.761038],[17.008384,59.718865],[17.087676,59.649995]]]}},{"type":"Feature","properties":{"kind":"road"},"geometry":{"type":"MultiLineString","coordinates":[[[16.28723,56.675202],[16.302321,56.67879],[16.5196,56.666449],[16.509185,56.62595],[16.437474,56.530156],[16.426239,56.497765],[16.424331,56.463502],[16.436199,56.401519],[16.412862,56.296642],[16.419653,56.264152],[16.430593,56.251085]]]}},{"type":"Feature","properties":{"kind":"road"},"geometry":{"type":"MultiLineString","coordinates":[[[21.168817,55.715377],[21.200965,55.668222],[21.252743,55.621994],[21.394992,55.53411],[21.449897,55.484482],[21.477271,55.439097],[21.4846,55.372672],[21.495252,55.342361],[21.526972,55.305149],[21.644274,55.222824],[21.677846,55.190699],[21.730411,55.105633],[21.778625,55.045492],[21.78045,55.0]]]}},{"type":"Feature","properties":{"kind":"road"},"geometry":{"type":"MultiLineString","coordinates":[[[11.783226,55.450639],[11.986849,55.590015],[12.041757,55.617421],[12.074337,55.640151]]]}},{"type":"Feature","properties":{"kind":"road"},"geometry":{"type":"MultiLineString","coordinates":[[[10.080784,55.098204],[10.12233,55.112723],[10.304131,55.132289],[10.54529,55.193709],[10.591464,55.21149],[10.634635,55.236054],[10.72254,55.322224],[10.755788,55.343116]]]}},{"type":"Feature","properties":{"kind":"road"},"geometry":{"type":"MultiLineString","coordinates":[[[21.310926,64.673691],[21.405396,64.665285],[21.496853,64.642261],[21.58442,64.606653],[21.667241,64.56049],[21.746235,64.505299],[21.82062,64.443619],[22.096237,64.147669],[22.174867,64.077402],[22.594515,63.811597],[22.634227,63.78203],[22.667448,63.745521],[22.680953,63.721222],[22.690001,63.695202],[22.696773,63.640279]]]}},{"type":"Feature","properties":{"kind":"road"},"geometry":{"type":"MultiLineString","coordinates":[[[16.512236,55.0],[16.562462,55.010267],[18.379348,55.584027],[18.981943,55.713481],[20.23976,55.796573],[20.894133,55.771743],[21.042467,55.749572]]]}},{"type":"Feature","properties":{"kind":"road"},"geometry":{"type":"MultiLineString","coordinates":[[[14.616746,55.0],[14.711232,55.118253]]]}},{"type":"Feature","properties":{"kind":"road"},"geometry":{"type":"MultiLineString","coordinates":[[[13.122689,55.0],[13.139868,55.046571],[13.153851,55.113651],[13.159527,55.192181],[13.155301,55.264195],[13.08046,55.3773]]]}},{"type":"Feature","properties":{"kind":"road"},"geometry":{"type":"MultiLineString","coordinates":[[[13.103365,55.343116],[13.162872,55.268369],[13.23148,55.202185],[13.44101,55.032134],[13.474399,55.0]]]}},{"type":"Feature","properties":{"kind":"road"},"geometry":{"type":"MultiLineString","coordinates":[[[18.309188,59.311551],[18.346526,59.253082],[18.400631,59.209022],[18.46398,59.17646],[18.944016,59.030731],[21.808904,57.870347],[21.912865,57.846873],[22.01904,57.837849],[22.593331,57.849971],[22.704132,57.837884],[22.809222,57.812042],[23.529085,57.51384],[23.80339,57.348977],[24.049195,57.156251],[24.11754,57.091313]]]}},{"type":"Feature","properties":{"kind":"road"},"geometry":{"type":"MultiLineString","coordinates":[[[19.058924,59.72765],[19.358587,59.746052],[21.901,59.544972],[22.539234,59.448486],[22.854796,59.42578],[23.017189,59.434606],[23.17576,59.462297],[23.617042,59.602163],[23.770923,59.625742],[24.092607,59.637885],[24.407335,59.623782],[24.562797,59.60009],[24.678172,59.565328],[24.747777,59.522983],[24.782568,59.453629]]]}},{"type":"Feature","properties":{"kind":"road"},"geometry":{"type":"MultiLineString","coordinates":[[[20.361143,63.664173],[20.380571,63.581475],[20.414583,63.50468],[20.461572,63.434886],[20.519939,63.373202],[20.587164,63.320424],[20.946515,63.137055],[21.049219,63.103171],[21.103852,63.092907],[21.158987,63.088835],[21.438399,63.108692],[21.474112,63.104501],[21.543775,63.086149],[21.579733,63.084746]]]}},{"type":"Feature","properties":{"kind":"road"},"geometry":{"type":"MultiLineString","coordinates":[[[19.057183,59.73325],[19.631474,59.799498],[19.783147,59.842818],[19.865239,59.882739],[19.897265,59.905746],[19.924495,59.933677],[19.944096,59.967228],[19.950927,59.991166],[19.952747,60.015658],[19.9436,60.06421],[19.963413,60.029708],[19.992937,60.003711],[20.028471,59.985169],[20.066301,59.973021],[20.124974,59.964609],[20.163817,59.967071],[20.219278,59.981479],[20.39015,60.064837],[20.460067,60.086631],[20.519898,60.087369],[20.612061,60.060893],[20.652154,60.054765],[20.847363,60.053447],[20.917449,60.075185],[21.202523,60.230032],[21.295269,60.267824],[21.395164,60.297919],[21.499286,60.314638],[21.605671,60.320136],[21.684548,60.315936],[21.815612,60.298651],[21.871322,60.301136],[22.011772,60.327687],[22.034467,60.344327],[22.061102,60.384007],[22.084489,60.402671],[22.216494,60.407201],[22.223664,60.410963],[22.224868,60.426547]]]}},{"type":"Feature","properties":{"kind":"road"},"geometry":{"type":"MultiLineString","coordinates":[[[23.378637,58.564779],[23.49353,58.600687]]]}},{"type":"Feature","properties":{"kind":"road"},"geometry":{"type":"MultiLineString","coordinates":[[[10.619929,55.0],[10.61126,55.032874],[10.59245,55.051746]]]}},{"type":"Feature","properties":{"kind":"road"},"geometry":{"type":"MultiLineString","coordinates":[[[13.099661,55.344624],[13.695489,55.0]]]}},{"type":"Feature","properties":{"kind":"road"},"geometry":{"type":"MultiLineString","coordinates":[[[10.561647,57.427823],[11.797407,57.742434],[11.86325,57.768238],[11.959222,57.817362]]]}},{"type":"Feature","properties":{"kind":"road"},"geometry":{"type":"MultiLineString","coordinates":[[[18.761563,59.088955],[18.814292,59.088975],[18.945136,59.068855],[19.42881,59.04609],[19.884134,59.057769],[20.326883,59.12591],[21.625032,59.46389],[21.847472,59.495915],[22.238487,59.495],[22.280015,59.483884]]]}},{"type":"Feature","properties":{"kind":"road"},"geometry":{"type":"MultiLineString","coordinates":[[[19.561676,55.0],[18.559917,56.203682],[18.411557,56.358552],[18.107123,56.630494],[17.965976,56.77634],[17.902344,56.855226],[17.844931,56.939042],[17.743715,57.123662],[17.383763,57.998739],[17.276704,58.174519],[17.118736,58.376034],[17.083499,58.410591],[16.879383,58.560932],[16.834687,58.586144],[16.789416,58.604274],[16.741777,58.614734],[16.691075,58.618838],[16.233468,58.616583]]]}},{"type":"Feature","properties":{"kind":"road"},"geometry":{"type":"MultiLineString","coordinates":[[[18.784293,55.0],[18.728376,55.054053],[18.600594,55.143982],[18.516723,55.192023],[18.384636,55.255667],[18.013516,55.38631],[15.710045,55.999805],[15.592031,56.058481],[15.545331,56.096976],[15.533483,56.118024],[15.532617,56.129918],[15.546585,56.153074],[15.570412,56.167456]]]}},{"type":"Feature","properties":{"kind":"road"},"geometry":{"type":"MultiLineString","coordinates":[[[11.000731,55.0],[11.021535,55.092376],[11.025475,55.184804],[11.010454,55.276454],[10.972857,55.36454],[10.838518,55.55752],[10.816581,55.598404],[10.7989,55.645515],[10.788484,55.694385],[10.785008,55.744293],[10.788155,55.794499],[10.811693,55.895074],[11.487798,57.284553],[11.599877,57.456838],[11.651996,57.520724],[11.711679,57.577577],[11.757967,57.611428],[11.805522,57.637329]]]}},{"type":"Feature","properties":{"kind":"road"},"geometry":{"type":"MultiLineString","coordinates":[[[10.923045,56.412369],[10.970675,56.426603],[11.019939,56.434256],[11.169002,56.443345],[11.274074,56.460761],[11.439471,56.504483],[11.829176,56.646887],[11.918621,56.691997],[11.996988,56.742722],[12.068766,56.802392],[12.152882,56.893888],[12.196685,56.961693],[12.212777,56.998009],[12.222991,57.036111],[12.225264,57.075425]]]}},{"type":"Feature","properties":{"kind":"road"},"geometry":{"type":"MultiLineString","coordinates":[[[16.783029,58.604636],[17.141216,58.580004],[21.537918,57.39202]]]}},{"type":"Feature","properties":{"kind":"road"},"geometry":{"type":"MultiLineString","coordinates":[[[14.711232,55.118253],[14.619935,55.162844],[14.522968,55.192009],[14.159959,55.256728],[14.08833,55.277154],[14.021058,55.308783],[13.99423,55.328197],[13.952498,55.37828],[13.939652,55.408825]]]}},{"type":"Feature","properties":{"kind":"road"},"geometry":{"type":"MultiLineString","coordinates":[[[13.733118,68.049821],[13.642407,67.978344],[13.575279,67.94017],[13.505227,67.906855],[13.406875,67.871148],[13.324597,67.847916],[13.194099,67.821103],[13.032973,67.803547],[12.835049,67.798851],[14.315124,67.267371]]]}},{"type":"Feature","properties":{"kind":"road"},"geometry":{"type":"MultiLineString","coordinates":[[[14.368448,67.252064],[14.223416,67.323058],[14.087193,67.410402],[13.972188,67.503668],[13.914478,67.560515],[13.85901,67.624786],[13.816642,67.682966],[13.774445,67.75321],[13.727938,67.860974],[13.705864,67.937381],[13.694002,68.016343],[13.692015,68.136163]]]}},{"type":"Feature","properties":{"kind":"road"},"geometry":{"type":"MultiLineString","coordinates":[[[10.582557,63.425234],[10.435623,63.498363],[10.372689,63.51367],[10.295885,63.51045],[10.054753,63.461025],[10.0,63.46421]]]}},{"type":"Feature","properties":{"kind":"road"},"geometry":{"type":"MultiLineString","coordinates":[[[10.080784,58.998886],[10.08831,58.963019],[10.101966,58.929517],[10.121167,58.898792],[10.145326,58.871249],[10.203996,58.826052],[10.269704,58.791584],[10.601139,58.659917],[10.733358,58.583606],[10.773842,58.552593],[10.842511,58.487917],[10.904156,58.416471],[12.150373,56.737647],[12.309152,56.574607],[12.493046,56.415578],[12.750323,56.235078]]]}},{"type":"Feature","properties":{"kind":"road"},"geometry":{"type":"MultiLineString","coordinates":[[[10.743841,59.918802],[10.716916,59.895777],[10.695936,59.886032],[10.62237,59.872364],[10.584167,59.858066],[10.553136,59.828205],[10.538756,59.789118],[10.541148,59.74716],[10.560436,59.708697],[10.61577,59.669913],[10.626462,59.644001],[10.628175,59.625871],[10.623729,59.589656],[10.612185,59.551071],[10.567594,59.438867],[10.554842,59.386094],[10.527343,59.172852],[10.501203,59.072411],[10.483163,59.023486],[10.295894,58.66459],[10.210413,58.461459],[10.0,57.824109]]]}},{"type":"Feature","properties":{"kind":"road"},"geometry":{"type":"MultiLineString","coordinates":[[[10.080784,59.010833],[10.101228,58.910395],[10.134105,58.813591],[10.177089,58.720591],[10.288389,58.540488],[10.654968,58.086209],[10.707274,58.007699],[10.745296,57.922682],[10.755881,57.878045],[10.759509,57.83245],[10.755146,57.786509],[10.743062,57.743122],[10.724733,57.702192],[10.7016,57.663588],[10.562361,57.493426],[10.528795,57.445781]]]}},{"type":"Feature","properties":{"kind":"road"},"geometry":{"type":"MultiLineString","coordinates":[[[10.0,57.865447],[10.233519,57.937826],[10.428795,57.967451],[10.625853,57.980215],[10.821146,57.972608],[11.014138,57.941988],[11.110113,57.916986],[11.179313,57.893392],[11.232887,57.865339],[11.531757,57.672219],[11.622458,57.63044],[11.681184,57.615419],[11.708528,57.613138],[11.735794,57.614838],[11.783226,57.630959]]]}},{"type":"Feature","properties":{"kind":"road"},"geometry":{"type":"MultiLineString","coordinates":[[[23.770825,59.625363],[23.993969,59.660679],[24.161962,59.704987],[24.574068,59.867683],[24.830636,59.995276],[24.891998,60.034934],[24.919981,60.063034],[24.942609,60.094932],[24.996563,60.211502]]]}},{"type":"Feature","properties":{"kind":"road"},"geometry":{"type":"MultiLineString","coordinates":[[[24.81289,59.46225],[24.867678,59.517488],[24.892208,59.548875],[24.948903,59.650759],[24.975026,59.723132],[25.0,59.830478]]]}},{"type":"Feature","properties":{"kind":"road"},"geometry":{"type":"MultiLineString","coordinates":[[[17.900069,55.886703],[19.166173,56.187244],[19.364546,56.262466],[19.556619,56.352553],[19.902585,56.561522],[20.220941,56.811017],[20.511358,57.092987],[20.912503,57.585761],[21.570679,58.603006],[21.865786,58.96294],[21.983823,59.079268],[22.160668,59.22418],[22.224658,59.267882],[22.366855,59.347229],[22.436451,59.37791],[22.548606,59.413109],[22.671266,59.433687],[22.80203,59.432436]]]}},{"type":"Feature","properties":{"kind":"road"},"geometry":{"type":"MultiLineString","coordinates":[[[18.37822,55.5843],[20.512309,56.384555],[20.991257,56.519413]]]}},{"type":"Feature","properties":{"kind":"road"},"geometry":{"type":"MultiLineString","coordinates":[[[17.502162,57.732601],[17.501275,57.960428],[17.519797,58.221534],[17.557959,58.450556],[17.599164,58.596043],[17.655203,58.726556],[17.706713,58.805932],[17.758847,58.861184],[17.803187,58.894417],[17.866159,58.922841]]]}},{"type":"Feature","properties":{"kind":"road"},"geometry":{"type":"MultiLineString","coordinates":[[[17.866159,58.922841],[17.82842,58.763814],[17.808297,58.607261],[17.804336,58.450233],[17.817514,58.303544],[17.83381,58.216666],[17.853646,58.143698],[17.879725,58.070937],[17.912349,58.000889],[17.952658,57.931908],[17.999314,57.867063],[18.051273,57.808367],[18.138693,57.731213],[18.185764,57.697641],[18.281806,57.642366]]]}},{"type":"Feature","properties":{"kind":"road"},"geometry":{"type":"MultiLineString","coordinates":[[[16.476955,57.258462],[17.075385,57.447753],[17.709309,57.584548],[18.28257,57.644863]]]}},{"type":"Feature","properties":{"kind":"road"},"geometry":{"type":"MultiLineString","coordinates":[[[13.697494,55.0],[14.639594,55.263005],[18.402384,55.950008],[19.669397,56.010034],[20.296613,55.962316],[20.647908,55.897673],[20.797551,55.858008],[20.840092,55.84245],[20.987276,55.769917],[21.026057,55.75846],[21.066013,55.755286]]]}},{"type":"Feature","properties":{"kind":"road"},"geometry":{"type":"MultiLineString","coordinates":[[[13.928586,55.410289],[13.975164,55.316991],[14.093189,55.156585],[14.143698,55.076398],[14.18265,55.0]]]}},{"type":"Feature","properties":{"kind":"road"},"geometry":{"type":"MultiLineString","coordinates":[[[11.162906,56.442199],[12.435336,56.538961],[12.666589,56.575908],[12.798508,56.608094],[12.855594,56.628671]]]}},{"type":"Feature","properties":{"kind":"road"},"geometry":{"type":"MultiLineString","coordinates":[[[10.0,55.043725],[10.085833,55.091994]]]}},{"type":"Feature","properties":{"kind":"road"},"geometry":{"type":"MultiLineString","coordinates":[[[16.179707,68.209991],[16.136676,68.207319],[16.024397,68.17415]]]}},{"type":"Feature","properties":{"kind":"road"},"geometry":{"type":"MultiLineString","coordinates":[[[20.241673,63.837404],[20.232865,63.811081],[20.215618,63.789692],[20.168857,63.759399],[19.985347,63.697789],[19.906613,63.662747],[19.816457,63.633976],[19.643091,63.596963],[19.459308,63.571593],[19.439567,63.564902],[19.348618,63.508335],[19.25457,63.462253],[19.223667,63.436974],[19.178726,63.375792],[19.15037,63.357207],[19.095596,63.33576],[19.026505,63.321022],[18.717194,63.311254]]]}},{"type":"Feature","properties":{"kind":"road"},"geometry":{"type":"MultiLineString","coordinates":[[[23.212129,69.958066],[23.255798,69.964969],[23.435134,69.969414],[23.485281,69.982365],[23.516376,70.0]]]}},{"type":"Feature","properties":{"kind":"road"},"geometry":{"type":"MultiLineString","coordinates":[[[13.396742,65.417468],[13.414421,65.458653],[13.421532,65.504448],[13.409943,65.566347],[13.390226,65.589813],[13.315438,65.624802],[13.286863,65.651892],[13.277629,65.669081],[13.274029,65.688416],[13.287417,65.74722],[13.287058,65.773926],[13.273253,65.796414],[13.213309,65.836956],[13.204421,65.855723],[13.211716,65.870689],[13.252405,65.895568],[13.367368,65.920156],[13.403929,65.947011],[13.452572,66.012465],[13.490565,66.034516],[13.53903,66.042689],[13.633628,66.042242],[13.760973,66.055983],[13.79493,66.066638],[13.821285,66.087268],[13.829615,66.101878],[13.829577,66.133218],[13.801446,66.198203],[13.809201,66.220473],[13.833643,66.23512],[13.988248,66.275978],[14.111457,66.291084],[14.154698,66.304451]]]}},{"type":"Feature","properties":{"kind":"road"},"geometry":{"type":"MultiLineString","coordinates":[[[14.042177,57.003266],[14.07482,57.048918],[14.080793,57.077079],[14.065979,57.17248],[14.061,57.250071],[14.061566,57.329211],[14.074499,57.44574],[14.096894,57.517763],[14.117833,57.549789],[14.167041,57.608453],[14.185166,57.638717],[14.192014,57.66071],[14.186496,57.703594],[14.16362,57.744362]]]}},{"type":"Feature","properties":{"kind":"road"},"geometry":{"type":"MultiLineString","coordinates":[[[13.877716,56.719985],[13.971827,56.919205],[14.042177,57.003266]]]}},{"type":"Feature","properties":{"kind":"road"},"geometry":{"type":"MultiLineString","coordinates":[[[11.980351,57.834057],[12.05731,57.922524]]]}},{"type":"Feature","properties":{"kind":"road"},"geometry":{"type":"MultiLineString","coordinates":[[[14.143351,57.750773],[14.2113,57.764543],[14.237712,57.764029]]]}},{"type":"Feature","properties":{"kind":"road"},"geometry":{"type":"MultiLineString","coordinates":[[[15.797404,59.399109],[15.836492,59.382778],[15.899864,59.374731],[15.942868,59.377575],[16.039873,59.398639],[16.145027,59.408661],[16.477219,59.38654]]]}},{"type":"Feature","properties":{"kind":"road"},"geometry":{"type":"MultiLineString","coordinates":[[[17.08488,61.722276],[17.081982,61.668967],[17.072182,61.631359],[17.047332,61.601357],[17.015878,61.579805]]]}},{"type":"Feature","properties":{"kind":"road"},"geometry":{"type":"MultiLineString","coordinates":[[[25.0,63.587361],[24.964224,63.601121],[24.935353,63.605245],[24.910606,63.617618],[24.873486,63.605245],[24.815745,63.60937],[24.7745,63.592872],[24.725007,63.584623],[24.654892,63.551628],[24.642519,63.539254]]]}},{"type":"Feature","properties":{"kind":"road"},"geometry":{"type":"MultiLineString","coordinates":[[[24.642519,63.539254],[24.638394,63.531005],[24.609523,63.514508],[24.535284,63.49801],[24.498164,63.485637],[24.45692,63.465015],[24.415676,63.46089],[24.370307,63.477388],[24.353809,63.477388],[24.283694,63.46089],[24.114593,63.456766],[24.073349,63.448517],[24.032104,63.432019],[23.970238,63.419646]]]}},{"type":"Feature","properties":{"kind":"road"},"geometry":{"type":"MultiLineString","coordinates":[[[23.970238,63.419646],[23.924869,63.390775],[23.895998,63.386651],[23.846505,63.370153],[23.788763,63.374277],[23.743395,63.386651],[23.710399,63.382526],[23.685653,63.386651],[23.63616,63.366029],[23.491805,63.361904]]]}},{"type":"Feature","properties":{"kind":"road"},"geometry":{"type":"MultiLineString","coordinates":[[[23.491805,63.361904],[23.372197,63.353655],[23.330953,63.345406],[23.31033,63.333033],[23.297957,63.312411],[23.215469,63.291789],[23.190722,63.291789],[23.116483,63.304162],[23.079363,63.300038],[22.963879,63.304162],[22.827773,63.28354],[22.786529,63.28354]]]}},{"type":"Feature","properties":{"kind":"road"},"geometry":{"type":"MultiLineString","coordinates":[[[22.844271,63.14331],[22.728787,63.122688],[22.671045,63.118563],[22.605054,63.122688],[22.559686,63.114439],[22.530815,63.114439],[22.464824,63.126812],[22.394709,63.130937],[22.34934,63.130937],[22.283349,63.122688],[22.138994,63.126812],[22.085377,63.135061],[22.040008,63.135061],[22.019386,63.147434]]]}},{"type":"Feature","properties":{"kind":"road"},"geometry":{"type":"MultiLineString","coordinates":[[[22.720538,62.532895],[22.671045,62.504024],[22.609179,62.495776],[22.576183,62.479278],[22.481322,62.475153],[22.353464,62.450407],[22.270976,62.454531]]]}},{"type":"Feature","properties":{"kind":"road"},"geometry":{"type":"MultiLineString","coordinates":[[[22.270976,62.454531],[22.229732,62.438034],[22.184363,62.405038],[22.163741,62.376167],[22.09775,62.367918],[22.064755,62.347296],[21.974018,62.343172],[21.895654,62.326674],[21.846161,62.326674],[21.809041,62.318425],[21.763672,62.32255],[21.639939,62.281306],[21.590446,62.277181]]]}},{"type":"Feature","properties":{"kind":"road"},"geometry":{"type":"MultiLineString","coordinates":[[[24.733256,62.264808],[24.770376,62.223564],[24.803371,62.207066],[24.81162,62.190568],[24.807496,62.165822],[24.782749,62.141075],[24.786874,62.103955],[24.753878,62.083333],[24.733256,62.058587],[24.729132,62.037965],[24.704385,62.021467],[24.650768,61.992596],[24.601275,61.988472],[24.584777,61.980223],[24.580652,61.971974],[24.584777,61.959601],[24.551781,61.951352],[24.551781,61.934854],[24.539408,61.922481],[24.539408,61.910108],[24.510537,61.864739],[24.473417,61.81937],[24.448671,61.802873],[24.378556,61.769877],[24.357934,61.745131],[24.312565,61.728633]]]}},{"type":"Feature","properties":{"kind":"road"},"geometry":{"type":"MultiLineString","coordinates":[[[24.263072,59.336468],[24.271321,59.361215],[24.254823,59.377712],[24.263072,59.390086],[24.304316,59.39421],[24.366182,59.423081],[24.395053,59.443703],[24.423924,59.447827],[24.473417,59.43133],[24.506413,59.427205],[24.535284,59.435454],[24.56003,59.435454],[24.593026,59.423081],[24.654892,59.418957],[24.675514,59.410708]]]}},{"type":"Feature","properties":{"kind":"road"},"geometry":{"type":"MultiLineString","coordinates":[[[24.263072,59.336468],[24.378556,59.324095],[24.395053,59.311722],[24.399178,59.299348]]]}},{"type":"Feature","properties":{"kind":"road"},"geometry":{"type":"MultiLineString","coordinates":[[[22.460699,58.251745],[22.501944,58.255869],[22.522566,58.264118],[22.547312,58.28474],[22.613303,58.313611],[22.745285,58.346607],[22.877266,58.367229],[22.99275,58.404349],[23.000999,58.420846],[22.988625,58.437344],[23.009248,58.453842],[23.033994,58.49921],[23.046367,58.544579],[23.087612,58.552828],[23.128856,58.548703],[23.149478,58.552828],[23.161851,58.561077],[23.165976,58.585823],[23.186598,58.598197],[23.215469,58.602321],[23.277335,58.594072],[23.326828,58.57345],[23.359823,58.565201]]]}},{"type":"Feature","properties":{"kind":"road"},"geometry":{"type":"MultiLineString","coordinates":[[[24.914731,56.432875],[24.898233,56.449373],[24.869362,56.453497],[24.799247,56.436999],[24.7745,56.436999],[24.667265,56.498866],[24.576528,56.535985],[24.543533,56.535985]]]}},{"type":"Feature","properties":{"kind":"road"},"geometry":{"type":"MultiLineString","coordinates":[[[25.0,56.353118],[24.922979,56.395755],[24.910606,56.412253],[24.914731,56.432875]]]}},{"type":"Feature","properties":{"kind":"road"},"geometry":{"type":"MultiLineString","coordinates":[[[17.098691,69.346796],[17.193365,69.333647],[17.228429,69.333647],[17.242454,69.34329],[17.242454,69.355562],[17.233688,69.364328],[17.161807,69.376601],[17.196871,69.400269],[17.362549,69.400269],[17.429171,69.395886],[17.451086,69.38712],[17.466865,69.366081],[17.465112,69.351179],[17.470372,69.341536],[17.493163,69.330141],[17.556279,69.320498],[17.568551,69.310855],[17.563292,69.290693],[17.536117,69.268778],[17.538747,69.260012],[17.567675,69.249493],[17.664978,69.264395],[17.771047,69.241603],[17.848189,69.24511],[18.126072,69.24248],[18.149741,69.224071],[18.144481,69.213552],[18.129579,69.205663],[18.122566,69.181118],[18.147987,69.168845],[18.213733,69.159203],[18.224252,69.146053],[18.20935,69.136411]]]}},{"type":"Feature","properties":{"kind":"road"},"geometry":{"type":"MultiLineString","coordinates":[[[18.20935,69.136411],[18.252303,69.116249],[18.254933,69.099593],[18.230388,69.094334],[18.240908,69.085568],[18.30227,69.081185],[18.328568,69.098717],[18.35399,69.099593],[18.389054,69.090827],[18.482851,69.089074],[18.517038,69.075925],[18.538077,69.061899]]]}},{"type":"Feature","properties":{"kind":"road"},"geometry":{"type":"MultiLineString","coordinates":[[[16.162477,69.306472],[16.130919,69.2942],[16.047642,69.280174],[16.035369,69.271408],[16.036246,69.261765],[16.045888,69.252999],[16.043259,69.245986],[16.002935,69.225825],[15.921411,69.195143],[15.869691,69.15219],[15.83638,69.140794],[15.714532,69.118879],[15.648786,69.096964],[15.653169,69.079431],[15.615475,69.057516],[15.583918,69.032095],[15.585671,69.019822],[15.606709,69.013686],[15.664565,69.01018],[15.693493,69.000537],[15.718038,68.984758],[15.721545,68.95846],[15.727681,68.952324],[15.725928,68.941804],[15.703136,68.933915],[15.706642,68.922519],[15.688234,68.916383],[15.687357,68.908493],[15.709272,68.896221],[15.711025,68.884825],[15.643527,68.872553],[15.64002,68.867293],[15.659306,68.858527],[15.713655,68.855897],[15.747843,68.834859],[15.748719,68.810314],[15.726804,68.805931],[15.625118,68.807684],[15.60145,68.797165],[15.562002,68.793658],[15.563756,68.783139],[15.551483,68.777003],[15.551483,68.768237],[15.583041,68.758594],[15.590054,68.746322],[15.577781,68.722653],[15.554113,68.717394],[15.513789,68.7209],[15.518172,68.712134]]]}},{"type":"Feature","properties":{"kind":"road"},"geometry":{"type":"MultiLineString","coordinates":[[[15.783784,68.642006],[15.715408,68.648142],[15.670701,68.642006],[15.640897,68.649018],[15.626871,68.661291],[15.576905,68.661291],[15.551483,68.673563],[15.55236,68.698108],[15.518172,68.712134]]]}},{"type":"Feature","properties":{"kind":"road"},"geometry":{"type":"MultiLineString","coordinates":[[[22.52137,68.459672],[22.496825,68.444769]]]}},{"type":"Feature","properties":{"kind":"road"},"geometry":{"type":"MultiLineString","coordinates":[[[22.496825,68.444769],[22.589745,68.408829],[22.632699,68.403569],[22.655491,68.38779],[22.719483,68.38253],[22.739645,68.376394],[22.759807,68.362369],[22.803637,68.357985],[22.819416,68.34396],[22.819416,68.315908],[22.826429,68.308019],[22.889544,68.271202],[22.886038,68.252793],[22.891298,68.24052],[22.979835,68.221235],[23.028048,68.195814],[23.068372,68.185294],[23.170058,68.124809],[23.307685,68.111659],[23.340996,68.074842],[23.407618,68.014356],[23.411124,68.002084],[23.404988,67.983675],[23.395345,67.973156],[23.410248,67.96439],[23.412001,67.955624],[23.431286,67.949488]]]}},{"type":"Feature","properties":{"kind":"road"},"geometry":{"type":"MultiLineString","coordinates":[[[23.731085,67.946858],[23.724949,67.941598]]]}},{"type":"Feature","properties":{"kind":"road"},"geometry":{"type":"MultiLineString","coordinates":[[[23.431286,67.949488],[23.483883,67.945105],[23.504921,67.934585],[23.532096,67.928449],[23.584692,67.925819],[23.624139,67.934585],[23.642548,67.949488],[23.724949,67.941598]]]}},{"type":"Feature","properties":{"kind":"road"},"geometry":{"type":"MultiLineString","coordinates":[[[15.518172,68.712134],[15.425252,68.700738],[15.349864,68.673563],[15.171037,68.631486],[15.135096,68.628856],[15.106168,68.620967],[15.083376,68.607818],[14.999222,68.609571],[14.943119,68.596422],[14.905425,68.580643],[14.898412,68.566618],[14.921204,68.553468],[14.978183,68.550839],[14.98169,68.544702],[14.938736,68.536813],[14.912438,68.519281],[14.797603,68.514898],[14.768675,68.499119],[14.827407,68.455289],[14.833544,68.430744],[14.820395,68.410582],[14.78796,68.38779],[14.745883,68.386037],[14.704683,68.370258],[14.703806,68.350096],[14.693287,68.34396],[14.716955,68.328181],[14.720462,68.313279],[14.64858,68.28698],[14.628418,68.262436],[14.559166,68.256299],[14.531991,68.24315],[14.492544,68.232631],[14.468876,68.231754],[14.426799,68.238767],[14.316347,68.223865],[14.31021,68.234384],[14.337385,68.261559],[14.256737,68.270325],[14.17609,68.263312],[14.159434,68.271202],[14.137519,68.271202],[14.091936,68.258929],[13.991126,68.258929],[13.965705,68.262436],[13.936777,68.283474],[13.906095,68.285227],[13.879797,68.272078],[13.786001,68.254546],[13.785124,68.246657],[13.795643,68.233508],[13.787754,68.227371],[13.732528,68.216852],[13.730774,68.20195],[13.691327,68.189677],[13.692204,68.180035],[13.674672,68.170392],[13.612433,68.166009],[13.56159,68.15023],[13.436235,68.134451],[13.441495,68.115166],[13.432729,68.077472],[13.423086,68.066953],[13.385392,68.064323],[13.338055,68.075719],[13.331919,68.084485],[13.317893,68.089744],[13.301238,68.078348],[13.26705,68.065199],[13.253025,68.050297],[13.242505,68.022246],[13.193416,68.001207],[13.134683,67.942475],[13.098742,67.923189],[13.024231,67.896015]]]}},{"type":"Feature","properties":{"kind":"road"},"geometry":{"type":"MultiLineString","coordinates":[[[24.901353,67.653195],[24.862782,67.67248],[24.859276,67.699655],[24.849633,67.704915],[24.847003,67.720694],[24.865412,67.745239],[24.862782,67.755758],[24.843497,67.774167],[24.819829,67.782056],[24.810186,67.789945],[24.814569,67.803971],[24.736551,67.846048],[24.663793,67.867963],[24.601554,67.910917],[24.581392,67.91793],[24.540192,67.916177],[24.504251,67.921436],[24.477953,67.937215],[24.442889,67.936338],[24.393799,67.925819],[24.332436,67.929326],[24.296496,67.919683],[24.242146,67.894261],[24.246529,67.875853],[24.152732,67.858321],[24.103642,67.862704],[24.067702,67.858321],[24.041403,67.86358],[24.00108,67.882866],[23.960756,67.888125],[23.892381,67.918806],[23.846797,67.926696],[23.809103,67.940721],[23.731085,67.946858]]]}},{"type":"Feature","properties":{"kind":"road"},"geometry":{"type":"MultiLineString","coordinates":[[[24.901353,67.653195],[24.955703,67.649689],[25.0,67.653195]]]}},{"type":"Feature","properties":{"kind":"road"},"geometry":{"type":"MultiLineString","coordinates":[[[24.901353,67.653195],[24.928528,67.633033],[24.922392,67.614624],[24.937294,67.601475],[24.923268,67.562028],[24.903983,67.545373],[24.905736,67.52784],[24.878561,67.495406],[24.882944,67.4919]]]}},{"type":"Feature","properties":{"kind":"road"},"geometry":{"type":"MultiLineString","coordinates":[[[24.882944,67.4919],[24.736551,67.500666],[24.682202,67.496283],[24.653274,67.484887],[24.553341,67.470861],[24.497238,67.44281],[24.494608,67.431414],[24.506004,67.420018],[24.495485,67.411252],[24.377143,67.39635],[24.281593,67.406869],[24.202699,67.398103],[24.13257,67.407746],[24.100136,67.39109],[24.077344,67.386707],[24.022118,67.38583],[23.937087,67.363915],[23.863453,67.356026]]]}},{"type":"Feature","properties":{"kind":"road"},"geometry":{"type":"MultiLineString","coordinates":[[[15.506776,67.30343],[15.45155,67.279761]]]}},{"type":"Feature","properties":{"kind":"road"},"geometry":{"type":"MultiLineString","coordinates":[[[22.817663,67.244697],[22.755424,67.256093],[22.637959,67.287651],[22.595882,67.306936],[22.573967,67.327975],[22.580979,67.340247],[22.613414,67.349013],[22.617797,67.373558],[22.57046,67.38583],[22.556434,67.413005],[22.534519,67.420895],[22.492442,67.428784],[22.403029,67.427031],[22.209299,67.453329],[22.058523,67.458589],[22.04362,67.463848],[21.936675,67.514691],[21.940181,67.540113],[21.933168,67.558522],[21.877942,67.596216],[21.861287,67.626897],[21.779762,67.656701],[21.663174,67.676863]]]}},{"type":"Feature","properties":{"kind":"road"},"geometry":{"type":"MultiLineString","coordinates":[[[23.431286,67.949488],[23.431286,67.933709],[23.421644,67.931079],[23.376937,67.931955],[23.358528,67.928449],[23.333107,67.9153],[23.272621,67.914423],[23.257718,67.905657],[23.210382,67.845172],[23.188467,67.82501],[23.201616,67.820627],[23.232297,67.796082],[23.255965,67.783809],[23.302425,67.767154],[23.41989,67.751375],[23.441806,67.739979],[23.447065,67.72946],[23.436546,67.697902],[23.440052,67.690012],[23.460214,67.676863],[23.451448,67.666344],[23.469857,67.643552],[23.447065,67.627773],[23.437423,67.612871],[23.441806,67.598845],[23.432163,67.576054],[23.415507,67.558522],[23.435669,67.53836],[23.385703,67.509432],[23.364664,67.476121],[23.369047,67.462972],[23.38395,67.450699],[23.447942,67.43492],[23.450572,67.425278],[23.399729,67.418265],[23.382196,67.410375],[23.362034,67.380571],[23.325217,67.362162],[23.344502,67.333234],[23.339243,67.327098],[23.269991,67.306936],[23.241063,67.287651],[23.284017,67.262229],[23.278757,67.255216],[23.247199,67.239437]]]}},{"type":"Feature","properties":{"kind":"road"},"geometry":{"type":"MultiLineString","coordinates":[[[23.247199,67.239437],[23.171811,67.222782],[23.024542,67.242944],[23.00175,67.24382],[22.965809,67.234178],[22.901817,67.235054],[22.817663,67.244697]]]}},{"type":"Feature","properties":{"kind":"road"},"geometry":{"type":"MultiLineString","coordinates":[[[23.247199,67.239437],[23.359405,67.221029],[23.388333,67.211386]]]}},{"type":"Feature","properties":{"kind":"road"},"geometry":{"type":"MultiLineString","coordinates":[[[22.817663,67.244697],[22.818539,67.196484],[22.809773,67.189471],[22.687925,67.171062],[22.644972,67.157913],[22.626563,67.149147],[22.613414,67.121972],[22.579226,67.098304],[22.527506,67.075512],[22.476663,67.076389],[22.351309,67.057104],[22.269785,67.06587],[22.18563,67.050967],[22.061153,67.043078],[21.987518,67.01415],[21.916513,67.018533],[21.858657,67.009767],[21.844631,67.010643],[21.792035,67.029052],[21.736809,67.036942],[21.659667,67.039571],[21.618467,67.048338],[21.578143,67.067623],[21.438763,67.076389],[21.334447,67.079895],[21.262565,67.05798],[21.198573,67.050091]]]}},{"type":"Feature","properties":{"kind":"road"},"geometry":{"type":"MultiLineString","coordinates":[[[23.388333,67.211386],[23.535602,67.152654],[23.563654,67.122849],[23.607484,67.103564],[23.623263,67.080772],[23.622386,67.069376],[23.670599,67.040448],[23.713553,67.000124],[23.745988,66.984345],[23.795954,66.968566],[23.79946,66.958047],[23.828388,66.937009],[23.824882,66.92123],[23.885368,66.892302],[23.927445,66.856361],[23.935334,66.844089],[23.933581,66.835322],[23.913419,66.823927]]]}},{"type":"Feature","properties":{"kind":"road"},"geometry":{"type":"MultiLineString","coordinates":[[[23.913419,66.823927],[24.040527,66.816037],[24.076468,66.807271]]]}},{"type":"Feature","properties":{"kind":"road"},"geometry":{"type":"MultiLineString","coordinates":[[[14.832667,67.3008],[14.835297,67.29291],[14.822148,67.277131],[14.792343,67.271872],[14.780947,67.263982],[14.777441,67.247327],[14.763415,67.238561],[14.716079,67.235054],[14.704683,67.228042],[14.707313,67.207003],[14.682768,67.186841],[14.652086,67.175445],[14.610886,67.169309],[14.481148,67.167556],[14.451344,67.162296],[14.418909,67.150024],[14.390858,67.127232],[14.391735,67.113206],[14.403131,67.10444],[14.355794,67.085155],[14.36982,67.071129],[14.371573,67.046584],[14.347904,67.030805],[14.333002,67.013273],[14.340892,67.001877],[14.336509,66.993988],[14.32073,66.985222],[14.264627,66.986099],[14.226933,66.969443],[14.184856,66.969443],[14.144532,66.991358],[14.137519,66.990482],[14.089306,66.958047],[14.041969,66.956294],[14.016548,66.944898],[13.99025,66.942268],[13.931517,66.944021],[13.906972,66.955417],[13.862265,66.955417],[13.801779,66.939638],[13.727268,66.947528],[13.70097,66.945775],[13.726391,66.924736],[13.732528,66.907204],[13.787754,66.885289],[13.79126,66.878276],[13.774605,66.859867],[13.798273,66.855484],[13.822818,66.867757],[13.84561,66.86688],[13.857006,66.837952],[13.880674,66.829186],[14.037586,66.82568],[14.063008,66.815161],[14.074404,66.803765],[14.069144,66.793245],[14.035833,66.762564],[14.003399,66.753798],[13.936777,66.754675],[13.670289,66.737143],[13.591394,66.750292]]]}},{"type":"Feature","properties":{"kind":"road"},"geometry":{"type":"MultiLineString","coordinates":[[[13.517759,66.723994],[13.514253,66.709968],[13.530908,66.702955],[13.533538,66.693312],[13.356464,66.716981],[13.342438,66.715228]]]}},{"type":"Feature","properties":{"kind":"road"},"geometry":{"type":"MultiLineString","coordinates":[[[24.882944,67.4919],[24.983754,67.459465],[24.981124,67.44018],[24.956579,67.427031],[24.962715,67.412129],[24.944307,67.400733],[24.944307,67.395473],[24.960962,67.376188],[24.964469,67.354273],[24.985507,67.336741],[24.99778,67.314825],[24.99252,67.30343],[24.967098,67.285021],[24.98463,67.269242],[24.960086,67.250833],[24.933787,67.240314],[24.967098,67.181581],[24.983754,67.171062],[25.0,67.169201]]]}},{"type":"Feature","properties":{"kind":"road"},"geometry":{"type":"MultiLineString","coordinates":[[[24.076468,66.807271],[24.098383,66.814284],[24.190426,66.822173],[24.219354,66.82042],[24.272827,66.807271],[24.300002,66.798505],[24.343832,66.775713],[24.398182,66.772207],[24.441135,66.761688],[24.536685,66.699449],[24.621716,66.697695],[24.643631,66.6863],[24.660287,66.670521],[24.7497,66.641593],[24.787394,66.638086],[24.854893,66.640716],[24.909242,66.657372],[25.0,66.648992]]]}},{"type":"Feature","properties":{"kind":"road"},"geometry":{"type":"MultiLineString","coordinates":[[[23.913419,66.823927],[23.85381,66.778343],[23.845044,66.766947],[23.85118,66.721364],[23.84592,66.704708],[23.826635,66.690683],[23.823129,66.68104],[23.84592,66.660878],[23.863453,66.631073],[23.862576,66.610912],[23.830142,66.591626],[23.835401,66.576724],[23.802967,66.561822],[23.772286,66.532894],[23.731085,66.520621],[23.705664,66.4952],[23.628522,66.471531],[23.615373,66.453999],[23.625016,66.442603],[23.627646,66.425948],[23.635535,66.414552],[23.66271,66.401403],[23.66534,66.396143]]]}},{"type":"Feature","properties":{"kind":"road"},"geometry":{"type":"MultiLineString","coordinates":[[[23.66534,66.396143],[23.742481,66.390007]]]}},{"type":"Feature","properties":{"kind":"road"},"geometry":{"type":"MultiLineString","coordinates":[[[23.742481,66.390007],[23.739851,66.382118]]]}},{"type":"Feature","properties":{"kind":"road"},"geometry":{"type":"MultiLineString","coordinates":[[[23.66534,66.396143],[23.592582,66.39439],[23.411124,66.421565],[23.328723,66.450493],[23.301549,66.450493],[23.244569,66.436467],[23.19548,66.444357],[23.13587,66.445233],[23.014899,66.439974],[22.992107,66.434714],[22.981588,66.425071],[22.986848,66.410169],[22.980711,66.38913],[22.909706,66.369845]]]}},{"type":"Feature","properties":{"kind":"road"},"geometry":{"type":"MultiLineString","coordinates":[[[23.388333,67.211386],[23.355898,67.19999],[23.348009,67.191224],[23.371677,67.170186],[23.365541,67.15616],[23.364664,67.125479],[23.370801,67.120219],[23.359405,67.064116],[23.351515,67.058857],[23.357651,67.050967],[23.38395,67.037818],[23.305932,66.990482],[23.262978,66.975579],[23.244569,66.958047],[23.222654,66.952788],[23.209505,66.935255],[23.164798,66.924736],[23.151649,66.900191],[23.101683,66.856361],[23.030678,66.815161],[22.969315,66.790616],[22.933375,66.784479],[22.921102,66.774837],[22.928992,66.757305],[22.919349,66.744156],[22.921102,66.695066],[22.911459,66.684546],[22.874642,66.679287],[22.80539,66.624937],[22.817663,66.606529],[22.819416,66.59075],[22.808897,66.537277],[22.820293,66.510979],[22.846591,66.477668],[22.840454,66.455752],[22.842208,66.44085],[22.861493,66.414552],[22.909706,66.369845]]]}},{"type":"Feature","properties":{"kind":"road"},"geometry":{"type":"MultiLineString","coordinates":[[[23.739851,66.382118],[23.842414,66.375981],[23.902023,66.361079],[24.040527,66.361079],[24.157115,66.371598],[24.193056,66.380364],[24.276334,66.381241],[24.386786,66.392637],[24.450778,66.405786],[24.568243,66.39702],[24.634865,66.39965],[24.692721,66.408416],[24.734798,66.406663],[24.811939,66.412799],[24.925021,66.39439],[25.0,66.395132]]]}},{"type":"Feature","properties":{"kind":"road"},"geometry":{"type":"MultiLineString","coordinates":[[[22.909706,66.369845],[22.871136,66.361956],[22.814156,66.339164],[22.801007,66.326892]]]}},{"type":"Feature","properties":{"kind":"road"},"geometry":{"type":"MultiLineString","coordinates":[[[13.27757,66.488187],[13.22059,66.460135],[13.242505,66.426824],[13.244259,66.416305],[13.253901,66.412799],[13.242505,66.403156],[13.106632,66.361079],[13.075074,66.358449],[13.068938,66.3453],[13.108385,66.336534],[13.146079,66.3453],[13.185526,66.3453],[13.212701,66.341794],[13.261791,66.325138],[13.397665,66.352313],[13.434482,66.354066],[13.464286,66.365462],[13.537045,66.367215],[13.557207,66.365462],[13.581752,66.354943],[13.59753,66.332151],[13.639608,66.321632],[13.65188,66.308483],[13.631718,66.297964],[13.573862,66.299717],[13.480942,66.288321],[13.420456,66.292704],[13.315264,66.277802],[13.096989,66.204167],[13.102249,66.187511]]]}},{"type":"Feature","properties":{"kind":"road"},"geometry":{"type":"MultiLineString","coordinates":[[[13.133806,66.148064],[13.144326,66.141051],[13.116274,66.120889],[13.129423,66.106864],[13.111891,66.096344]]]}},{"type":"Feature","properties":{"kind":"road"},"geometry":{"type":"MultiLineString","coordinates":[[[13.111891,66.096344],[13.072444,66.098098],[13.004069,66.088455],[12.924298,66.068293],[12.788424,66.054267],[12.697257,66.036735],[12.671836,66.021833],[12.664823,66.01219],[12.578039,65.977126],[12.565766,65.96836],[12.543851,65.928036],[12.463203,65.912257],[12.462327,65.906121],[12.540345,65.909627],[12.565766,65.901738]]]}},{"type":"Feature","properties":{"kind":"road"},"geometry":{"type":"MultiLineString","coordinates":[[[13.111891,66.096344],[13.136436,66.081442],[13.125917,66.070923],[13.085593,66.062157],[13.035627,66.043748],[13.026861,66.028846],[13.03212,66.015697],[13.020724,65.997288],[12.99092,65.988522],[12.992673,65.980633],[13.036503,65.978003],[13.056665,65.964854],[13.120657,65.954334],[13.187279,65.955211],[13.230233,65.947322],[13.234616,65.933296],[13.274063,65.918394],[13.281076,65.907874],[13.26968,65.889466],[13.286336,65.878946]]]}},{"type":"Feature","properties":{"kind":"road"},"geometry":{"type":"MultiLineString","coordinates":[[[12.564013,65.892972],[12.535962,65.87807],[12.478982,65.864044],[12.445671,65.850018],[12.447425,65.835993]]]}},{"type":"Feature","properties":{"kind":"road"},"geometry":{"type":"MultiLineString","coordinates":[[[24.200946,65.850895],[24.147473,65.835116]]]}},{"type":"Feature","properties":{"kind":"road"},"geometry":{"type":"MultiLineString","coordinates":[[[23.66534,66.396143],[23.604854,66.365462],[23.591705,66.344424],[23.594335,66.319879],[23.612744,66.268159],[23.627646,66.245367],[23.696898,66.204167],[23.753,66.180498],[23.879231,66.151571],[23.903776,66.141051],[23.914296,66.124396],[23.910789,66.090208],[23.931828,66.063033],[24.014229,65.996411],[24.008969,65.974496],[24.014229,65.958717],[24.063319,65.92453],[24.099259,65.906121],[24.104519,65.874563],[24.129941,65.858784],[24.147473,65.835116]]]}},{"type":"Feature","properties":{"kind":"road"},"geometry":{"type":"MultiLineString","coordinates":[[[22.733509,66.059527],[22.662504,66.052514],[22.634452,66.041995],[22.594128,66.041995],[22.516987,66.050761],[22.487183,66.045501],[22.4828,66.040242],[22.462638,66.034982],[22.405658,66.036735],[22.38462,66.027093],[22.271538,66.036735],[22.241733,66.024463],[22.195273,66.015697],[22.122515,66.015697],[22.097093,66.008684],[22.065536,66.00956],[21.976998,65.998165],[21.934921,65.984139],[21.924402,65.972743],[21.897227,65.961347],[21.896351,65.949951],[21.868299,65.923653],[21.866546,65.907874],[21.880572,65.896478],[21.883202,65.887712],[21.872682,65.87807],[21.914759,65.859661],[21.914759,65.852648],[21.889338,65.843006],[21.796418,65.830733],[21.781516,65.82372],[21.758724,65.803558],[21.740315,65.801805]]]}},{"type":"Feature","properties":{"kind":"road"},"geometry":{"type":"MultiLineString","coordinates":[[[21.740315,65.801805],[21.648272,65.799175],[21.610578,65.791286],[21.593922,65.764988],[21.579896,65.753592],[21.557105,65.744826],[21.523794,65.755345],[21.441393,65.766741],[21.408958,65.765864],[21.394056,65.759728],[21.346719,65.758851],[21.309902,65.736936],[21.308149,65.709762],[21.301136,65.699242],[21.280097,65.680834],[21.250293,65.670314]]]}},{"type":"Feature","properties":{"kind":"road"},"geometry":{"type":"MultiLineString","coordinates":[[[12.448301,65.59142],[12.455314,65.624731],[12.486872,65.674697],[12.519306,65.694859],[12.524566,65.717651]]]}},{"type":"Feature","properties":{"kind":"road"},"geometry":{"type":"MultiLineString","coordinates":[[[12.344862,65.573011],[12.338726,65.540577],[12.330836,65.529181],[12.334343,65.505513]]]}},{"type":"Feature","properties":{"kind":"road"},"geometry":{"type":"MultiLineString","coordinates":[[[12.334343,65.505513],[12.3659,65.504636],[12.400088,65.494993]]]}},{"type":"Feature","properties":{"kind":"road"},"geometry":{"type":"MultiLineString","coordinates":[[[12.27824,65.488857],[12.334343,65.505513]]]}},{"type":"Feature","properties":{"kind":"road"},"geometry":{"type":"MultiLineString","coordinates":[[[19.226212,65.575641],[19.248127,65.561615],[19.270042,65.533564],[19.384001,65.473955],[19.412052,65.445027]]]}},{"type":"Feature","properties":{"kind":"road"},"geometry":{"type":"MultiLineString","coordinates":[[[21.456295,65.288991],[21.408082,65.303893],[21.327434,65.306523],[21.288863,65.312659],[21.224871,65.331068],[21.153866,65.334575],[21.124062,65.345094],[21.089874,65.349477],[20.948741,65.328438],[20.656831,65.324055],[20.557775,65.334575],[20.285151,65.391554],[20.206256,65.377528],[20.15629,65.379281],[19.926619,65.408209],[19.669774,65.409963],[19.616301,65.420482],[19.510232,65.429248],[19.412052,65.445027]]]}},{"type":"Feature","properties":{"kind":"road"},"geometry":{"type":"MultiLineString","coordinates":[[[17.659718,65.324055],[17.698289,65.322302],[17.785073,65.308276],[17.816631,65.298634],[17.877116,65.291621],[17.956888,65.289868],[18.145358,65.267076]]]}},{"type":"Feature","properties":{"kind":"road"},"geometry":{"type":"MultiLineString","coordinates":[[[12.400088,65.494993],[12.416743,65.481844],[12.409731,65.453793],[12.36853,65.436261],[12.305415,65.423988],[12.274733,65.40032],[12.308044,65.366132],[12.296649,65.352107],[12.247559,65.336328],[12.223014,65.319672],[12.215124,65.303017],[12.212494,65.281102],[12.201099,65.260063],[12.18532,65.254804],[12.170417,65.237271],[12.109055,65.218863]]]}},{"type":"Feature","properties":{"kind":"road"},"geometry":{"type":"MultiLineString","coordinates":[[[19.638216,65.279348],[19.570718,65.241654],[19.568964,65.226752],[19.58299,65.204837],[19.579484,65.182922],[19.568964,65.172403],[19.561951,65.149611],[19.5339,65.10841],[19.466401,65.06458],[19.463772,65.053184],[19.472538,65.038282],[19.475168,64.997958],[19.469908,64.987439]]]}},{"type":"Feature","properties":{"kind":"road"},"geometry":{"type":"MultiLineString","coordinates":[[[18.145358,65.267076],[18.284738,65.256557],[18.375028,65.236395],[18.442527,65.238148],[18.526681,65.230259],[18.577524,65.240778],[18.645899,65.239901],[18.699372,65.224999],[18.741449,65.199577],[18.763364,65.195194],[18.902744,65.139092],[18.9194,65.125066],[18.925536,65.11367],[18.936055,65.10841],[19.045631,65.082112],[19.089461,65.06195],[19.121896,65.037405],[19.135921,65.01549],[19.163973,65.007601],[19.270919,65.005848],[19.469908,64.987439]]]}},{"type":"Feature","properties":{"kind":"road"},"geometry":{"type":"MultiLineString","coordinates":[[[19.638216,65.279348],[19.757434,65.248667],[19.879282,65.207467],[19.91873,65.180292],[19.920483,65.170649],[19.945028,65.132955],[19.982722,65.11104],[20.048467,65.083866],[20.158043,65.024256],[20.222912,65.004971],[20.256223,64.990069],[20.275508,64.965524],[20.29041,64.955881],[20.357032,64.931336],[20.371058,64.919064],[20.420148,64.900655],[20.423654,64.882246]]]}},{"type":"Feature","properties":{"kind":"road"},"geometry":{"type":"MultiLineString","coordinates":[[[19.469908,64.987439],[19.587373,64.969907],[19.6838,64.977796],[19.830193,64.967277],[19.96519,64.93046],[20.087915,64.92257],[20.121225,64.9252],[20.248333,64.895395],[20.293917,64.897149],[20.3395,64.885753],[20.423654,64.882246]]]}},{"type":"Feature","properties":{"kind":"road"},"geometry":{"type":"MultiLineString","coordinates":[[[19.469908,64.987439],[19.461142,64.973413],[19.43572,64.962017],[19.349813,64.945362],[19.25251,64.938349],[19.111376,64.942732],[19.013197,64.933089],[18.928166,64.898902],[18.877323,64.847182],[18.846642,64.838416]]]}},{"type":"Feature","properties":{"kind":"road"},"geometry":{"type":"MultiLineString","coordinates":[[[20.984682,64.760398],[20.945234,64.775301],[20.854067,64.790203],[20.755888,64.804228],[20.648942,64.811241],[20.418395,64.868221]]]}},{"type":"Feature","properties":{"kind":"road"},"geometry":{"type":"MultiLineString","coordinates":[[[18.846642,64.838416],[18.819467,64.83228],[18.764241,64.807735],[18.742326,64.777054],[18.711645,64.763028],[18.696742,64.748126],[18.695866,64.73936],[18.709015,64.727087],[18.712521,64.700789],[18.694989,64.664848],[18.72304,64.639427],[18.731806,64.623648],[18.732683,64.59735]]]}},{"type":"Feature","properties":{"kind":"road"},"geometry":{"type":"MultiLineString","coordinates":[[[18.667814,64.576311],[18.732683,64.59735]]]}},{"type":"Feature","properties":{"kind":"road"},"geometry":{"type":"MultiLineString","coordinates":[[[12.186196,65.186428],[12.198469,65.179415],[12.190579,65.166266],[12.201975,65.145228],[12.241422,65.131202],[12.232656,65.11893],[12.159898,65.090878],[12.1748,65.074223],[12.144996,65.046171],[12.145872,65.039159],[12.161651,65.034776],[12.211618,65.034776],[12.223014,65.014614],[12.201099,64.993575],[12.205482,64.988316],[12.235286,64.981303],[12.238793,64.973413],[12.201099,64.947992],[12.208111,64.932213],[12.244929,64.924323],[12.364147,64.917311],[12.423756,64.901532],[12.457944,64.879617],[12.460574,64.869097],[12.446548,64.844552],[12.411484,64.807735],[12.407977,64.796339],[12.409731,64.77793],[12.424633,64.763905],[12.431646,64.74199],[12.425509,64.722704],[12.426386,64.703419],[12.400088,64.689393],[12.400965,64.680627],[12.379926,64.664848],[12.341355,64.642057],[12.313304,64.612252],[12.313304,64.569298],[12.267721,64.557902],[12.251942,64.543877],[12.227397,64.541247],[12.208988,64.530728],[12.154639,64.517579],[12.066101,64.510566]]]}},{"type":"Feature","properties":{"kind":"road"},"geometry":{"type":"MultiLineString","coordinates":[[[12.386062,64.412386],[12.462327,64.429042],[12.569273,64.471119],[12.7069,64.471119],[12.739334,64.476378],[12.877838,64.482514],[12.93394,64.479885],[12.981277,64.485144],[13.031244,64.498293],[13.136436,64.509689],[13.226727,64.510566],[13.31877,64.50443],[13.359094,64.509689],[13.46078,64.510566],[13.559836,64.479885],[13.614186,64.476378],[13.643991,64.461476]]]}},{"type":"Feature","properties":{"kind":"road"},"geometry":{"type":"MultiLineString","coordinates":[[[17.523845,64.202001],[17.58433,64.232682],[17.588713,64.268623],[17.696536,64.301057],[17.715821,64.314206],[17.727217,64.331738],[17.756145,64.344887],[17.933219,64.355407],[17.996335,64.379952],[18.044548,64.415892],[18.084872,64.432548],[18.15237,64.450957],[18.21198,64.478131],[18.261946,64.480761],[18.275972,64.490404],[18.315419,64.49917],[18.362756,64.521085],[18.393437,64.525468],[18.465318,64.524591],[18.572264,64.564915],[18.623107,64.567545],[18.667814,64.576311]]]}},{"type":"Feature","properties":{"kind":"road"},"geometry":{"type":"MultiLineString","coordinates":[[[17.523845,64.202001],[17.463359,64.181839],[17.386218,64.16869]]]}},{"type":"Feature","properties":{"kind":"road"},"geometry":{"type":"MultiLineString","coordinates":[[[16.87165,64.429042],[16.868144,64.420275],[16.911974,64.40888],[16.933013,64.399237],[16.949668,64.384335],[17.02681,64.35716],[17.06538,64.352777],[17.115347,64.332615],[17.159177,64.333492],[17.259987,64.320342],[17.306447,64.295798],[17.332745,64.271253],[17.321349,64.254597],[17.330115,64.237065],[17.365179,64.214273],[17.363426,64.201124],[17.389724,64.183592],[17.386218,64.16869]]]}},{"type":"Feature","properties":{"kind":"road"},"geometry":{"type":"MultiLineString","coordinates":[[[16.511366,64.263363],[16.565715,64.250214],[16.609546,64.251091],[16.748926,64.232682],[16.834833,64.229176],[16.947038,64.20989],[17.054861,64.209014],[17.132002,64.194111],[17.224046,64.185345],[17.287161,64.184469],[17.337128,64.172196],[17.386218,64.16869]]]}},{"type":"Feature","properties":{"kind":"road"},"geometry":{"type":"MultiLineString","coordinates":[[[13.643991,64.461476],[13.665029,64.419399],[13.656263,64.401867],[13.636978,64.389594],[13.637854,64.368556],[13.623829,64.34927],[13.622075,64.325602],[13.629965,64.317713],[13.785124,64.260733],[13.874538,64.239695],[13.881551,64.216903],[13.868401,64.200248],[13.958692,64.16343],[13.986743,64.139762],[14.090183,64.112587]]]}},{"type":"Feature","properties":{"kind":"road"},"geometry":{"type":"MultiLineString","coordinates":[[[24.559477,64.053855],[24.553341,64.07051],[24.569996,64.087166],[24.655027,64.126613],[24.755837,64.130996],[24.767232,64.137132],[24.857523,64.216903],[24.85051,64.251091],[24.859276,64.259857],[24.893464,64.268623],[24.960962,64.312453],[25.0,64.330713]]]}},{"type":"Feature","properties":{"kind":"road"},"geometry":{"type":"MultiLineString","coordinates":[[[17.523845,64.202001],[17.624654,64.198494],[17.714068,64.187099],[17.77806,64.190605],[17.807865,64.179209],[17.820137,64.161677],[17.830656,64.156417],[17.871857,64.149404],[18.034905,64.140638],[18.088378,64.131872],[18.225129,64.087166],[18.262823,64.081906],[18.34873,64.080153],[18.49074,64.052101]]]}},{"type":"Feature","properties":{"kind":"road"},"geometry":{"type":"MultiLineString","coordinates":[[[25.0,63.960129],[24.957456,63.943402],[24.939047,63.930253]]]}},{"type":"Feature","properties":{"kind":"road"},"geometry":{"type":"MultiLineString","coordinates":[[[17.386218,64.16869],[17.370439,64.150281],[17.382711,64.133626],[17.388847,64.115217],[17.387971,64.096808],[17.342387,64.081906],[17.338004,64.07051],[17.351153,64.048595],[17.351153,64.007394],[17.336251,63.991616],[17.34677,63.953922],[17.339758,63.924117]]]}},{"type":"Feature","properties":{"kind":"road"},"geometry":{"type":"MultiLineString","coordinates":[[[19.262153,63.919734],[19.223582,63.913598]]]}},{"type":"Feature","properties":{"kind":"road"},"geometry":{"type":"MultiLineString","coordinates":[[[18.49074,64.052101],[18.548596,64.047718],[18.625737,64.02668],[18.714274,64.015284],[18.751092,64.000382],[18.815961,63.993369],[18.866804,63.965317],[18.974626,63.93113],[19.016703,63.92324],[19.119266,63.918857],[19.166603,63.909215],[19.223582,63.913598]]]}},{"type":"Feature","properties":{"kind":"road"},"geometry":{"type":"MultiLineString","coordinates":[[[24.559477,64.053855],[24.449901,64.063497],[24.37539,64.032816],[24.300879,63.993369],[24.228997,63.971454],[24.196563,63.952168],[24.191303,63.944279],[24.136953,63.927623],[24.117668,63.912721],[24.116791,63.906585]]]}},{"type":"Feature","properties":{"kind":"road"},"geometry":{"type":"MultiLineString","coordinates":[[[23.890627,63.897819],[23.964262,63.903955],[24.116791,63.906585]]]}},{"type":"Feature","properties":{"kind":"road"},"geometry":{"type":"MultiLineString","coordinates":[[[13.643991,64.461476],[13.74217,64.45534],[13.874538,64.466736],[13.953432,64.488651],[13.955185,64.506183],[13.963075,64.514949],[13.995509,64.516702],[14.046352,64.502676],[14.091936,64.49917],[14.130506,64.514949],[14.155928,64.514949],[14.184856,64.508813],[14.192745,64.49128],[14.237452,64.477255],[14.302321,64.443944],[14.36193,64.433425],[14.392611,64.413263],[14.459233,64.409756],[14.514459,64.422029],[14.576698,64.401867],[14.662606,64.395731],[14.686274,64.388718],[14.696793,64.374692],[14.719585,64.373815],[14.745883,64.36242],[14.83179,64.368556],[14.876497,64.35453],[14.940489,64.363296],[15.000099,64.353653],[15.047435,64.365926],[15.076363,64.367679],[15.098278,64.358913],[15.165777,64.356283],[15.256944,64.320342],[15.341098,64.312453],[15.430512,64.26687],[15.438401,64.254597],[15.468206,64.236188],[15.588301,64.211643],[15.633884,64.195865],[15.665442,64.172196],[15.68648,64.145021],[15.603203,64.105574],[15.590054,64.088042],[15.573398,64.048595],[15.573398,64.02931],[15.54447,63.997752],[15.538334,63.964441],[15.60145,63.897819],[15.621612,63.883793]]]}},{"type":"Feature","properties":{"kind":"road"},"geometry":{"type":"MultiLineString","coordinates":[[[19.801265,63.922364],[19.788116,63.906585],[19.755681,63.885546],[19.735519,63.88204],[19.675034,63.908338],[19.631203,63.918857],[19.560198,63.921487],[19.476044,63.932006],[19.433967,63.934636],[19.398903,63.926747],[19.34543,63.93113],[19.262153,63.919734]]]}},{"type":"Feature","properties":{"kind":"road"},"geometry":{"type":"MultiLineString","coordinates":[[[24.939047,63.930253],[24.861906,63.902202],[24.819829,63.893436],[24.804926,63.882917],[24.740934,63.869767],[24.70061,63.869767],[24.625222,63.880287],[24.524413,63.907461],[24.395552,63.917981],[24.318411,63.907461],[24.168511,63.910968],[24.116791,63.906585]]]}},{"type":"Feature","properties":{"kind":"road"},"geometry":{"type":"MultiLineString","coordinates":[[[15.621612,63.883793],[15.60145,63.863631]]]}},{"type":"Feature","properties":{"kind":"road"},"geometry":{"type":"MultiLineString","coordinates":[[[23.362034,63.865384],[23.398852,63.860125],[23.450572,63.860125],[23.514564,63.870644],[23.710047,63.875027],[23.890627,63.897819]]]}},{"type":"Feature","properties":{"kind":"road"},"geometry":{"type":"MultiLineString","coordinates":[[[17.339758,63.924117],[17.301187,63.913598],[17.269629,63.882917],[17.217033,63.853989],[17.211773,63.846976],[17.217909,63.826814],[17.208267,63.811035],[17.179339,63.804899],[17.066257,63.799639],[17.036452,63.78912],[17.023303,63.772464],[17.009277,63.733017],[16.983856,63.714608],[16.961064,63.708472],[16.914604,63.705842]]]}},{"type":"Feature","properties":{"kind":"road"},"geometry":{"type":"MultiLineString","coordinates":[[[19.262153,63.919734],[19.284068,63.909215],[19.280561,63.882917],[19.29634,63.867138],[19.291957,63.852235],[19.310366,63.839963],[19.295464,63.825061],[19.327021,63.800516],[19.326145,63.782984],[19.398026,63.68831],[19.417312,63.656752],[19.419065,63.626948],[19.469908,63.582241]]]}},{"type":"Feature","properties":{"kind":"road"},"geometry":{"type":"MultiLineString","coordinates":[[[15.60145,63.863631],[15.660182,63.841716],[15.689987,63.825061],[15.704012,63.811035],[15.739953,63.804022],[15.764498,63.790873],[15.767128,63.774218],[15.761868,63.761945],[15.775894,63.749673],[15.83112,63.735647],[15.922287,63.722498],[15.990662,63.690063],[16.194911,63.606786],[16.239618,63.602403],[16.270299,63.608539],[16.330785,63.60065],[16.347441,63.593637],[16.386888,63.59276],[16.40179,63.582241],[16.488574,63.555066]]]}},{"type":"Feature","properties":{"kind":"road"},"geometry":{"type":"MultiLineString","coordinates":[[[23.890627,63.897819],[23.958126,63.88204],[24.116791,63.857495],[24.148349,63.833827],[24.174647,63.796133],[24.235133,63.776847],[24.257925,63.760192],[24.270197,63.746166],[24.292989,63.701459],[24.409578,63.613799],[24.562983,63.555066],[24.643631,63.540164]]]}},{"type":"Feature","properties":{"kind":"road"},"geometry":{"type":"MultiLineString","coordinates":[[[13.489708,63.36309],[13.480942,63.373609],[13.46078,63.385005],[13.427469,63.397277],[13.422209,63.406043],[13.436235,63.434971],[13.436235,63.443737],[13.408184,63.465653],[13.295102,63.487568],[13.270557,63.488444],[13.249518,63.496334],[13.235493,63.513866],[13.218837,63.521755],[13.190786,63.526138],[13.18202,63.534904],[13.160105,63.54367],[13.091729,63.557696],[13.089976,63.573475],[13.133806,63.576981],[13.148709,63.59276],[13.23111,63.591884],[13.249518,63.594513],[13.263544,63.605033],[13.260038,63.626948],[13.226727,63.631331],[13.143449,63.654999],[13.139943,63.663765],[13.124164,63.670778],[13.119781,63.681297],[13.101372,63.687434],[13.069814,63.68831],[12.966375,63.704966],[12.940953,63.700583],[12.894493,63.683051],[12.871701,63.681297],[12.828748,63.700583],[12.647291,63.716362],[12.616609,63.73214],[12.589435,63.736523],[12.551741,63.733894],[12.521936,63.743536],[12.471093,63.731264],[12.468463,63.711979],[12.457944,63.705842],[12.372913,63.702336],[12.355381,63.69357],[12.266844,63.680421],[12.272104,63.659382],[12.255448,63.648863],[12.218631,63.640974],[12.134477,63.648863],[12.116944,63.663765],[12.085387,63.669025],[12.016135,63.666395],[11.94776,63.671655],[11.865359,63.726881],[11.66111,63.758439],[11.607637,63.762822],[11.55767,63.778601],[11.544521,63.790873],[11.5191,63.804022]]]}},{"type":"Feature","properties":{"kind":"road"},"geometry":{"type":"MultiLineString","coordinates":[[[14.090183,64.112587],[14.104208,64.109957],[14.144532,64.084536],[14.190992,64.074893],[14.193622,64.056484],[14.216414,64.043335],[14.210277,64.030186],[14.240082,64.017914],[14.232193,64.009148],[14.234822,63.993369],[14.167324,63.992492],[14.155051,63.987233],[14.149792,63.97496],[14.199758,63.940772],[14.190992,63.922364],[14.193622,63.908338],[14.204141,63.897819],[14.22781,63.885546],[14.340015,63.854865],[14.3593,63.83558],[14.397871,63.812788],[14.404007,63.804899],[14.396994,63.790873],[14.372449,63.785613],[14.358424,63.769834],[14.289172,63.760192],[14.262874,63.74266],[14.267257,63.728634],[14.295308,63.701459],[14.309334,63.676038],[14.333879,63.663765],[14.340015,63.652369],[14.368943,63.642727],[14.374203,63.629578],[14.322483,63.601526],[14.311964,63.584871],[14.333002,63.562079],[14.319853,63.54893],[14.283036,63.540164],[14.237452,63.520879],[14.21466,63.488444],[14.210277,63.470036],[14.218167,63.441984],[14.254108,63.420946],[14.397871,63.392018],[14.409267,63.378869],[14.453097,63.367473],[14.477642,63.35257],[14.492544,63.328902]]]}},{"type":"Feature","properties":{"kind":"road"},"geometry":{"type":"MultiLineString","coordinates":[[[25.0,63.377413],[24.94869,63.379745],[24.937294,63.388511],[24.939924,63.413056],[24.885574,63.441108],[24.819829,63.446367],[24.805803,63.456886],[24.792654,63.459516],[24.736551,63.463023],[24.719019,63.482308],[24.65941,63.495457],[24.660287,63.50773],[24.643631,63.540164]]]}},{"type":"Feature","properties":{"kind":"road"},"geometry":{"type":"MultiLineString","coordinates":[[[16.914604,63.705842],[16.869897,63.700583],[16.857625,63.695323],[16.843599,63.676038],[16.857625,63.64711],[16.886553,63.628701],[16.887429,63.59802],[16.905838,63.582241],[16.896195,63.532275],[16.906715,63.49984],[16.959311,63.455133],[17.010154,63.427959],[17.038205,63.379745],[17.047848,63.372732],[17.202131,63.335038],[17.248591,63.317506],[17.272259,63.303481],[17.279272,63.294715],[17.262616,63.26228],[17.284531,63.21056],[17.315213,63.17462],[17.30031,63.160594]]]}},{"type":"Feature","properties":{"kind":"road"},"geometry":{"type":"MultiLineString","coordinates":[[[17.30031,63.160594],[17.242454,63.17199],[17.097815,63.180756],[17.074146,63.168483],[17.048725,63.145692]]]}},{"type":"Feature","properties":{"kind":"road"},"geometry":{"type":"MultiLineString","coordinates":[[[16.488574,63.555066],[16.525391,63.529645],[16.535034,63.516496],[16.534157,63.498087],[16.542924,63.488444],[16.585877,63.469159],[16.593767,63.459516],[16.59026,63.417439],[16.599026,63.402537],[16.702466,63.317506],[16.773471,63.281565],[16.839216,63.271923],[16.88217,63.257897],[16.981226,63.179879],[17.048725,63.145692]]]}},{"type":"Feature","properties":{"kind":"road"},"geometry":{"type":"MultiLineString","coordinates":[[[16.414939,63.139555],[16.341304,63.171113],[16.298351,63.176373],[16.25452,63.175496],[16.216826,63.168483],[16.066927,63.165854],[15.952092,63.199165],[15.826737,63.182509],[15.763622,63.178126],[15.640897,63.181632],[15.603203,63.178126],[15.586547,63.17199],[15.40509,63.191275],[15.158764,63.197411],[14.851076,63.21845],[14.782701,63.217573],[14.712572,63.203548]]]}},{"type":"Feature","properties":{"kind":"road"},"geometry":{"type":"MultiLineString","coordinates":[[[21.642135,63.094849],[21.66668,63.094849]]]}},{"type":"Feature","properties":{"kind":"road"},"geometry":{"type":"MultiLineString","coordinates":[[[17.048725,63.145692],[17.032946,63.1229],[17.032069,63.105368],[17.017167,63.095725],[16.954051,63.082576],[16.904085,63.080823],[16.805905,63.051895],[16.728764,63.041376],[16.689317,63.020337]]]}},{"type":"Feature","properties":{"kind":"road"},"geometry":{"type":"MultiLineString","coordinates":[[[16.414939,63.139555],[16.441237,63.12027],[16.49471,63.110627],[16.5438,63.093095],[16.579741,63.07118],[16.661265,63.045759],[16.689317,63.020337]]]}},{"type":"Feature","properties":{"kind":"road"},"geometry":{"type":"MultiLineString","coordinates":[[[24.568243,63.040499],[24.61295,63.025597],[24.698857,63.017707]]]}},{"type":"Feature","properties":{"kind":"road"},"geometry":{"type":"MultiLineString","coordinates":[[[10.0,63.33696],[10.056046,63.338545],[10.075331,63.335038],[10.099,63.321013],[10.133187,63.321013],[10.187537,63.302604],[10.245393,63.306987],[10.294483,63.323643],[10.32604,63.325396]]]}},{"type":"Feature","properties":{"kind":"road"},"geometry":{"type":"MultiLineString","coordinates":[[[17.822767,62.878327],[17.812248,62.891476],[17.811371,62.901995],[17.801728,62.911638],[17.761405,62.936183],[17.710562,62.958098],[17.653582,62.966864],[17.619395,62.98352],[17.619395,62.989656],[17.658842,63.029103],[17.653582,63.044005],[17.634297,63.057155],[17.575564,63.080823],[17.520338,63.094849],[17.480014,63.115887],[17.328362,63.144815],[17.30031,63.160594]]]}},{"type":"Feature","properties":{"kind":"road"},"geometry":{"type":"MultiLineString","coordinates":[[[22.840454,62.785407],[22.841331,62.812582],[22.822046,62.835373],[22.777339,62.861672],[22.587116,62.924787],[22.494195,62.942319]]]}},{"type":"Feature","properties":{"kind":"road"},"geometry":{"type":"MultiLineString","coordinates":[[[22.840454,62.785407],[22.772956,62.774011],[22.757177,62.766998],[22.738768,62.752096],[22.738768,62.746836],[22.690555,62.720538],[22.62481,62.695993],[22.496825,62.661806],[22.479293,62.648657],[22.475787,62.637261]]]}},{"type":"Feature","properties":{"kind":"road"},"geometry":{"type":"MultiLineString","coordinates":[[[23.679366,63.015078],[23.676736,63.006311],[23.619756,62.995792],[23.591705,62.977383],[23.508428,62.948456],[23.490895,62.93443],[23.488266,62.92654],[23.488266,62.889723],[23.511057,62.867808],[23.507551,62.846769],[23.528589,62.835373],[23.535602,62.801186],[23.554011,62.775764],[23.544368,62.717908],[23.570666,62.686351],[23.555764,62.668819],[23.554888,62.652163],[23.610114,62.618852],[23.618003,62.602197],[23.61362,62.586418]]]}},{"type":"Feature","properties":{"kind":"road"},"geometry":{"type":"MultiLineString","coordinates":[[[10.310261,63.044005],[10.350585,63.018584],[10.379513,63.012448],[10.461914,63.011571],[10.51451,62.992286],[10.582009,62.976507],[10.623209,62.951962],[10.653891,62.945826],[10.683695,62.949332],[10.730155,62.970371],[10.864276,62.973],[10.969468,63.001052],[11.066772,62.974754],[11.104466,62.973],[11.156185,62.944949],[11.160568,62.936183],[11.175471,62.927417],[11.230697,62.900242],[11.219301,62.887093],[11.218424,62.869561],[11.240339,62.863425],[11.251735,62.843263],[11.270144,62.837127],[11.370954,62.824854],[11.382349,62.813458],[11.384103,62.788913],[11.451601,62.724921],[11.453354,62.717032],[11.435822,62.679338],[11.429686,62.653916],[11.435822,62.638137],[11.480529,62.584664]]]}},{"type":"Feature","properties":{"kind":"road"},"geometry":{"type":"MultiLineString","coordinates":[[[23.61362,62.586418],[23.576803,62.582035],[23.455831,62.589047],[23.321711,62.575022],[23.100806,62.572392],[23.035937,62.553107],[22.966686,62.555736],[22.752794,62.551353]]]}},{"type":"Feature","properties":{"kind":"road"},"geometry":{"type":"MultiLineString","coordinates":[[[23.61362,62.586418],[23.635535,62.591677],[23.694268,62.589924],[23.726702,62.59606],[23.806473,62.630248],[23.838908,62.628495],[23.95462,62.613592],[24.018612,62.587294],[24.121174,62.558366],[24.202699,62.5496],[24.2851,62.526808],[24.306138,62.525932],[24.365747,62.536451],[24.397305,62.551353],[24.555971,62.568009],[24.645384,62.59343],[24.795284,62.612716],[24.849633,62.631124],[24.927651,62.637261],[24.962715,62.64515],[25.0,62.641242]]]}},{"type":"Feature","properties":{"kind":"road"},"geometry":{"type":"MultiLineString","coordinates":[[[22.752794,62.551353],[22.746658,62.519796]]]}},{"type":"Feature","properties":{"kind":"road"},"geometry":{"type":"MultiLineString","coordinates":[[[22.72036,62.533821],[22.746658,62.519796]]]}},{"type":"Feature","properties":{"kind":"road"},"geometry":{"type":"MultiLineString","coordinates":[[[11.480529,62.584664],[11.466504,62.577652],[11.459491,62.564503],[11.402511,62.54697],[11.398128,62.523302],[11.385856,62.510153],[11.32274,62.495251]]]}},{"type":"Feature","properties":{"kind":"road"},"geometry":{"type":"MultiLineString","coordinates":[[[22.475787,62.637261],[22.450365,62.60658],[22.442476,62.589047],[22.410918,62.566256],[22.349556,62.541711],[22.337283,62.501387],[22.319751,62.473336],[22.271538,62.45405]]]}},{"type":"Feature","properties":{"kind":"road"},"geometry":{"type":"MultiLineString","coordinates":[[[21.441393,62.431259],[21.531683,62.448791],[21.66405,62.482102],[21.687719,62.480348],[21.772749,62.490868],[22.183877,62.463693],[22.271538,62.45405]]]}},{"type":"Feature","properties":{"kind":"road"},"geometry":{"type":"MultiLineString","coordinates":[[[15.838133,62.568009],[15.803069,62.556613],[15.711025,62.548724],[15.672455,62.533821],[15.615475,62.525055],[15.567262,62.504017],[15.551483,62.487361],[15.531321,62.478595],[15.510283,62.452297],[15.512036,62.433012],[15.526938,62.41548]]]}},{"type":"Feature","properties":{"kind":"road"},"geometry":{"type":"MultiLineString","coordinates":[[[16.689317,63.020337],[16.716491,63.000175],[16.726134,62.98615],[16.727887,62.965111],[16.757692,62.935306],[16.74279,62.912515],[16.705972,62.88008],[16.712108,62.866055],[16.726134,62.847646],[16.741036,62.802939],[16.812918,62.759985],[16.822561,62.746836],[16.82519,62.714402],[16.952298,62.670572],[16.958434,62.660929],[17.014537,62.64252],[17.035576,62.631124],[17.133755,62.59869],[17.191611,62.547847],[17.189858,62.524179],[17.202131,62.492621],[17.214403,62.479472],[17.227552,62.444408],[17.240701,62.425122],[17.275765,62.413726]]]}},{"type":"Feature","properties":{"kind":"road"},"geometry":{"type":"MultiLineString","coordinates":[[[13.778988,62.411973],[13.743047,62.424246],[13.679055,62.434765],[13.565096,62.435642],[13.459027,62.41022],[13.317893,62.418109],[13.182896,62.45668],[13.125917,62.463693],[13.110138,62.462816],[13.069814,62.446161],[13.020724,62.449667],[12.966375,62.433012],[12.931311,62.432135],[12.912902,62.427752],[12.897123,62.411973],[12.879591,62.40759],[12.831378,62.419863],[12.788424,62.423369],[12.772645,62.434765],[12.729691,62.434765],[12.713913,62.443531],[12.711283,62.468953],[12.572779,62.544341],[12.506157,62.563626],[12.467587,62.564503],[12.437782,62.558366],[12.336096,62.553983],[12.311551,62.560996],[12.249312,62.594307],[12.208988,62.605703],[12.148502,62.634631],[12.106425,62.64252],[12.03805,62.638137],[11.926721,62.65304],[11.914449,62.643397],[11.919708,62.60132],[11.916202,62.590801],[11.880261,62.585541],[11.779452,62.591677],[11.690914,62.615346],[11.646208,62.614469],[11.605007,62.600443],[11.575203,62.596937],[11.505951,62.59606],[11.480529,62.584664]]]}},{"type":"Feature","properties":{"kind":"road"},"geometry":{"type":"MultiLineString","coordinates":[[[17.275765,62.413726],[17.326608,62.40496]]]}},{"type":"Feature","properties":{"kind":"road"},"geometry":{"type":"MultiLineString","coordinates":[[[21.268702,62.365513],[21.273961,62.386552],[21.309025,62.403207],[21.355485,62.404084],[21.441393,62.431259]]]}},{"type":"Feature","properties":{"kind":"road"},"geometry":{"type":"MultiLineString","coordinates":[[[10.061306,62.745083],[10.120915,62.724045],[10.18929,62.713525],[10.209452,62.69687],[10.212082,62.686351],[10.240133,62.660052],[10.305878,62.640767],[10.335683,62.623235],[10.342696,62.610086],[10.410194,62.564503],[10.454025,62.525055],[10.472433,62.50051],[10.47857,62.45142],[10.494348,62.41285],[10.532042,62.399701],[10.574996,62.391811],[10.619703,62.373403],[10.655644,62.376032],[10.670546,62.368143],[10.717883,62.364637],[10.780998,62.340968],[10.802037,62.321683],[10.79853,62.306781],[10.779245,62.292755]]]}},{"type":"Feature","properties":{"kind":"road"},"geometry":{"type":"MultiLineString","coordinates":[[[11.32274,62.495251],[11.239463,62.50051],[11.214918,62.496127],[11.182483,62.471582],[11.086934,62.432135],[11.039597,62.418109],[11.002779,62.399701],[10.937911,62.378662],[10.906353,62.362007],[10.889697,62.332202],[10.862523,62.323436],[10.838854,62.300644],[10.822199,62.293632],[10.779245,62.292755]]]}},{"type":"Feature","properties":{"kind":"road"},"geometry":{"type":"MultiLineString","coordinates":[[[23.61362,62.586418],[23.605731,62.569762],[23.608361,62.559243],[23.626769,62.539081],[23.629399,62.524179],[23.599594,62.490868],[23.593458,62.468953],[23.615373,62.452297],[23.618003,62.435642],[23.612744,62.425122],[23.641672,62.390058],[23.632905,62.373403],[23.611867,62.3585],[23.607484,62.344475],[23.618003,62.330449],[23.674983,62.295385],[23.698651,62.272593]]]}},{"type":"Feature","properties":{"kind":"road"},"geometry":{"type":"MultiLineString","coordinates":[[[13.778988,62.411973],[13.827201,62.394441],[13.84298,62.378662],[13.84298,62.362007],[13.833337,62.346228],[13.831584,62.330449],[13.839473,62.313793],[13.888563,62.276976],[13.890317,62.26558],[13.913985,62.227886],[13.916615,62.191069],[13.931517,62.163017],[13.963951,62.161264],[14.014794,62.148992],[14.066514,62.149868],[14.110344,62.137596],[14.190116,62.136719],[14.257614,62.109544],[14.321606,62.066591],[14.362807,62.057825],[14.383845,62.049059],[14.393488,62.039416]]]}},{"type":"Feature","properties":{"kind":"road"},"geometry":{"type":"MultiLineString","coordinates":[[[14.68978,62.062208],[14.703806,62.047306],[14.737994,62.03065],[14.753773,62.02802],[14.797603,62.02802],[14.980813,62.006105],[15.103538,61.996462],[15.163147,61.992956],[15.279736,61.995586],[15.299021,61.991203]]]}},{"type":"Feature","properties":{"kind":"road"},"geometry":{"type":"MultiLineString","coordinates":[[[11.32274,62.495251],[11.318357,62.483855],[11.394622,62.475089],[11.420043,62.46457],[11.455984,62.436518],[11.484912,62.404084],[11.485789,62.383045],[11.507704,62.359377],[11.567313,62.341845],[11.599747,62.340968],[11.735621,62.302398],[11.743511,62.294508],[11.75403,62.258567],[11.788218,62.240159],[11.796984,62.21649],[11.743511,62.191945],[11.729485,62.177043],[11.728608,62.161264],[11.722472,62.149868],[11.667246,62.118311],[11.674259,62.085],[11.69968,62.058701],[11.69968,62.026267],[11.720719,62.006105],[11.776822,61.972794],[11.772439,61.946496],[11.758413,61.918445],[11.768056,61.901789],[11.809256,61.88864],[11.832048,61.896529],[11.853963,61.915815],[11.889027,61.921951],[11.960032,61.911432],[12.025778,61.908802],[12.08451,61.897406]]]}},{"type":"Feature","properties":{"kind":"road"},"geometry":{"type":"MultiLineString","coordinates":[[[21.589539,62.276976],[21.591292,62.257691],[21.598305,62.250678],[21.650025,62.235776],[21.700868,62.238405],[21.72366,62.234899],[21.777132,62.218243],[21.807814,62.191945],[21.86041,62.17792],[21.990148,62.112174],[22.076931,62.055195],[22.169852,62.045552],[22.270661,62.002599],[22.280304,61.992079],[22.238227,61.969288],[22.261895,61.942113],[22.268031,61.925457],[22.294329,61.903542],[22.307479,61.88338],[22.385496,61.829031]]]}},{"type":"Feature","properties":{"kind":"road"},"geometry":{"type":"MultiLineString","coordinates":[[[15.526938,62.41548],[15.556743,62.384798],[15.643527,62.327819],[15.668072,62.296261],[15.654046,62.254184],[15.64002,62.241912],[15.640897,62.223503],[15.654046,62.205971],[15.685604,62.187562],[15.741707,62.169154],[15.767128,62.149868],[15.893359,62.090259],[15.92667,62.066591],[15.943326,62.046429],[15.92667,62.028897],[15.865308,62.013118],[15.853035,62.004352],[15.852159,61.988573],[15.871444,61.973671],[15.88284,61.954385],[15.883717,61.927211],[15.889853,61.914062],[15.916151,61.894776],[15.996799,61.867601],[16.023097,61.843933],[16.090595,61.83429],[16.122153,61.817635]]]}},{"type":"Feature","properties":{"kind":"road"},"geometry":{"type":"MultiLineString","coordinates":[[[16.550813,61.800979],[16.493834,61.810622],[16.431595,61.813252],[16.356207,61.808869],[16.156341,61.831661],[16.122153,61.817635]]]}},{"type":"Feature","properties":{"kind":"road"},"geometry":{"type":"MultiLineString","coordinates":[[[15.299021,61.991203],[15.327949,61.979807],[15.350741,61.956139],[15.377039,61.938606],[15.403337,61.930717],[15.449797,61.928087],[15.5059,61.931594],[15.576905,61.916691],[15.607586,61.915815],[15.654923,61.88864],[15.724174,61.869355],[15.757485,61.813252],[15.797809,61.796596],[15.871444,61.792213],[16.122153,61.817635]]]}},{"type":"Feature","properties":{"kind":"road"},"geometry":{"type":"MultiLineString","coordinates":[[[23.793324,62.269963],[23.814363,62.219997],[23.85381,62.197205],[23.849427,62.186686],[23.892381,62.161264],[23.943224,62.114804],[24.008969,62.042046],[24.013352,62.006105],[24.020365,61.992956],[24.134324,61.942113],[24.139583,61.925457],[24.120298,61.900912],[24.122051,61.8939],[24.182537,61.879874],[24.206205,61.868478],[24.217601,61.850069],[24.284223,61.828154],[24.297372,61.794843],[24.289483,61.761532],[24.292989,61.74137],[24.313151,61.727345]]]}},{"type":"Feature","properties":{"kind":"road"},"geometry":{"type":"MultiLineString","coordinates":[[[16.550813,61.800979],[16.613052,61.776435],[16.663018,61.765039],[16.842722,61.737864],[16.940902,61.723838],[17.097815,61.722085]]]}},{"type":"Feature","properties":{"kind":"road"},"geometry":{"type":"MultiLineString","coordinates":[[[12.08451,61.897406],[12.167788,61.895653],[12.238793,61.886887],[12.258078,61.881627],[12.267721,61.870231],[12.261584,61.850946],[12.267721,61.845686],[12.407101,61.812375],[12.55437,61.823771],[12.586805,61.838673],[12.599954,61.858835],[12.707776,61.875491],[12.758619,61.872861],[12.870825,61.855329],[12.919915,61.838673],[12.909395,61.785201],[12.916408,61.775558],[12.953226,61.754519],[12.986537,61.722962],[13.040886,61.70017],[13.129423,61.69754]]]}},{"type":"Feature","properties":{"kind":"road"},"geometry":{"type":"MultiLineString","coordinates":[[[24.313151,61.727345],[24.315781,61.722962],[24.306138,61.709813],[24.330683,61.69228]]]}},{"type":"Feature","properties":{"kind":"road"},"geometry":{"type":"MultiLineString","coordinates":[[[23.633782,61.507317],[23.66534,61.50644]]]}},{"type":"Feature","properties":{"kind":"road"},"geometry":{"type":"MultiLineString","coordinates":[[[23.633782,61.507317],[23.352392,61.502057],[23.300672,61.495044],[23.194603,61.499427],[23.053469,61.490661]]]}},{"type":"Feature","properties":{"kind":"road"},"geometry":{"type":"MultiLineString","coordinates":[[[22.385496,61.829031],[22.441599,61.776435],[22.500332,61.757149],[22.514357,61.748383],[22.559941,61.684391],[22.559064,61.666859],[22.582733,61.618646],[22.612537,61.598484],[22.66338,61.578322],[22.71247,61.566926],[22.745781,61.564296],[22.814156,61.549394],[22.861493,61.547641],[22.894804,61.537121],[22.941264,61.534492],[23.002626,61.51433],[23.053469,61.490661]]]}},{"type":"Feature","properties":{"kind":"road"},"geometry":{"type":"MultiLineString","coordinates":[[[23.053469,61.490661],[22.868506,61.490661],[22.767696,61.474882],[22.708087,61.478389],[22.571337,61.464363],[22.385496,61.466993],[22.337283,61.458227],[22.213682,61.45998],[22.112872,61.453844],[22.00505,61.460857],[21.941934,61.45998],[21.829729,61.431929]]]}},{"type":"Feature","properties":{"kind":"road"},"geometry":{"type":"MultiLineString","coordinates":[[[15.835503,61.395111],[15.802192,61.395111],[15.684727,61.36706],[15.587424,61.36706]]]}},{"type":"Feature","properties":{"kind":"road"},"geometry":{"type":"MultiLineString","coordinates":[[[16.122153,61.817635],[16.138809,61.79309],[16.137932,61.779064],[16.126536,61.763285],[16.127413,61.748383],[16.151958,61.725591],[16.148451,61.708059],[16.136179,61.695787],[16.134426,61.679131],[16.141438,61.665982],[16.1616,61.64582],[16.194911,61.633548],[16.276436,61.616892],[16.286078,61.610756],[16.295721,61.594977],[16.294844,61.584458],[16.30361,61.573062],[16.343934,61.548517],[16.344811,61.537121],[16.334292,61.523096],[16.338675,61.50644],[16.357083,61.491538],[16.350947,61.46524],[16.36322,61.442448],[16.364096,61.424916],[16.347441,61.403001],[16.347441,61.384592],[16.367603,61.365307]]]}},{"type":"Feature","properties":{"kind":"road"},"geometry":{"type":"MultiLineString","coordinates":[[[16.367603,61.365307],[16.291338,61.360924],[16.231729,61.350404],[16.180009,61.353034],[16.079199,61.37232],[15.992416,61.371443],[15.87758,61.392482],[15.835503,61.395111]]]}},{"type":"Feature","properties":{"kind":"road"},"geometry":{"type":"MultiLineString","coordinates":[[[12.08451,61.897406],[12.042433,61.851823],[12.030161,61.846563],[11.972305,61.840427],[11.946006,61.827278],[11.938117,61.815005],[11.938994,61.804486],[11.961785,61.786077],[11.980194,61.752766],[12.017012,61.727345],[12.071361,61.662476],[12.101166,61.584458],[12.124834,61.557283],[12.131847,61.537121],[12.145872,61.516083],[12.159898,61.507317],[12.160775,61.495921],[12.1748,61.480142],[12.181813,61.456474],[12.175677,61.423163],[12.204605,61.398618],[12.260708,61.366183],[12.269474,61.331996],[12.293142,61.307451],[12.328206,61.291672]]]}},{"type":"Feature","properties":{"kind":"road"},"geometry":{"type":"MultiLineString","coordinates":[[[13.129423,61.69754],[13.138189,61.695787],[13.180266,61.661599],[13.221467,61.644944],[13.230233,61.637054],[13.243382,61.608126],[13.285459,61.587964],[13.366983,61.519589],[13.400294,61.505564],[13.417826,61.481019],[13.486202,61.40826],[13.530908,61.374949],[13.593147,61.338132],[13.69571,61.307451],[13.719379,61.295178],[13.778988,61.289042],[13.885934,61.303068],[13.924504,61.303068],[13.950802,61.296932],[13.986743,61.296932],[14.040216,61.286412],[14.051612,61.280276]]]}},{"type":"Feature","properties":{"kind":"road"},"geometry":{"type":"MultiLineString","coordinates":[[[13.129423,61.69754],[13.139943,61.678255],[13.13293,61.665982],[13.139066,61.644067],[13.12767,61.602867],[13.140819,61.581828],[13.122411,61.5529],[13.120657,61.530985],[13.125917,61.518713],[13.125917,61.493291],[13.150462,61.453844],[13.149585,61.444201],[13.122411,61.399494],[13.121534,61.389852],[13.103125,61.376703],[13.104878,61.367937],[13.129423,61.350404],[13.122411,61.332872],[13.162734,61.321476],[13.194292,61.298685],[13.233739,61.283782],[13.268804,61.233816],[13.264421,61.218037],[13.281953,61.204888],[13.290719,61.189109],[13.288965,61.177713]]]}},{"type":"Feature","properties":{"kind":"road"},"geometry":{"type":"MultiLineString","coordinates":[[[12.328206,61.291672],[12.337849,61.302191],[12.358011,61.303068],[12.372037,61.294302],[12.403594,61.292549],[12.460574,61.298685],[12.500021,61.297808],[12.56226,61.273263],[12.658686,61.255731],[12.673589,61.256608],[12.686738,61.248718],[12.694627,61.216284],[12.707776,61.204888],[12.788424,61.175083],[12.873455,61.196122],[12.898,61.194369],[12.946213,61.203135],[12.996179,61.200505],[13.022478,61.204888],[13.045269,61.201382],[13.121534,61.172454],[13.149585,61.17596],[13.170624,61.188233],[13.256531,61.183849],[13.288965,61.177713]]]}},{"type":"Feature","properties":{"kind":"road"},"geometry":{"type":"MultiLineString","coordinates":[[[15.587424,61.36706],[15.529568,61.357417],[15.506776,61.342515],[15.506776,61.331119],[15.519049,61.31271],[15.526938,61.282906],[15.489244,61.27151],[15.472589,61.262744],[15.471712,61.256608],[15.455057,61.249595],[15.435771,61.23031],[15.385805,61.204888],[15.356877,61.196999],[15.253437,61.182096],[15.17279,61.176837],[15.11844,61.163688],[15.008865,61.186479],[14.885263,61.196999],[14.811629,61.197875],[14.724845,61.190862],[14.674002,61.177713]]]}},{"type":"Feature","properties":{"kind":"road"},"geometry":{"type":"MultiLineString","coordinates":[[[14.051612,61.280276],[14.065638,61.263621],[14.095442,61.241705],[14.12437,61.233816],[14.155051,61.216284],[14.17083,61.200505],[14.226933,61.169824],[14.246218,61.154045]]]}},{"type":"Feature","properties":{"kind":"road"},"geometry":{"type":"MultiLineString","coordinates":[[[16.367603,61.365307],[16.435978,61.3206],[16.54906,61.27414],[16.559579,61.260991],[16.563085,61.239952],[16.580618,61.22505],[16.640227,61.214531],[16.718245,61.212777],[16.753309,61.205765],[16.792756,61.18122],[16.904085,61.162811],[16.933889,61.151415],[16.957558,61.13213],[16.979473,61.104955]]]}},{"type":"Feature","properties":{"kind":"road"},"geometry":{"type":"MultiLineString","coordinates":[[[24.104519,61.438942],[24.22812,61.383715],[24.292989,61.327613],[24.368377,61.283782],[24.431493,61.263621],[24.452531,61.249595],[24.456914,61.235569],[24.510387,61.216284],[24.541945,61.186479],[24.593665,61.162811],[24.632235,61.153168],[24.696227,61.148785],[24.770739,61.133883],[24.865412,61.097942]]]}},{"type":"Feature","properties":{"kind":"road"},"geometry":{"type":"MultiLineString","coordinates":[[[13.390652,61.07515],[13.374873,61.08041],[13.37049,61.090929],[13.328413,61.133006],[13.326659,61.154045],[13.310004,61.168947],[13.288965,61.177713]]]}},{"type":"Feature","properties":{"kind":"road"},"geometry":{"type":"MultiLineString","coordinates":[[[14.246218,61.154045],[14.233069,61.140896],[14.192745,61.120734],[14.148038,61.117228],[13.98499,61.149662],[13.961322,61.147032],[13.93327,61.136513],[13.815805,61.118104],[13.756196,61.099695],[13.655386,61.093559],[13.601913,61.098819],[13.550194,61.090929],[13.494968,61.090929],[13.440618,61.076027],[13.390652,61.07515]]]}},{"type":"Feature","properties":{"kind":"road"},"geometry":{"type":"MultiLineString","coordinates":[[[14.246218,61.154045],[14.27427,61.150539],[14.375956,61.103202],[14.476765,61.071644],[14.531991,61.041839],[14.581081,61.033073]]]}},{"type":"Feature","properties":{"kind":"road"},"geometry":{"type":"MultiLineString","coordinates":[[[12.328206,61.291672],[12.285253,61.244335],[12.251942,61.235569],[12.166911,61.191739],[12.088893,61.139143],[12.003862,61.114598],[11.974058,61.086546],[11.953019,61.076904],[11.89867,61.065508],[11.874125,61.040963],[11.819775,61.029567],[11.782081,60.995379],[11.750524,60.974341],[11.737374,60.956809],[11.7102,60.934017],[11.588352,60.884051]]]}},{"type":"Feature","properties":{"kind":"road"},"geometry":{"type":"MultiLineString","coordinates":[[[10.779245,62.292755],[10.731908,62.285742],[10.668793,62.254184],[10.65652,62.230516],[10.654767,62.207724],[10.623209,62.182303],[10.61269,62.164771],[10.618826,62.148992],[10.639865,62.134089],[10.669669,62.119187],[10.788011,62.085876],[10.814309,62.061331],[10.906353,62.029773],[10.926515,62.014871],[10.951936,62.005228],[10.966839,61.98419],[10.958949,61.971041],[10.967715,61.958768],[10.972975,61.9351],[10.954566,61.904419],[10.959826,61.893023],[10.990507,61.866725],[10.98963,61.849193],[10.933528,61.814129],[10.930021,61.786077],[10.89671,61.74663],[10.854633,61.724715],[10.856386,61.707183],[10.884438,61.686144],[10.889697,61.667736],[10.888821,61.632671],[10.902846,61.610756],[10.930021,61.59673],[10.979111,61.586211],[11.001026,61.572186],[11.008039,61.545887],[11.023818,61.536245],[11.036967,61.519589],[11.019435,61.493291],[11.026448,61.466993],[11.043103,61.442448],[11.104466,61.399494],[11.208782,61.352158],[11.234203,61.333749],[11.247352,61.302191],[11.292059,61.26888],[11.299072,61.258361],[11.303455,61.207518],[11.352545,61.162811],[11.356051,61.147909],[11.351668,61.133006],[11.331506,61.109338],[11.32537,61.097066],[11.32537,61.081287],[11.334136,61.057618],[11.366571,61.017295],[11.400758,60.998009],[11.416537,60.981354],[11.469133,60.966451],[11.514717,60.915608],[11.569066,60.898953],[11.588352,60.884051]]]}},{"type":"Feature","properties":{"kind":"road"},"geometry":{"type":"MultiLineString","coordinates":[[[11.588352,60.884051],[11.517347,60.876161],[11.479653,60.856876],[11.402511,60.834084]]]}},{"type":"Feature","properties":{"kind":"road"},"geometry":{"type":"MultiLineString","coordinates":[[[10.686325,60.806033],[10.636358,60.809539]]]}},{"type":"Feature","properties":{"kind":"road"},"geometry":{"type":"MultiLineString","coordinates":[[[11.402511,60.834084],[11.309591,60.831454],[11.225437,60.812169],[11.172841,60.790254]]]}},{"type":"Feature","properties":{"kind":"road"},"geometry":{"type":"MultiLineString","coordinates":[[[10.636358,60.809539],[10.564477,60.806909],[10.555711,60.812169],[10.465421,60.811292],[10.419837,60.784994],[10.379513,60.781488],[10.352338,60.790254],[10.330423,60.787624],[10.312015,60.79113],[10.270814,60.822688],[10.170005,60.828824],[10.114778,60.852493],[10.076208,60.855999],[10.024488,60.852493],[10.0,60.857935]]]}},{"type":"Feature","properties":{"kind":"road"},"geometry":{"type":"MultiLineString","coordinates":[[[25.0,60.807832],[24.771615,60.776228]]]}},{"type":"Feature","properties":{"kind":"road"},"geometry":{"type":"MultiLineString","coordinates":[[[24.771615,60.776228],[24.657657,60.754313],[24.577009,60.750807],[24.529672,60.741164],[24.486719,60.725385]]]}},{"type":"Feature","properties":{"kind":"road"},"geometry":{"type":"MultiLineString","coordinates":[[[24.486719,60.725385],[24.466557,60.724508],[24.273704,60.757819],[24.226367,60.769215],[24.030008,60.834961]]]}},{"type":"Feature","properties":{"kind":"road"},"geometry":{"type":"MultiLineString","coordinates":[[[13.390652,61.07515],[13.398541,61.063755],[13.388898,61.050606],[13.399418,61.03658],[13.381009,61.008528],[13.401171,60.990996],[13.41169,60.940153],[13.438865,60.916485],[13.439742,60.906842],[13.46078,60.878791],[13.46341,60.855123],[13.459027,60.839344],[13.46341,60.822688],[13.474806,60.811292],[13.508993,60.802526],[13.518636,60.788501],[13.557207,60.771845],[13.581752,60.743794],[13.629965,60.729768],[13.688697,60.720125],[13.728145,60.706976],[13.75269,60.687691]]]}},{"type":"Feature","properties":{"kind":"road"},"geometry":{"type":"MultiLineString","coordinates":[[[17.160054,60.685061],[17.094308,60.660516]]]}},{"type":"Feature","properties":{"kind":"road"},"geometry":{"type":"MultiLineString","coordinates":[[[22.67127,61.167194],[22.652861,61.139143],[22.652861,61.112844],[22.674776,61.067261],[22.675653,61.03395],[22.708087,60.994503],[22.7151,60.971711],[22.698444,60.922621],[22.718606,60.893693],[22.71773,60.870025],[22.697568,60.846357],[22.644972,60.811292],[22.637082,60.786747],[22.637082,60.766585],[22.582733,60.720125],[22.569583,60.65964],[22.586239,60.645614]]]}},{"type":"Feature","properties":{"kind":"road"},"geometry":{"type":"MultiLineString","coordinates":[[[15.835503,61.395111],[15.840763,61.374949],[15.83638,61.363554],[15.842516,61.346021],[15.881963,61.328489],[15.890729,61.31534],[15.938943,61.288166],[15.943326,61.280276],[15.922287,61.242582],[15.93456,61.233816],[15.902125,61.209271],[15.899495,61.199628],[15.909138,61.190862],[15.912644,61.17333],[15.881963,61.147909],[15.892483,61.138266],[15.888976,61.127747],[15.876704,61.119857],[15.838133,61.111968],[15.821478,61.103202],[15.816218,61.090053],[15.826737,61.08041],[15.826737,61.068138],[15.820601,61.059372],[15.768881,61.038333],[15.767128,61.032197],[15.724174,61.021678],[15.716285,61.015541],[15.708396,60.988367],[15.706642,60.941906],[15.721545,60.922621],[15.748719,60.907719],[15.764498,60.891063],[15.773264,60.849863],[15.769758,60.768339],[15.785537,60.75519],[15.783784,60.734151],[15.798686,60.719249],[15.74346,60.702593],[15.711902,60.681555],[15.682974,60.678925],[15.672455,60.673665],[15.675961,60.65964],[15.670701,60.648244],[15.651416,60.633342],[15.646157,60.616686]]]}},{"type":"Feature","properties":{"kind":"road"},"geometry":{"type":"MultiLineString","coordinates":[[[21.721906,60.877914],[21.686842,60.867395],[21.608824,60.828824],[21.565871,60.821812],[21.506262,60.804279],[21.438763,60.807786],[21.457172,60.792007],[21.491359,60.775352],[21.493989,60.756943],[21.501879,60.749053],[21.515904,60.706976],[21.515904,60.696457],[21.495742,60.667529],[21.502755,60.643861],[21.550092,60.622822],[21.564117,60.603537],[21.594799,60.583375],[21.601811,60.570226]]]}},{"type":"Feature","properties":{"kind":"road"},"geometry":{"type":"MultiLineString","coordinates":[[[24.486719,60.725385],[24.4762,60.713113],[24.474446,60.701717],[24.477076,60.65701],[24.459544,60.629835],[24.459544,60.618439],[24.477076,60.600031],[24.516523,60.583375],[24.524413,60.564966],[24.519153,60.536915],[24.52266,60.532532],[24.553341,60.522889],[24.616456,60.51763]]]}},{"type":"Feature","properties":{"kind":"road"},"geometry":{"type":"MultiLineString","coordinates":[[[21.601811,60.570226],[21.642135,60.56409],[21.664927,60.571979],[21.6772,60.60529],[21.770996,60.642984],[21.834988,60.653503],[21.882325,60.64912],[21.900734,60.642984],[21.979628,60.593894],[22.079561,60.542175],[22.134787,60.521136],[22.165469,60.51763]]]}},{"type":"Feature","properties":{"kind":"road"},"geometry":{"type":"MultiLineString","coordinates":[[[13.75269,60.687691],[13.781618,60.64912],[13.829831,60.627205],[13.84298,60.617563],[13.865772,60.586005],[13.924504,60.550941],[13.945543,60.529902],[13.958692,60.504481],[13.972717,60.494838],[14.041969,60.493085],[14.065638,60.486948],[14.111221,60.485195],[14.164694,60.499221],[14.226056,60.501851]]]}},{"type":"Feature","properties":{"kind":"road"},"geometry":{"type":"MultiLineString","coordinates":[[[22.292576,60.497468],[22.279427,60.442242]]]}},{"type":"Feature","properties":{"kind":"road"},"geometry":{"type":"MultiLineString","coordinates":[[[22.195273,60.493961],[22.253129,60.453637],[22.279427,60.442242]]]}},{"type":"Feature","properties":{"kind":"road"},"geometry":{"type":"MultiLineString","coordinates":[[[13.264421,60.410684],[13.249518,60.415943],[13.180266,60.472046],[13.162734,60.480812],[13.132053,60.515],[13.077704,60.56146],[13.068938,60.585128],[12.989167,60.634218],[12.974264,60.65701],[12.961992,60.665776],[12.889234,60.699087],[12.873455,60.718372],[12.839267,60.733274],[12.764756,60.753436],[12.748977,60.763079],[12.722679,60.79902],[12.65781,60.838467],[12.656933,60.852493],[12.636771,60.876161],[12.606967,60.893693],[12.480736,60.9384],[12.476353,60.948919],[12.496514,60.974341],[12.496514,60.983107],[12.478106,61.004145],[12.46934,61.024307],[12.471093,61.035703],[12.488625,61.03921],[12.531579,61.024307],[12.549111,61.025184],[12.586805,61.037456],[12.588558,61.054989],[12.542098,61.114598],[12.549987,61.12687],[12.544728,61.143526],[12.514047,61.160181],[12.500021,61.176837],[12.496514,61.195245],[12.421126,61.23031],[12.343985,61.286412],[12.328206,61.291672]]]}},{"type":"Feature","properties":{"kind":"road"},"geometry":{"type":"MultiLineString","coordinates":[[[24.80668,60.36773],[24.763726,60.371237],[24.746194,60.380003],[24.720772,60.423833],[24.645384,60.479059],[24.616456,60.51763]]]}},{"type":"Feature","properties":{"kind":"road"},"geometry":{"type":"MultiLineString","coordinates":[[[11.588352,60.884051],[11.615526,60.878791],[11.627799,60.870025],[11.650591,60.846357],[11.65848,60.825318],[11.689161,60.814799],[11.763673,60.818305],[11.782081,60.808663],[11.80575,60.772722],[11.897793,60.715742],[11.920585,60.693827],[11.922338,60.668406],[11.997726,60.634218],[12.065225,60.615809],[12.08714,60.60529],[12.099412,60.569349],[12.120451,60.548311],[12.111685,60.532532],[12.116944,60.511493],[12.13097,60.495715],[12.129217,60.477306],[12.108178,60.45802],[12.097659,60.430846],[12.095906,60.403671],[12.116068,60.37299],[12.116068,60.330036],[12.076621,60.310751],[12.064348,60.301108],[12.061718,60.289712],[12.080127,60.248512]]]}},{"type":"Feature","properties":{"kind":"road"},"geometry":{"type":"MultiLineString","coordinates":[[[22.445982,60.409807],[22.43108,60.387015],[22.405658,60.366854],[22.410041,60.347568],[22.400399,60.331789],[22.371471,60.31601],[22.261019,60.276563],[22.269785,60.263414],[22.289946,60.258155],[22.298713,60.242376],[22.295206,60.237116],[22.271538,60.230103],[22.217188,60.23098],[22.163715,60.240622],[22.14706,60.236239]]]}},{"type":"Feature","properties":{"kind":"road"},"geometry":{"type":"MultiLineString","coordinates":[[[12.080127,60.248512],[12.067855,60.241499],[12.059965,60.227473],[12.050322,60.190656],[12.04068,60.188026]]]}},{"type":"Feature","properties":{"kind":"road"},"geometry":{"type":"MultiLineString","coordinates":[[[12.04068,60.188026],[12.028407,60.199422],[12.002109,60.211694],[11.969675,60.217831],[11.930228,60.213448],[11.903929,60.216954],[11.867112,60.23361],[11.725979,60.258155],[11.690914,60.261661],[11.673382,60.254648]]]}},{"type":"Feature","properties":{"kind":"road"},"geometry":{"type":"MultiLineString","coordinates":[[[10.123545,60.211694],[10.246269,60.186273],[10.277827,60.18715]]]}},{"type":"Feature","properties":{"kind":"road"},"geometry":{"type":"MultiLineString","coordinates":[[[10.277827,60.18715],[10.291853,60.164358]]]}},{"type":"Feature","properties":{"kind":"road"},"geometry":{"type":"MultiLineString","coordinates":[[[21.684212,60.164358],[21.621973,60.166988],[21.603565,60.161728]]]}},{"type":"Feature","properties":{"kind":"road"},"geometry":{"type":"MultiLineString","coordinates":[[[14.226056,60.501851],[14.235699,60.516753],[14.251478,60.525519],[14.281282,60.534285],[14.317223,60.557077],[14.334755,60.557953],[14.365437,60.551817],[14.417156,60.522013],[14.430305,60.508864],[14.439071,60.486072],[14.46537,60.472923],[14.566179,60.443995],[14.591601,60.439612],[14.614392,60.442242],[14.634554,60.451008],[14.673125,60.454514],[14.737994,60.444871],[14.769551,60.426463],[14.787084,60.408054],[14.800233,60.380003],[14.820395,60.361594],[14.926464,60.330036],[14.9326,60.299355],[14.947502,60.283576],[14.990456,60.260784],[14.995716,60.241499],[15.017631,60.223967],[15.034286,60.221337],[15.051818,60.227473],[15.07198,60.227473],[15.099155,60.213448],[15.16753,60.195039],[15.226263,60.156468]]]}},{"type":"Feature","properties":{"kind":"road"},"geometry":{"type":"MultiLineString","coordinates":[[[22.111119,60.216954],[22.064659,60.195039],[22.022582,60.185396],[21.957713,60.18452],[21.916513,60.189779],[21.854274,60.168741],[21.793788,60.162605],[21.780639,60.155592],[21.749958,60.155592]]]}},{"type":"Feature","properties":{"kind":"road"},"geometry":{"type":"MultiLineString","coordinates":[[[16.483314,60.562336],[16.450003,60.528149],[16.450003,60.447501],[16.436854,60.424709],[16.444744,60.395782],[16.432471,60.37562],[16.394777,60.333543],[16.397407,60.31864],[16.411433,60.301985],[16.420199,60.279193],[16.417569,60.264291],[16.332538,60.209941],[16.304487,60.17926],[16.275559,60.160851],[16.253644,60.159975],[16.242248,60.149455]]]}},{"type":"Feature","properties":{"kind":"road"},"geometry":{"type":"MultiLineString","coordinates":[[[12.080127,60.248512],[12.101166,60.255525],[12.140613,60.280946],[12.255448,60.301108],[12.318564,60.303738],[12.369407,60.287959],[12.413237,60.265167],[12.46408,60.260784],[12.506157,60.245005],[12.574532,60.230103],[12.602584,60.217831],[12.658686,60.180137],[12.685861,60.170494],[12.731445,60.131047],[12.75073,60.124034],[12.786671,60.120528],[12.956732,60.122281],[12.999686,60.134553],[12.995303,60.164358],[13.006699,60.180137],[13.007575,60.190656],[12.992673,60.249388],[13.008452,60.271304],[13.131177,60.316887],[13.22322,60.376496],[13.253901,60.387015],[13.256531,60.404548],[13.264421,60.410684]]]}},{"type":"Feature","properties":{"kind":"road"},"geometry":{"type":"MultiLineString","coordinates":[[[11.212288,60.079327],[11.262255,60.084587],[11.303455,60.097736],[11.351668,60.126664],[11.398128,60.142443],[11.406894,60.149455],[11.444588,60.151209],[11.47527,60.166988],[11.530496,60.181013],[11.583092,60.206435],[11.618156,60.213448],[11.647084,60.226597],[11.664616,60.250265],[11.673382,60.254648]]]}},{"type":"Feature","properties":{"kind":"road"},"geometry":{"type":"MultiLineString","coordinates":[[[13.264421,60.410684],[13.288089,60.392275],[13.308251,60.357211],[13.437112,60.247635],[13.465163,60.212571],[13.491461,60.190656],[13.502857,60.17663],[13.545811,60.089846],[13.55107,60.066178]]]}},{"type":"Feature","properties":{"kind":"road"},"geometry":{"type":"MultiLineString","coordinates":[[[24.805803,60.205558],[24.761973,60.170494],[24.743564,60.163481],[24.698857,60.152085],[24.641001,60.145072],[24.581392,60.13017],[24.497238,60.101242],[24.442012,60.093353],[24.33419,60.093353],[24.27984,60.088093],[24.207958,60.075821],[24.129941,60.069684],[24.072961,60.051276],[24.006339,60.050399],[23.961632,60.04251],[23.822252,60.051276],[23.752124,60.069684]]]}},{"type":"Feature","properties":{"kind":"road"},"geometry":{"type":"MultiLineString","coordinates":[[[16.242248,60.149455],[16.123906,60.119651],[16.051148,60.0916],[15.988909,60.080204],[15.927547,60.054782],[15.838133,60.029361],[15.829367,60.024978],[15.821478,60.007445],[15.809205,60.000433]]]}},{"type":"Feature","properties":{"kind":"road"},"geometry":{"type":"MultiLineString","coordinates":[[[12.04068,60.188026],[12.038927,60.167864],[12.033667,60.161728],[12.047693,60.13806],[12.075744,60.117021],[12.082757,60.097736],[12.107302,60.076697],[12.109932,60.059165],[12.103795,60.046016],[12.110808,60.024101],[12.140613,60.000433]]]}},{"type":"Feature","properties":{"kind":"road"},"geometry":{"type":"MultiLineString","coordinates":[[[12.140613,60.000433],[12.147626,59.998679]]]}},{"type":"Feature","properties":{"kind":"road"},"geometry":{"type":"MultiLineString","coordinates":[[[15.809205,60.000433],[15.803069,59.996926]]]}},{"type":"Feature","properties":{"kind":"road"},"geometry":{"type":"MultiLineString","coordinates":[[[23.142883,60.394028],[23.180577,60.372113],[23.185837,60.363347],[23.175318,60.344062],[23.09467,60.319517],[23.091164,60.310751],[23.110449,60.293219],[23.113079,60.276563],[23.136747,60.252018],[23.134994,60.234486],[23.111325,60.210818],[23.108696,60.197669],[23.113079,60.188903],[23.170935,60.163481],[23.191973,60.149455],[23.198109,60.124034],[23.23142,60.109132],[23.246323,60.08371],[23.312945,60.054782],[23.358528,60.045139],[23.365541,60.029361],[23.398852,60.013582],[23.437423,59.984654]]]}},{"type":"Feature","properties":{"kind":"road"},"geometry":{"type":"MultiLineString","coordinates":[[[23.437423,59.984654],[23.532096,59.989913],[23.587322,60.011829],[23.624139,60.036373],[23.674106,60.055659],[23.752124,60.069684]]]}},{"type":"Feature","properties":{"kind":"road"},"geometry":{"type":"MultiLineString","coordinates":[[[15.016754,59.880338],[15.083376,59.859299]]]}},{"type":"Feature","properties":{"kind":"road"},"geometry":{"type":"MultiLineString","coordinates":[[[16.864638,59.932934],[16.976843,59.934687],[17.041712,59.925921],[17.093432,59.909266],[17.206514,59.89261],[17.479138,59.859299],[17.565045,59.854916]]]}},{"type":"Feature","properties":{"kind":"road"},"geometry":{"type":"MultiLineString","coordinates":[[[17.565045,59.854916],[17.629037,59.856669],[17.635173,59.875078]]]}},{"type":"Feature","properties":{"kind":"road"},"geometry":{"type":"MultiLineString","coordinates":[[[22.999997,59.836507],[23.028925,59.849657],[23.173564,59.882968],[23.354145,59.960985],[23.394469,59.983777],[23.437423,59.984654]]]}},{"type":"Feature","properties":{"kind":"road"},"geometry":{"type":"MultiLineString","coordinates":[[[14.226056,60.501851],[14.269887,60.487825],[14.278653,60.474676],[14.269887,60.423833],[14.221673,60.359841],[14.21992,60.328283],[14.211154,60.322147],[14.195375,60.289712],[14.190116,60.266044],[14.203265,60.23098],[14.205894,60.119651],[14.202388,60.108255],[14.179596,60.098612],[14.187486,60.080204],[14.183979,60.068808],[14.202388,60.029361],[14.202388,60.013582],[14.210277,59.992543],[14.299691,59.907512],[14.322483,59.855793],[14.3181,59.828618],[14.324236,59.810209],[14.322483,59.787418]]]}},{"type":"Feature","properties":{"kind":"road"},"geometry":{"type":"MultiLineString","coordinates":[[[10.807296,59.776022],[10.873042,59.784788],[10.89934,59.79969],[10.905476,59.810209],[10.9046,59.868942],[10.89408,59.927674]]]}},{"type":"Feature","properties":{"kind":"road"},"geometry":{"type":"MultiLineString","coordinates":[[[17.565045,59.854916],[17.481768,59.813716],[17.434431,59.783911],[17.302064,59.728685],[17.281902,59.676965],[17.267876,59.669076],[17.224046,59.661186],[17.202131,59.648914]]]}},{"type":"Feature","properties":{"kind":"road"},"geometry":{"type":"MultiLineString","coordinates":[[[17.202131,59.648914],[17.099568,59.649791]]]}},{"type":"Feature","properties":{"kind":"road"},"geometry":{"type":"MultiLineString","coordinates":[[[17.099568,59.649791],[17.082912,59.648914],[17.060997,59.638395]]]}},{"type":"Feature","properties":{"kind":"road"},"geometry":{"type":"MultiLineString","coordinates":[[[13.55107,60.066178],[13.585258,60.048646],[13.627335,60.038127],[13.645744,60.025854],[13.663276,60.000433],[13.69571,59.975888],[13.713242,59.953973],[13.715872,59.943453],[13.689574,59.919785],[13.688697,59.906636],[13.717625,59.880338],[13.723762,59.853163],[13.720255,59.837384],[13.736034,59.791801],[13.735157,59.775145],[13.720255,59.735698],[13.718502,59.713783],[13.730774,59.684855],[13.732528,59.627875],[13.720255,59.598948]]]}},{"type":"Feature","properties":{"kind":"road"},"geometry":{"type":"MultiLineString","coordinates":[[[11.37183,59.563007],[11.358681,59.595441],[11.349915,59.604207],[11.349038,59.625246],[11.342026,59.636642],[11.346409,59.667323],[11.340272,59.682225],[11.328877,59.691868],[11.324493,59.718166],[11.33063,59.729562],[11.304332,59.788294],[11.308715,59.80758],[11.296442,59.825112],[11.302578,59.839137],[11.300825,59.850533],[11.256995,59.894363],[11.234203,59.928551],[11.189496,59.9417],[11.168458,59.955726],[11.112355,59.973258],[11.037844,59.983777]]]}},{"type":"Feature","properties":{"kind":"road"},"geometry":{"type":"MultiLineString","coordinates":[[[13.422209,59.450801],[13.418703,59.475346],[13.423963,59.499015],[13.437988,59.517423],[13.472176,59.532326],[13.51513,59.568266],[13.518636,59.582292],[13.46867,59.626122],[13.450261,59.669076],[13.456397,59.687485],[13.487955,59.707647],[13.483572,59.719042],[13.448508,59.746217],[13.445001,59.770762],[13.45552,59.781281],[13.487078,59.79443],[13.496721,59.814592],[13.50724,59.824235],[13.565096,59.852286],[13.593147,59.860176],[13.599284,59.866312],[13.603667,59.89524],[13.615063,59.925045],[13.613309,59.938194],[13.595777,59.957479],[13.617692,59.978518],[13.596654,59.99605],[13.573862,60.038127],[13.55107,60.066178]]]}},{"type":"Feature","properties":{"kind":"road"},"geometry":{"type":"MultiLineString","coordinates":[[[12.147626,59.998679],[12.197592,59.980271],[12.206358,59.960985],[12.246682,59.93644],[12.266844,59.9005],[12.268597,59.884721],[12.321193,59.855793],[12.330836,59.840891],[12.340479,59.781281],[12.348368,59.774269],[12.530702,59.761119],[12.545604,59.754983],[12.566643,59.733945],[12.606967,59.707647],[12.624499,59.671706],[12.635018,59.656803],[12.645537,59.65242],[12.734951,59.641901],[12.766509,59.643654],[12.812969,59.656803],[12.931311,59.669076],[12.990043,59.65768],[13.004069,59.639271],[13.005822,59.598071],[13.018095,59.583169],[13.085593,59.542845],[13.231986,59.504274],[13.251271,59.503398],[13.27494,59.514793],[13.302115,59.519176],[13.338932,59.51567],[13.357341,59.505151],[13.398541,59.464827],[13.422209,59.450801]]]}},{"type":"Feature","properties":{"kind":"road"},"geometry":{"type":"MultiLineString","coordinates":[[[13.555453,59.399958],[13.55896,59.421873],[13.550194,59.429763],[13.548441,59.448171],[13.558083,59.465704],[13.594024,59.489372],[13.636978,59.536709],[13.647497,59.561253],[13.663276,59.574403],[13.69571,59.586675],[13.83772,59.620863],[13.955185,59.622616],[13.989373,59.628752],[14.022684,59.644531],[14.070021,59.680472],[14.107715,59.702387],[14.136643,59.711153],[14.207648,59.718166],[14.241835,59.728685],[14.269887,59.740958],[14.300568,59.769009],[14.333879,59.784788],[14.35667,59.789171],[14.380339,59.786541],[14.427675,59.759366],[14.46537,59.745341],[14.49868,59.747094],[14.520596,59.757613],[14.546894,59.779528],[14.567056,59.785664],[14.654716,59.797937],[14.690657,59.811086],[14.73624,59.796184],[14.775688,59.797937],[14.821271,59.782158],[14.84494,59.782158],[14.857212,59.79706],[14.876497,59.805826],[14.909808,59.80232],[14.93523,59.809333],[14.98169,59.808456],[15.017631,59.823358],[15.02552,59.840014],[15.02815,59.871572]]]}},{"type":"Feature","properties":{"kind":"road"},"geometry":{"type":"MultiLineString","coordinates":[[[13.433605,59.385056],[13.422209,59.450801]]]}},{"type":"Feature","properties":{"kind":"road"},"geometry":{"type":"MultiLineString","coordinates":[[[17.060997,59.638395],[17.057491,59.626999],[17.032946,59.61122],[17.02155,59.591935],[17.020673,59.579662],[17.030316,59.5595],[17.025056,59.51304],[17.029439,59.492002],[17.041712,59.47447],[17.039082,59.462197],[17.025933,59.446418],[17.030316,59.400835],[17.019797,59.385932],[17.004018,59.37892]]]}},{"type":"Feature","properties":{"kind":"road"},"geometry":{"type":"MultiLineString","coordinates":[[[18.01036,59.377166],[18.032276,59.364894]]]}},{"type":"Feature","properties":{"kind":"road"},"geometry":{"type":"MultiLineString","coordinates":[[[24.75759,59.356128],[24.756713,59.365771],[24.745317,59.381549],[24.744441,59.416614]]]}},{"type":"Feature","properties":{"kind":"road"},"geometry":{"type":"MultiLineString","coordinates":[[[11.422673,59.13347],[11.424426,59.151002],[11.420043,59.164151],[11.425303,59.172917],[11.461244,59.19045],[11.471763,59.200092],[11.47001,59.22902],[11.478776,59.245676],[11.471763,59.277233],[11.461244,59.292136],[11.456861,59.309668],[11.46475,59.328953],[11.463874,59.358758],[11.429686,59.395575],[11.399882,59.416614],[11.399005,59.42801],[11.420043,59.464827],[11.416537,59.495508],[11.399005,59.51304],[11.405141,59.535832],[11.397252,59.546351],[11.37183,59.563007]]]}},{"type":"Feature","properties":{"kind":"road"},"geometry":{"type":"MultiLineString","coordinates":[[[15.26834,59.287753],[15.256067,59.219378],[15.259574,59.192203],[15.291131,59.144866],[15.299021,59.124704]]]}},{"type":"Feature","properties":{"kind":"road"},"geometry":{"type":"MultiLineString","coordinates":[[[11.41566,59.123828],[11.422673,59.13347]]]}},{"type":"Feature","properties":{"kind":"road"},"geometry":{"type":"MultiLineString","coordinates":[[[11.311344,59.13084],[11.349038,59.122074],[11.41566,59.123828]]]}},{"type":"Feature","properties":{"kind":"road"},"geometry":{"type":"MultiLineString","coordinates":[[[15.299021,59.124704],[15.35863,59.117691]]]}},{"type":"Feature","properties":{"kind":"road"},"geometry":{"type":"MultiLineString","coordinates":[[[10.070072,59.072108],[10.056046,59.083504],[10.027118,59.13084],[10.0,59.149896]],[[10.0,59.409004],[10.034131,59.419243],[10.03939,59.426256],[10.035007,59.452554],[10.021858,59.477099],[10.009586,59.491125],[10.0,59.495019]]]}},{"type":"Feature","properties":{"kind":"road"},"geometry":{"type":"MultiLineString","coordinates":[[[15.02552,59.063342],[15.075487,59.090517]]]}},{"type":"Feature","properties":{"kind":"road"},"geometry":{"type":"MultiLineString","coordinates":[[[17.066257,59.331583],[17.032946,59.318434],[17.006648,59.300902],[16.939149,59.230773],[16.904961,59.213241],[16.840969,59.207105],[16.822561,59.200092],[16.814671,59.192203],[16.805905,59.168534],[16.791003,59.161522],[16.744543,59.157139],[16.727887,59.149249],[16.726134,59.126457],[16.713862,59.114185],[16.661265,59.112432],[16.625324,59.097529],[16.59815,59.058082]]]}},{"type":"Feature","properties":{"kind":"road"},"geometry":{"type":"MultiLineString","coordinates":[[[16.59815,59.058082],[16.623571,59.050193],[16.813795,59.058959],[16.883046,59.072108],[17.005771,59.070355],[17.091678,59.08438],[17.278395,59.038797],[17.327485,59.030031],[17.402873,59.028278],[17.44758,59.036167],[17.532611,59.062465],[17.561539,59.08438],[17.629037,59.08701]]]}},{"type":"Feature","properties":{"kind":"road"},"geometry":{"type":"MultiLineString","coordinates":[[[16.59815,59.058082],[16.554319,59.042303],[16.35533,59.017758],[16.251014,58.99672],[16.234359,58.987077]]]}},{"type":"Feature","properties":{"kind":"road"},"geometry":{"type":"MultiLineString","coordinates":[[[15.35863,59.117691],[15.396324,59.120321],[15.491874,59.142236],[15.536581,59.143113],[15.631254,59.125581],[15.759239,59.119445],[15.804822,59.111555],[15.896866,59.04844],[15.946832,59.041427],[16.020467,59.038797],[16.044135,59.030031],[16.080076,59.005486],[16.116893,58.993213],[16.21069,58.982694],[16.234359,58.987077]]]}},{"type":"Feature","properties":{"kind":"road"},"geometry":{"type":"MultiLineString","coordinates":[[[12.183566,58.822275],[12.199345,58.845067],[12.230903,58.85734],[12.247559,58.869612],[12.251942,58.880131],[12.251065,58.920455],[12.255448,58.938864],[12.309798,59.013375],[12.333466,59.027401],[12.425509,59.029154],[12.493008,59.046686],[12.543851,59.04844],[12.628882,59.064218],[12.682355,59.058959]]]}},{"type":"Feature","properties":{"kind":"road"},"geometry":{"type":"MultiLineString","coordinates":[[[11.41566,59.123828],[11.452478,59.093146],[11.484912,59.032661],[11.506827,59.011622],[11.525236,58.984447],[11.547151,58.980064],[11.576079,58.966039],[11.666369,58.95026],[11.717213,58.934481],[11.723349,58.902046],[11.799613,58.865229],[11.878508,58.868735],[11.906559,58.881885],[11.918832,58.90117],[11.93724,58.907306],[11.962662,58.905553],[11.98633,58.895034],[12.038927,58.858216],[12.1336,58.838931],[12.183566,58.822275]]]}},{"type":"Feature","properties":{"kind":"road"},"geometry":{"type":"MultiLineString","coordinates":[[[25.0,58.867495],[24.931158,58.873995],[24.887327,58.888897],[24.859276,58.910813],[24.847003,58.930974],[24.837361,58.973051],[24.80405,58.99672],[24.804926,59.002856],[24.851387,59.024771],[24.85314,59.044933],[24.846127,59.054576],[24.808433,59.080874],[24.75233,59.167658],[24.75233,59.175547],[24.781258,59.202722],[24.771615,59.219378],[24.71376,59.263208],[24.707623,59.27285],[24.712883,59.301778],[24.748824,59.32983],[24.756713,59.340349],[24.75759,59.356128]]]}},{"type":"Feature","properties":{"kind":"road"},"geometry":{"type":"MultiLineString","coordinates":[[[16.165107,58.618026],[16.106374,58.65572],[16.045888,58.671499],[15.966117,58.705687],[15.932806,58.711823],[15.774141,58.709193],[15.636514,58.730232],[15.609339,58.739875],[15.585671,58.75916],[15.556743,58.772309],[15.537458,58.795101],[15.50853,58.806497],[15.457686,58.81088],[15.434018,58.818769],[15.422622,58.826658],[15.413856,58.844191],[15.418239,58.869612],[15.452427,58.915196],[15.45681,58.935357],[15.453303,58.948507],[15.438401,58.970422],[15.436648,58.99935],[15.364766,59.064218],[15.357753,59.085257],[15.35863,59.117691]]]}},{"type":"Feature","properties":{"kind":"road"},"geometry":{"type":"MultiLineString","coordinates":[[[16.165107,58.618026],[16.17212,58.598741],[16.184392,58.590852]]]}},{"type":"Feature","properties":{"kind":"road"},"geometry":{"type":"MultiLineString","coordinates":[[[12.029284,58.566307],[12.064348,58.593481],[12.064348,58.621533],[12.073114,58.643448],[12.110808,58.673253],[12.119574,58.724972],[12.175677,58.772309],[12.183566,58.822275]]]}},{"type":"Feature","properties":{"kind":"road"},"geometry":{"type":"MultiLineString","coordinates":[[[15.54973,58.419037],[15.499763,58.464621],[15.473465,58.482153],[15.434895,58.502315],[15.369149,58.515464],[15.3148,58.538255],[15.302527,58.555787],[15.253437,58.577703],[15.191199,58.585592],[15.133343,58.582086],[15.100032,58.571566],[15.066721,58.547898]]]}},{"type":"Feature","properties":{"kind":"road"},"geometry":{"type":"MultiLineString","coordinates":[[[14.921204,58.867859],[14.918574,58.838931],[14.911561,58.831041],[14.869484,58.81088],[14.858965,58.798607],[14.823024,58.784581],[14.813382,58.772309],[14.808999,58.753024],[14.733611,58.711823],[14.613516,58.664486],[14.549524,58.629422],[14.524102,58.597865],[14.517089,58.574196],[14.518842,58.552281],[14.526732,58.531243],[14.510953,58.512834],[14.486408,58.502315],[14.448714,58.497055],[14.351411,58.454978],[14.238329,58.442705],[14.164694,58.415531],[14.030573,58.391862],[13.887687,58.386603]]]}},{"type":"Feature","properties":{"kind":"road"},"geometry":{"type":"MultiLineString","coordinates":[[[13.887687,58.386603],[13.824571,58.378713],[13.771975,58.383973],[13.728145,58.372577],[13.69834,58.370824],[13.620322,58.388356],[13.594901,58.389232],[13.554577,58.380466],[13.449384,58.378713]]]}},{"type":"Feature","properties":{"kind":"road"},"geometry":{"type":"MultiLineString","coordinates":[[[11.970551,58.359428],[12.03279,58.395369],[12.044186,58.416407],[12.045939,58.461114],[12.015258,58.497932],[12.010875,58.518093],[12.029284,58.566307]]]}},{"type":"Feature","properties":{"kind":"road"},"geometry":{"type":"MultiLineString","coordinates":[[[24.584022,58.358551],[24.605937,58.37696],[24.667299,58.413777],[24.719896,58.421667],[24.783888,58.462867],[24.80405,58.485659],[24.804926,58.507574],[24.809309,58.514587],[24.892587,58.580332],[24.925021,58.629422],[24.937294,58.632052],[24.976741,58.627669],[24.990767,58.633805],[25.0,58.644922]]]}},{"type":"Feature","properties":{"kind":"road"},"geometry":{"type":"MultiLineString","coordinates":[[[13.532662,58.528613],[13.464286,58.511081],[13.407307,58.503191],[13.339809,58.478646],[13.298608,58.471633],[13.221467,58.47514],[13.177637,58.488289],[13.141696,58.490919],[13.04001,58.456731],[12.898876,58.433063],[12.850663,58.404135],[12.777028,58.386603],[12.727938,58.361181],[12.66044,58.336636]]]}},{"type":"Feature","properties":{"kind":"road"},"geometry":{"type":"MultiLineString","coordinates":[[[12.31681,58.346279],[12.296649,58.338389],[12.218631,58.332253],[12.139736,58.342772],[12.0924,58.341019],[12.076621,58.344526],[12.052076,58.358551],[12.024901,58.363811],[11.993343,58.362058]]]}},{"type":"Feature","properties":{"kind":"road"},"geometry":{"type":"MultiLineString","coordinates":[[[12.342232,58.32787],[12.31944,58.338389],[12.31681,58.346279]]]}},{"type":"Feature","properties":{"kind":"road"},"geometry":{"type":"MultiLineString","coordinates":[[[12.332589,58.272644],[12.328206,58.304202],[12.342232,58.32787]]]}},{"type":"Feature","properties":{"kind":"road"},"geometry":{"type":"MultiLineString","coordinates":[[[13.846486,58.287546],[13.726391,58.233197],[13.591394,58.163068]]]}},{"type":"Feature","properties":{"kind":"road"},"geometry":{"type":"MultiLineString","coordinates":[[[13.045269,58.275274],[13.210948,58.226184],[13.317017,58.204269],[13.435359,58.164822],[13.462533,58.162192],[13.573862,58.168328],[13.591394,58.163068]]]}},{"type":"Feature","properties":{"kind":"road"},"geometry":{"type":"MultiLineString","coordinates":[[[12.815599,58.048233],[12.721802,58.071025],[12.69901,58.083297],[12.683231,58.106089],[12.656057,58.112225],[12.614856,58.111349],[12.584175,58.116608],[12.537715,58.13677],[12.479859,58.14466],[12.457067,58.156056],[12.441288,58.173588],[12.432522,58.250729],[12.422003,58.258618],[12.400965,58.261248],[12.365024,58.256865],[12.332589,58.272644]]]}},{"type":"Feature","properties":{"kind":"road"},"geometry":{"type":"MultiLineString","coordinates":[[[13.591394,58.163068],[13.702723,58.122745],[13.769345,58.089434],[13.809669,58.077161],[13.821941,58.055246],[13.857882,58.042973]]]}},{"type":"Feature","properties":{"kind":"road"},"geometry":{"type":"MultiLineString","coordinates":[[[13.591394,58.163068],[13.587011,58.158685],[13.587888,58.135017],[13.581752,58.121868],[13.555453,58.105212],[13.544058,58.092063],[13.552824,58.068395],[13.581752,58.023688],[13.576492,57.998267],[13.544058,57.962326],[13.501104,57.933398],[13.487078,57.916742],[13.479189,57.890444],[13.481819,57.828205],[13.480065,57.822946],[13.46078,57.813303],[13.459903,57.799277]]]}},{"type":"Feature","properties":{"kind":"road"},"geometry":{"type":"MultiLineString","coordinates":[[[18.781773,57.772103],[18.82385,57.779992],[18.853655,57.802784],[19.074559,57.861516]]]}},{"type":"Feature","properties":{"kind":"road"},"geometry":{"type":"MultiLineString","coordinates":[[[12.964622,57.730902],[13.011958,57.751064],[13.031244,57.764213],[13.053159,57.785252],[13.051406,57.802784],[13.009328,57.834341],[12.969005,57.856257],[12.965498,57.878172],[12.947089,57.903593],[12.926051,57.917619],[12.862059,57.943041],[12.83839,57.957066],[12.828748,57.973722],[12.826118,58.034207],[12.815599,58.048233]]]}},{"type":"Feature","properties":{"kind":"road"},"geometry":{"type":"MultiLineString","coordinates":[[[15.862678,57.655514],[15.854789,57.667787],[15.789043,57.703727],[15.780277,57.715123],[15.775017,57.772103],[15.763622,57.797524],[15.759239,57.85538],[15.734694,57.884308],[15.697,57.912359],[15.678591,57.940411],[15.655799,58.00265],[15.680344,58.099953],[15.682097,58.121868],[15.696123,58.147289],[15.704012,58.18323],[15.683851,58.207775],[15.591807,58.27615],[15.582164,58.291929],[15.572522,58.359428],[15.577781,58.376083],[15.60408,58.404135]]]}},{"type":"Feature","properties":{"kind":"road"},"geometry":{"type":"MultiLineString","coordinates":[[[22.253129,57.654637],[22.310108,57.673923],[22.560817,57.733532]]]}},{"type":"Feature","properties":{"kind":"road"},"geometry":{"type":"MultiLineString","coordinates":[[[18.298764,57.62308],[18.308406,57.635352],[18.368892,57.637982],[18.470578,57.662527],[18.496876,57.681812],[18.507396,57.695838],[18.535447,57.707234],[18.557362,57.71074],[18.639763,57.739668],[18.731806,57.744928],[18.756351,57.753694],[18.781773,57.772103]]]}},{"type":"Feature","properties":{"kind":"road"},"geometry":{"type":"MultiLineString","coordinates":[[[22.315368,57.505615],[22.28118,57.540679],[22.262772,57.574866],[22.244363,57.632722],[22.253129,57.654637]]]}},{"type":"Feature","properties":{"kind":"road"},"geometry":{"type":"MultiLineString","coordinates":[[[22.560817,57.733532],[22.552928,57.723013],[22.538026,57.673923],[22.543285,57.641488],[22.605524,57.574866],[22.703704,57.529283],[22.807143,57.501232]]]}},{"type":"Feature","properties":{"kind":"road"},"geometry":{"type":"MultiLineString","coordinates":[[[10.528536,57.432856],[10.520647,57.443376],[10.472433,57.459154],[10.454025,57.476687],[10.447012,57.503861],[10.430356,57.52753],[10.415454,57.577496],[10.440876,57.614314],[10.479446,57.650254],[10.472433,57.679182],[10.487336,57.699344],[10.505744,57.71074],[10.546068,57.723013],[10.56623,57.724766],[10.595158,57.717753]]]}},{"type":"Feature","properties":{"kind":"road"},"geometry":{"type":"MultiLineString","coordinates":[[[13.559836,57.346949],[13.524772,57.359222],[13.505487,57.381137],[13.494091,57.424967],[13.472176,57.443376],[13.427469,57.460031],[13.41695,57.483699],[13.400294,57.498602],[13.361724,57.517887],[13.350328,57.538926],[13.338932,57.547692],[13.267927,57.57399],[13.239876,57.589769],[13.189909,57.606424],[13.148709,57.614314],[13.109261,57.632722],[13.096989,57.642365],[13.054912,57.702851],[13.028614,57.716876],[12.972511,57.732655]]]}},{"type":"Feature","properties":{"kind":"road"},"geometry":{"type":"MultiLineString","coordinates":[[[13.559836,57.346949],[13.552824,57.301366]]]}},{"type":"Feature","properties":{"kind":"road"},"geometry":{"type":"MultiLineString","coordinates":[[[16.467536,57.273314],[16.366726,57.263672],[16.313253,57.271561],[16.260657,57.270684],[16.058161,57.254906]]]}},{"type":"Feature","properties":{"kind":"road"},"geometry":{"type":"MultiLineString","coordinates":[[[16.058161,57.254906],[15.9705,57.259289],[15.953845,57.268055],[15.945955,57.286463],[15.928423,57.303995],[15.891606,57.327664],[15.87495,57.362728],[15.83638,57.389026],[15.832873,57.405682],[15.840763,57.42409],[15.847776,57.47581],[15.844269,57.505615],[15.853035,57.533666],[15.852159,57.553828],[15.872321,57.618697],[15.862678,57.655514]]]}},{"type":"Feature","properties":{"kind":"road"},"geometry":{"type":"MultiLineString","coordinates":[[[22.591499,57.195296],[22.587116,57.229484],[22.571337,57.261042],[22.537149,57.288217],[22.500332,57.309255],[22.467021,57.345196],[22.458255,57.363605],[22.412671,57.389026],[22.399522,57.410065],[22.343419,57.443376],[22.325011,57.461784],[22.315368,57.505615]]]}},{"type":"Feature","properties":{"kind":"road"},"geometry":{"type":"MultiLineString","coordinates":[[[12.292266,57.176888],[12.315934,57.195296],[12.333466,57.254906],[12.344862,57.263672],[12.372913,57.267178],[12.438659,57.299612],[12.443042,57.332923],[12.475476,57.348702],[12.472846,57.368864],[12.535085,57.387273],[12.547358,57.397792],[12.550864,57.42409],[12.578039,57.440746],[12.594694,57.469674],[12.617486,57.487206],[12.663946,57.506491],[12.776152,57.510874],[12.803326,57.51701],[12.814722,57.5249],[12.848033,57.564347],[12.858552,57.584509],[12.889234,57.613437],[12.940953,57.648501],[12.961115,57.690578],[12.964622,57.730902]]]}},{"type":"Feature","properties":{"kind":"road"},"geometry":{"type":"MultiLineString","coordinates":[[[16.029233,57.171628],[16.050271,57.183901],[16.060791,57.198803],[16.064297,57.214582],[16.058161,57.254906]]]}},{"type":"Feature","properties":{"kind":"road"},"geometry":{"type":"MultiLineString","coordinates":[[[13.552824,57.301366],[13.626458,57.285587],[13.651003,57.270684],[13.661523,57.254029],[13.680808,57.236497],[13.735157,57.210199],[13.746553,57.19442],[13.786877,57.165492],[13.844733,57.154973],[13.875414,57.158479],[13.98236,57.195296],[14.049859,57.190913]]]}},{"type":"Feature","properties":{"kind":"road"},"geometry":{"type":"MultiLineString","coordinates":[[[24.643631,57.116402],[24.671682,57.15059],[24.704117,57.179517],[24.771615,57.207569],[24.811063,57.237373],[24.848757,57.253152],[24.860153,57.266301],[24.869795,57.310132],[24.881191,57.322404],[24.930281,57.352209],[25.0,57.371492]]]}},{"type":"Feature","properties":{"kind":"road"},"geometry":{"type":"MultiLineString","coordinates":[[[22.807143,57.501232],[22.829935,57.474057],[22.861493,57.446882],[22.943017,57.396916],[23.025418,57.366234],[23.103436,57.351332],[23.121845,57.330294],[23.122721,57.311008],[23.144636,57.297859],[23.14639,57.248769],[23.156909,57.24088],[23.156909,57.223348],[23.18759,57.203186],[23.191973,57.148836],[23.200739,57.113772],[23.210382,57.091857],[23.232297,57.076078]]]}},{"type":"Feature","properties":{"kind":"road"},"geometry":{"type":"MultiLineString","coordinates":[[[22.528383,57.190037],[22.51874,57.184777],[22.513481,57.169875],[22.533643,57.144453],[22.538902,57.120785],[22.524,57.114649],[22.351309,57.107636],[22.306602,57.09098],[22.28381,57.069942],[22.228584,57.060299],[22.19352,57.036631],[22.143553,57.013839],[21.975245,56.962119]]]}},{"type":"Feature","properties":{"kind":"road"},"geometry":{"type":"MultiLineString","coordinates":[[[21.975245,56.962119],[21.934045,56.955983],[21.894598,56.958613],[21.697361,57.00595],[21.656161,57.00332],[21.595675,56.980528],[21.515028,56.972639],[21.466814,56.978775],[21.397562,57.004196]]]}},{"type":"Feature","properties":{"kind":"road"},"geometry":{"type":"MultiLineString","coordinates":[[[23.232297,57.076078],[23.292783,57.04452],[23.32434,57.034878],[23.465474,57.015592],[23.475993,57.011209],[23.51544,56.973515],[23.548751,56.958613],[23.590828,56.957736],[23.625893,56.948094],[23.674983,56.946341]]]}},{"type":"Feature","properties":{"kind":"road"},"geometry":{"type":"MultiLineString","coordinates":[[[24.095753,56.945464],[24.100136,56.944587]]]}},{"type":"Feature","properties":{"kind":"road"},"geometry":{"type":"MultiLineString","coordinates":[[[14.860718,56.90251],[14.897536,56.916536],[14.920328,56.939328],[14.941366,56.94897],[14.964158,56.949847],[14.996592,56.95949],[15.081623,57.013839],[15.106168,57.04189],[15.198211,57.071695],[15.253437,57.109389],[15.323566,57.122538],[15.363013,57.154973],[15.377915,57.158479],[15.490121,57.154973],[15.663689,57.128674],[15.78729,57.126921],[15.867061,57.133934],[15.93456,57.146206],[16.029233,57.171628]]]}},{"type":"Feature","properties":{"kind":"road"},"geometry":{"type":"MultiLineString","coordinates":[[[14.752019,56.898127],[14.732734,56.930562],[14.730104,56.949847],[14.716955,56.966502],[14.699423,56.975268],[14.683644,56.99806],[14.658223,57.069942],[14.652086,57.113772],[14.59949,57.166368],[14.542511,57.197926],[14.530238,57.212828],[14.528485,57.236497],[14.536375,57.280327],[14.531115,57.296106],[14.515336,57.313638],[14.504817,57.342566],[14.490791,57.353085],[14.392611,57.384643],[14.36982,57.403928],[14.347028,57.445129],[14.324236,57.472304],[14.297061,57.493342],[14.290925,57.526653],[14.277776,57.553828],[14.251478,57.581003],[14.208524,57.614314]]]}},{"type":"Feature","properties":{"kind":"road"},"geometry":{"type":"MultiLineString","coordinates":[[[14.752019,56.898127],[14.758156,56.897251]]]}},{"type":"Feature","properties":{"kind":"road"},"geometry":{"type":"MultiLineString","coordinates":[[[14.812505,56.888485],[14.860718,56.90251]]]}},{"type":"Feature","properties":{"kind":"road"},"geometry":{"type":"MultiLineString","coordinates":[[[14.758156,56.897251],[14.812505,56.888485]]]}},{"type":"Feature","properties":{"kind":"road"},"geometry":{"type":"MultiLineString","coordinates":[[[14.812505,56.888485],[14.827407,56.882348],[14.866855,56.879719]]]}},{"type":"Feature","properties":{"kind":"road"},"geometry":{"type":"MultiLineString","coordinates":[[[14.780071,56.870952],[14.812505,56.888485]]]}},{"type":"Feature","properties":{"kind":"road"},"geometry":{"type":"MultiLineString","coordinates":[[[23.604854,56.841148],[23.61888,56.849037],[23.640795,56.878842],[23.649561,56.884102],[23.699527,56.886731],[23.862576,56.922672],[23.904653,56.927932],[23.980918,56.927055],[24.095753,56.945464]]]}},{"type":"Feature","properties":{"kind":"road"},"geometry":{"type":"MultiLineString","coordinates":[[[22.816786,57.065559],[22.76156,57.029618],[22.755424,57.009456],[22.76156,56.99543],[22.762437,56.969132],[22.713347,56.838518],[22.70984,56.785045],[22.700198,56.748228],[22.550298,56.699138]]]}},{"type":"Feature","properties":{"kind":"road"},"geometry":{"type":"MultiLineString","coordinates":[[[23.565407,56.842025],[23.533849,56.840271],[23.490019,56.827122],[23.454078,56.800824],[23.42778,56.792935],[23.354145,56.784169],[23.267361,56.759624],[23.202492,56.735955],[23.081521,56.674593]]]}},{"type":"Feature","properties":{"kind":"road"},"geometry":{"type":"MultiLineString","coordinates":[[[24.545451,56.536089],[24.529672,56.590439],[24.481459,56.630763],[24.403441,56.685989],[24.377143,56.712287],[24.381526,56.741215],[24.329806,56.764007],[24.307891,56.783292],[24.249159,56.80696]]]}},{"type":"Feature","properties":{"kind":"road"},"geometry":{"type":"MultiLineString","coordinates":[[[10.0,56.467881],[10.042897,56.463331]]]}},{"type":"Feature","properties":{"kind":"road"},"geometry":{"type":"MultiLineString","coordinates":[[[14.066514,56.421254],[14.079663,56.455442],[14.091936,56.472974],[14.148038,56.521187],[14.162941,56.543102],[14.285665,56.620243],[14.351411,56.671963],[14.463616,56.704398],[14.521472,56.734202],[14.538128,56.753487],[14.567056,56.77102],[14.644197,56.786798],[14.674878,56.799947],[14.780071,56.870952]]]}},{"type":"Feature","properties":{"kind":"road"},"geometry":{"type":"MultiLineString","coordinates":[[[22.361828,56.406352],[22.367088,56.413365],[22.42845,56.423884],[22.438969,56.43265],[22.441599,56.448429],[22.396016,56.500149],[22.386373,56.521187],[22.418807,56.544855],[22.43634,56.568524],[22.440723,56.603588],[22.467897,56.62638],[22.479293,56.66232]]]}},{"type":"Feature","properties":{"kind":"road"},"geometry":{"type":"MultiLineString","coordinates":[[[22.33027,56.305542],[22.3329,56.326581],[22.326764,56.345866],[22.357445,56.385313],[22.361828,56.406352]]]}},{"type":"Feature","properties":{"kind":"road"},"geometry":{"type":"MultiLineString","coordinates":[[[14.866855,56.879719],[14.863348,56.86394],[14.865978,56.849037],[14.890523,56.813973],[14.963281,56.740338],[14.969417,56.726313],[14.967664,56.706151],[14.939613,56.644788],[14.93786,56.625503],[14.969417,56.553621],[14.979937,56.538719],[15.012371,56.515927],[15.019384,56.505408],[15.022014,56.487876],[15.031656,56.474727],[15.082499,56.420377],[15.150875,56.376547],[15.17016,56.357262],[15.185939,56.330087],[15.256944,56.280121],[15.280612,56.247686],[15.281489,56.233661]]]}},{"type":"Feature","properties":{"kind":"road"},"geometry":{"type":"MultiLineString","coordinates":[[[24.723402,56.199473],[24.709376,56.261712],[24.721649,56.313432],[24.718143,56.329211],[24.661163,56.368658],[24.647138,56.385313],[24.628729,56.423007],[24.603307,56.450182],[24.545451,56.536089]]]}},{"type":"Feature","properties":{"kind":"road"},"geometry":{"type":"MultiLineString","coordinates":[[[13.680808,56.182817],[13.671165,56.194213],[13.650127,56.203856],[13.60542,56.212622],[13.50461,56.24418],[13.469546,56.252069],[13.382762,56.258206],[13.336302,56.267848],[13.31614,56.276614],[13.302115,56.292393]]]}},{"type":"Feature","properties":{"kind":"road"},"geometry":{"type":"MultiLineString","coordinates":[[[22.064659,56.156519],[22.089204,56.182817],[22.113749,56.195967],[22.169852,56.19509],[22.200533,56.230154],[22.241733,56.243303],[22.299589,56.270478],[22.317998,56.284504],[22.33027,56.305542]]]}},{"type":"Feature","properties":{"kind":"road"},"geometry":{"type":"MultiLineString","coordinates":[[[10.193673,56.150383],[10.200686,56.154766]]]}},{"type":"Feature","properties":{"kind":"road"},"geometry":{"type":"MultiLineString","coordinates":[[[10.193673,56.150383],[10.055169,56.19772],[10.0,56.209104]]]}},{"type":"Feature","properties":{"kind":"road"},"geometry":{"type":"MultiLineString","coordinates":[[[13.831584,56.14074],[13.849116,56.174051],[13.936777,56.255576],[13.943789,56.267848],[13.948173,56.295023],[13.976224,56.345866],[14.009535,56.370411],[14.030573,56.394079]]]}},{"type":"Feature","properties":{"kind":"road"},"geometry":{"type":"MultiLineString","coordinates":[[[13.831584,56.14074],[13.766715,56.171422],[13.732528,56.181941],[13.702723,56.185447],[13.680808,56.182817]]]}},{"type":"Feature","properties":{"kind":"road"},"geometry":{"type":"MultiLineString","coordinates":[[[13.680808,56.182817],[13.625582,56.169668],[13.568603,56.142494],[13.536168,56.137234],[13.424839,56.139864],[13.26968,56.124085],[13.167994,56.123208],[13.111891,56.125838],[13.044393,56.136357],[12.981277,56.137234]]]}},{"type":"Feature","properties":{"kind":"road"},"geometry":{"type":"MultiLineString","coordinates":[[[24.484089,56.121455],[24.52003,56.142494],[24.57175,56.163532],[24.723402,56.199473]]]}},{"type":"Feature","properties":{"kind":"road"},"geometry":{"type":"MultiLineString","coordinates":[[[12.755113,56.057463],[12.749853,56.081131],[12.805956,56.090774]]]}},{"type":"Feature","properties":{"kind":"road"},"geometry":{"type":"MultiLineString","coordinates":[[[14.138396,56.022399],[13.999892,56.064476],[13.903466,56.103923],[13.831584,56.14074]]]}},{"type":"Feature","properties":{"kind":"road"},"geometry":{"type":"MultiLineString","coordinates":[[[12.51317,55.99873],[12.528072,56.00399]]]}},{"type":"Feature","properties":{"kind":"road"},"geometry":{"type":"MultiLineString","coordinates":[[[21.882325,55.954024],[21.898981,55.985581],[21.95596,56.05045],[22.006803,56.121455],[22.023459,56.135481],[22.064659,56.156519]]]}},{"type":"Feature","properties":{"kind":"road"},"geometry":{"type":"MultiLineString","coordinates":[[[12.326453,55.944381],[12.347492,55.953147],[12.386062,55.95753],[12.407101,55.973309],[12.51317,55.99873]]]}},{"type":"Feature","properties":{"kind":"road"},"geometry":{"type":"MultiLineString","coordinates":[[[12.314181,55.929479],[12.326453,55.944381]]]}},{"type":"Feature","properties":{"kind":"road"},"geometry":{"type":"MultiLineString","coordinates":[[[12.27561,55.901427],[12.294895,55.904057],[12.314181,55.929479]]]}},{"type":"Feature","properties":{"kind":"road"},"geometry":{"type":"MultiLineString","coordinates":[[[13.511623,55.809384],[13.508117,55.879512],[13.539675,55.892661],[13.539675,55.910193],[13.551947,55.926849],[13.766715,56.045191],[13.78863,56.061846],[13.827201,56.113566],[13.831584,56.14074]]]}},{"type":"Feature","properties":{"kind":"road"},"geometry":{"type":"MultiLineString","coordinates":[[[12.159898,55.782209],[12.167788,55.794481],[12.175677,55.833052],[12.187073,55.85672],[12.212494,55.884772],[12.27561,55.901427]]]}},{"type":"Feature","properties":{"kind":"road"},"geometry":{"type":"MultiLineString","coordinates":[[[24.437629,55.790098],[24.480583,55.791852],[24.528796,55.805001],[24.567366,55.804124],[24.591035,55.797988],[24.616456,55.783962],[24.697981,55.789222],[24.761973,55.772566],[24.852263,55.783086],[24.963592,55.819903],[25.0,55.81802]]]}},{"type":"Feature","properties":{"kind":"road"},"geometry":{"type":"MultiLineString","coordinates":[[[12.430769,55.764677],[12.409731,55.775196],[12.398335,55.794481],[12.398335,55.81289],[12.386939,55.826916],[12.306291,55.876882],[12.27561,55.901427]]]}},{"type":"Feature","properties":{"kind":"road"},"geometry":{"type":"MultiLineString","coordinates":[[[24.349092,55.736626],[24.406948,55.764677],[24.437629,55.790098]]]}},{"type":"Feature","properties":{"kind":"road"},"geometry":{"type":"MultiLineString","coordinates":[[[24.342956,55.733119],[24.349092,55.736626]]]}},{"type":"Feature","properties":{"kind":"road"},"geometry":{"type":"MultiLineString","coordinates":[[[21.917389,55.729613],[21.907747,55.799741],[21.854274,55.869869],[21.842878,55.898797],[21.847261,55.919836],[21.882325,55.954024]]]}},{"type":"Feature","properties":{"kind":"road"},"geometry":{"type":"MultiLineString","coordinates":[[[12.377296,55.728736],[12.394828,55.749775],[12.430769,55.764677]]]}},{"type":"Feature","properties":{"kind":"road"},"geometry":{"type":"MultiLineString","coordinates":[[[12.377296,55.728736],[12.321193,55.748898],[12.258955,55.750651],[12.183566,55.778703],[12.159898,55.782209]]]}},{"type":"Feature","properties":{"kind":"road"},"geometry":{"type":"MultiLineString","coordinates":[[[12.485995,55.727859],[12.467587,55.738379],[12.451808,55.755911],[12.430769,55.764677]]]}},{"type":"Feature","properties":{"kind":"road"},"geometry":{"type":"MultiLineString","coordinates":[[[24.378896,55.713834],[24.342956,55.733119]]]}},{"type":"Feature","properties":{"kind":"road"},"geometry":{"type":"MultiLineString","coordinates":[[[21.167015,55.710327],[21.137211,55.718217],[21.108283,55.716464]]]}},{"type":"Feature","properties":{"kind":"road"},"geometry":{"type":"MultiLineString","coordinates":[[[21.167015,55.710327],[21.202956,55.707698]]]}},{"type":"Feature","properties":{"kind":"road"},"geometry":{"type":"MultiLineString","coordinates":[[[12.366777,55.688412],[12.377296,55.728736]]]}},{"type":"Feature","properties":{"kind":"road"},"geometry":{"type":"MultiLineString","coordinates":[[[11.099206,55.684029],[11.111478,55.684029]]]}},{"type":"Feature","properties":{"kind":"road"},"geometry":{"type":"MultiLineString","coordinates":[[[12.366777,55.688412],[12.415867,55.67877],[12.435152,55.680523]]]}},{"type":"Feature","properties":{"kind":"road"},"geometry":{"type":"MultiLineString","coordinates":[[[12.435152,55.680523],[12.47197,55.685782],[12.483365,55.67877],[12.5158,55.677893]]]}},{"type":"Feature","properties":{"kind":"road"},"geometry":{"type":"MultiLineString","coordinates":[[[12.31944,55.662991],[12.366777,55.688412]]]}},{"type":"Feature","properties":{"kind":"road"},"geometry":{"type":"MultiLineString","coordinates":[[[11.111478,55.684029],[11.186866,55.67877],[11.28417,55.660361]]]}},{"type":"Feature","properties":{"kind":"road"},"geometry":{"type":"MultiLineString","coordinates":[[[11.28417,55.660361],[11.408648,55.645459]]]}},{"type":"Feature","properties":{"kind":"road"},"geometry":{"type":"MultiLineString","coordinates":[[[11.408648,55.645459],[11.502444,55.638446],[11.56556,55.655978],[11.619033,55.657731],[11.674259,55.648965]]]}},{"type":"Feature","properties":{"kind":"road"},"geometry":{"type":"MultiLineString","coordinates":[[[12.057335,55.620037],[12.100289,55.655101],[12.108178,55.680523],[12.119574,55.695425],[12.141489,55.750651],[12.159898,55.782209]]]}},{"type":"Feature","properties":{"kind":"road"},"geometry":{"type":"MultiLineString","coordinates":[[[12.057335,55.620037],[12.099412,55.620914]]]}},{"type":"Feature","properties":{"kind":"road"},"geometry":{"type":"MultiLineString","coordinates":[[[12.033667,55.604258],[12.057335,55.620037]]]}},{"type":"Feature","properties":{"kind":"road"},"geometry":{"type":"MultiLineString","coordinates":[[[12.132723,55.456988],[12.132723,55.472767]]]}},{"type":"Feature","properties":{"kind":"road"},"geometry":{"type":"MultiLineString","coordinates":[[[11.796984,55.451729],[11.874125,55.494683],[12.033667,55.604258]]]}},{"type":"Feature","properties":{"kind":"road"},"geometry":{"type":"MultiLineString","coordinates":[[[13.84298,55.447346],[13.857006,55.449099],[13.878921,55.461372],[13.905219,55.486793],[13.980607,55.58322],[14.012165,55.599875],[14.022684,55.637569],[14.049859,55.650718],[14.056872,55.659484],[14.062131,55.687536],[14.079663,55.703315],[14.11911,55.726106],[14.128753,55.741009],[14.155928,55.762047],[14.159434,55.784839],[14.17346,55.817273],[14.171707,55.823409],[14.136643,55.844448],[14.110344,55.953147],[14.100702,55.96279]]]}},{"type":"Feature","properties":{"kind":"road"},"geometry":{"type":"MultiLineString","coordinates":[[[11.787341,55.447346],[11.796984,55.451729]]]}},{"type":"Feature","properties":{"kind":"road"},"geometry":{"type":"MultiLineString","coordinates":[[[10.389156,55.390367],[10.398799,55.373711]]]}},{"type":"Feature","properties":{"kind":"road"},"geometry":{"type":"MultiLineString","coordinates":[[[24.024748,55.214169],[24.000203,55.227318],[23.95462,55.238714],[23.94147,55.249233],[23.963386,55.272025]]]}},{"type":"Feature","properties":{"kind":"road"},"geometry":{"type":"MultiLineString","coordinates":[[[21.892844,55.087061],[21.934045,55.063393],[22.026965,55.029205]]]}},{"type":"Feature","properties":{"kind":"road"},"geometry":{"type":"MultiLineString","coordinates":[[[22.026965,55.029205],[22.049757,55.016933]]]}},{"type":"Feature","properties":{"kind":"road"},"geometry":{"type":"MultiLineString","coordinates":[[[21.941934,55.128262],[22.008556,55.110729],[22.059399,55.1081],[22.133911,55.115113],[22.189137,55.103717],[22.264525,55.101087],[22.316245,55.1081],[22.343419,55.099334],[22.37936,55.079172],[22.421437,55.070406],[22.467897,55.068652],[22.546792,55.087061],[22.744905,55.081802],[22.822922,55.10021],[22.871136,55.103717],[22.914089,55.099334],[22.953537,55.088814],[22.981588,55.068652],[22.997367,55.041478],[22.99649,55.018686],[23.003362,55.0]]]}},{"type":"Feature","properties":{"kind":"road"},"geometry":{"type":"MultiLineString","coordinates":[[[20.567888,55.0],[20.630533,55.027452],[20.702415,55.069529],[20.795335,55.140534],[20.829522,55.158943],[20.896144,55.228195],[20.96189,55.281667],[21.050427,55.377217],[21.075848,55.423677],[21.100393,55.506955],[21.113542,55.571824],[21.116172,55.633186],[21.113542,55.679646],[21.105653,55.703315],[21.108283,55.716464]]]}},{"type":"Feature","properties":{"kind":"road"},"geometry":{"type":"MultiLineString","coordinates":[[[23.958956,55.0],[23.961632,55.017809],[23.9441,55.035341],[23.937964,55.048491],[23.940594,55.069529],[23.964262,55.094951],[23.971275,55.119496],[24.028254,55.205403],[24.024748,55.214169]]]}},{"type":"Feature","properties":{"kind":"road"},"geometry":{"type":"MultiLineString","coordinates":[[[22.049757,55.016933],[22.068998,55.0]]]}},{"type":"Feature","properties":{"kind":"place","name":"Falun","population":36477},"geometry":{"type":"Point","coordinates":[15.647005,60.613002]}},{"type":"Feature","properties":{"kind":"place","name":"Nyköping","population":27582},"geometry":{"type":"Point","coordinates":[16.996082,58.75199]}},{"type":"Feature","properties":{"kind":"place","name":"Härnösand","population":17016},"geometry":{"type":"Point","coordinates":[17.934004,62.633997]}},{"type":"Feature","properties":{"kind":"place","name":"Karlskrona","population":35212},"geometry":{"type":"Point","coordinates":[15.590754,56.162781]}},{"type":"Feature","properties":{"kind":"place","name":"Bærum","population":113659},"geometry":{"type":"Point","coordinates":[11.347236,59.913486]}},{"type":"Feature","properties":{"kind":"place","name":"Hamar","population":29479},"geometry":{"type":"Point","coordinates":[11.069002,60.820002]}},{"type":"Feature","properties":{"kind":"place","name":"Tønsberg","population":38914},"geometry":{"type":"Point","coordinates":[10.421001,59.264001]}},{"type":"Feature","properties":{"kind":"place","name":"Mariestad","population":14891},"geometry":{"type":"Point","coordinates":[13.827997,58.705002]}},{"type":"Feature","properties":{"kind":"place","name":"Vannersborg","population":21835},"geometry":{"type":"Point","coordinates":[12.330001,58.363002]}},{"type":"Feature","properties":{"kind":"place","name":"Haapsalu","population":11805},"geometry":{"type":"Point","coordinates":[23.541389,58.943056]}},{"type":"Feature","properties":{"kind":"place","name":"Mariehamn","population":10682},"geometry":{"type":"Point","coordinates":[19.949005,60.096996]}},{"type":"Feature","properties":{"kind":"place","name":"Hämeenlinna","population":47261},"geometry":{"type":"Point","coordinates":[24.471999,60.996996]}},{"type":"Feature","properties":{"kind":"place","name":"Hillerød","population":28313},"geometry":{"type":"Point","coordinates":[12.316698,55.933299]}},{"type":"Feature","properties":{"kind":"place","name":"Sorø","population":7167},"geometry":{"type":"Point","coordinates":[11.566702,55.432998]}},{"type":"Feature","properties":{"kind":"place","name":"Borlänge","population":39422},"geometry":{"type":"Point","coordinates":[15.416671,60.483322]}},{"type":"Feature","properties":{"kind":"place","name":"Västerås","population":107194},"geometry":{"type":"Point","coordinates":[16.55768,59.609084]}},{"type":"Feature","properties":{"kind":"place","name":"Finnsnes","population":3907},"geometry":{"type":"Point","coordinates":[18.008606,69.240617]}},{"type":"Feature","properties":{"kind":"place","name":"Gjøvik","population":22719},"geometry":{"type":"Point","coordinates":[10.700008,60.800021]}},{"type":"Feature","properties":{"kind":"place","name":"Rørvik","population":2615},"geometry":{"type":"Point","coordinates":[11.2053,64.868016]}},{"type":"Feature","properties":{"kind":"place","name":"Panevežys","population":127405},"geometry":{"type":"Point","coordinates":[24.370026,55.74002]}},{"type":"Feature","properties":{"kind":"place","name":"Šiauliai","population":133528},"geometry":{"type":"Point","coordinates":[23.325026,55.938639]}},{"type":"Feature","properties":{"kind":"place","name":"Pori","population":76772},"geometry":{"type":"Point","coordinates":[21.774939,61.478895]}},{"type":"Feature","properties":{"kind":"place","name":"Roskilde","population":44285},"geometry":{"type":"Point","coordinates":[12.083334,55.649974]}},{"type":"Feature","properties":{"kind":"place","name":"Bollnäs","population":13398},"geometry":{"type":"Point","coordinates":[16.366587,61.352003]}},{"type":"Feature","properties":{"kind":"place","name":"Gävle","population":68635},"geometry":{"type":"Point","coordinates":[17.166642,60.66698]}},{"type":"Feature","properties":{"kind":"place","name":"Kalmar","population":35024},"geometry":{"type":"Point","coordinates":[16.366587,56.667018]}},{"type":"Feature","properties":{"kind":"place","name":"Växjö","population":59600},"geometry":{"type":"Point","coordinates":[14.816708,56.883697]}},{"type":"Feature","properties":{"kind":"place","name":"Örebro","population":98573},"geometry":{"type":"Point","coordinates":[15.219991,59.280347]}},{"type":"Feature","properties":{"kind":"place","name":"Norrköping","population":88639},"geometry":{"type":"Point","coordinates":[16.178692,58.595427]}},{"type":"Feature","properties":{"kind":"place","name":"Halmstad","population":55657},"geometry":{"type":"Point","coordinates":[12.855587,56.671772]}},{"type":"Feature","properties":{"kind":"place","name":"Karlstad","population":74141},"geometry":{"type":"Point","coordinates":[13.499941,59.367137]}},{"type":"Feature","properties":{"kind":"place","name":"Skellefteå","population":31311},"geometry":{"type":"Point","coordinates":[20.950028,64.772079]}},{"type":"Feature","properties":{"kind":"place","name":"Visby","population":22593},"geometry":{"type":"Point","coordinates":[18.300009,57.633651]}},{"type":"Feature","properties":{"kind":"place","name":"Trollhättan","population":44543},"geometry":{"type":"Point","coordinates":[12.299962,58.267101]}},{"type":"Feature","properties":{"kind":"place","name":"Borås","population":65008},"geometry":{"type":"Point","coordinates":[12.939247,57.717756]}},{"type":"Feature","properties":{"kind":"place","name":"Kristianstad","population":32188},"geometry":{"type":"Point","coordinates":[14.133287,56.033671]}},{"type":"Feature","properties":{"kind":"place","name":"Helsingborg","population":91304},"geometry":{"type":"Point","coordinates":[12.72327,56.041291]}},{"type":"Feature","properties":{"kind":"place","name":"Harstad","population":19433},"geometry":{"type":"Point","coordinates":[16.51557,68.787906]}},{"type":"Feature","properties":{"kind":"place","name":"Drammen","population":90722},"geometry":{"type":"Point","coordinates":[10.199232,59.738481]}},{"type":"Feature","properties":{"kind":"place","name":"Moss","population":36901},"geometry":{"type":"Point","coordinates":[10.669157,59.436978]}},{"type":"Feature","properties":{"kind":"place","name":"Steinkjer","population":11274},"geometry":{"type":"Point","coordinates":[11.500011,64.01706]}},{"type":"Feature","properties":{"kind":"place","name":"Ventspils","population":42884},"geometry":{"type":"Point","coordinates":[21.560585,57.389868]}},{"type":"Feature","properties":{"kind":"place","name":"Klaipėda","population":192307},"geometry":{"type":"Point","coordinates":[21.119941,55.720409]}},{"type":"Feature","properties":{"kind":"place","name":"Jelgava","population":67207},"geometry":{"type":"Point","coordinates":[23.712806,56.652704]}},{"type":"Feature","properties":{"kind":"place","name":"Sovetsk","population":43309},"geometry":{"type":"Point","coordinates":[21.881961,55.071766]}},{"type":"Feature","properties":{"kind":"place","name":"Svendborg","population":29180},"geometry":{"type":"Point","coordinates":[10.616654,55.070423]}},{"type":"Feature","properties":{"kind":"place","name":"Odense","population":158222},"geometry":{"type":"Point","coordinates":[10.383335,55.400377]}},{"type":"Feature","properties":{"kind":"place","name":"Frederikshavn","population":24103},"geometry":{"type":"Point","coordinates":[10.5333,57.433689]}},{"type":"Feature","properties":{"kind":"place","name":"Jönköping","population":89780},"geometry":{"type":"Point","coordinates":[14.165016,57.771343]}},{"type":"Feature","properties":{"kind":"place","name":"Örnsköldsvik","population":27749},"geometry":{"type":"Point","coordinates":[18.716676,63.318007]}},{"type":"Feature","properties":{"kind":"place","name":"Svolvær","population":4197},"geometry":{"type":"Point","coordinates":[14.566697,68.233289]}},{"type":"Feature","properties":{"kind":"place","name":"Mo i Rana","population":20409},"geometry":{"type":"Point","coordinates":[14.16667,66.31661]}},{"type":"Feature","properties":{"kind":"place","name":"Narvik","population":20000},"geometry":{"type":"Point","coordinates":[17.289993,68.38315]}},{"type":"Feature","properties":{"kind":"place","name":"Bodø","population":34073},"geometry":{"type":"Point","coordinates":[14.429285,67.276435]}},{"type":"Feature","properties":{"kind":"place","name":"Namsos","population":9035},"geometry":{"type":"Point","coordinates":[11.500011,64.483311]}},{"type":"Feature","properties":{"kind":"place","name":"Liepaga","population":85132},"geometry":{"type":"Point","coordinates":[21.010025,56.509973]}},{"type":"Feature","properties":{"kind":"place","name":"Alta","population":12077},"geometry":{"type":"Point","coordinates":[23.241671,69.966645]}},{"type":"Feature","properties":{"kind":"place","name":"Kokkola","population":46714},"geometry":{"type":"Point","coordinates":[23.116666,63.833299]}},{"type":"Feature","properties":{"kind":"place","name":"Turku","population":175945},"geometry":{"type":"Point","coordinates":[22.254962,60.453867]}},{"type":"Feature","properties":{"kind":"place","name":"Linköping","population":96732},"geometry":{"type":"Point","coordinates":[15.62994,58.410012]}},{"type":"Feature","properties":{"kind":"place","name":"Östersund","population":46178},"geometry":{"type":"Point","coordinates":[14.65,63.183313]}},{"type":"Feature","properties":{"kind":"place","name":"Kiruna","population":18154},"geometry":{"type":"Point","coordinates":[20.216636,67.850004]}},{"type":"Feature","properties":{"kind":"place","name":"Umeå","population":78197},"geometry":{"type":"Point","coordinates":[20.239994,63.829991]}},{"type":"Feature","properties":{"kind":"place","name":"Uppsala","population":133117},"geometry":{"type":"Point","coordinates":[17.639998,59.860053]}},{"type":"Feature","properties":{"kind":"place","name":"Lillehammer","population":19542},"geometry":{"type":"Point","coordinates":[10.50002,61.133283]}},{"type":"Feature","properties":{"kind":"place","name":"Göteborg","population":537797},"geometry":{"type":"Point","coordinates":[11.97863,57.709147]}},{"type":"Feature","properties":{"kind":"place","name":"Pärnu","population":44192},"geometry":{"type":"Point","coordinates":[24.513583,58.374743]}},{"type":"Feature","properties":{"kind":"place","name":"Kemi","population":22641},"geometry":{"type":"Point","coordinates":[24.581693,65.733312]}},{"type":"Feature","properties":{"kind":"place","name":"Århus","population":237551},"geometry":{"type":"Point","coordinates":[10.210684,56.157204]}},{"type":"Feature","properties":{"kind":"place","name":"Luleå","population":48638},"geometry":{"type":"Point","coordinates":[22.158378,65.596635]}},{"type":"Feature","properties":{"kind":"place","name":"Sundsvall","population":73389},"geometry":{"type":"Point","coordinates":[17.316658,62.400053]}},{"type":"Feature","properties":{"kind":"place","name":"Malmö","population":269349},"geometry":{"type":"Point","coordinates":[13.02306,55.599424]}},{"type":"Feature","properties":{"kind":"place","name":"Vaasa","population":57014},"geometry":{"type":"Point","coordinates":[21.600015,63.099984]}},{"type":"Feature","properties":{"kind":"place","name":"Tampere","population":259279},"geometry":{"type":"Point","coordinates":[23.750013,61.500005]}},{"type":"Feature","properties":{"kind":"place","name":"Tromsø","population":52436},"geometry":{"type":"Point","coordinates":[18.992025,69.635076]}},{"type":"Feature","properties":{"kind":"place","name":"Trondheim","population":147139},"geometry":{"type":"Point","coordinates":[10.416666,63.416657]}},{"type":"Feature","properties":{"kind":"place","name":"Riga","population":742572},"geometry":{"type":"Point","coordinates":[24.099965,56.950024]}},{"type":"Feature","properties":{"kind":"place","name":"Tallinn","population":394024},"geometry":{"type":"Point","coordinates":[24.728041,59.433877]}},{"type":"Feature","properties":{"kind":"place","name":"Oslo","population":835000},"geometry":{"type":"Point","coordinates":[10.748033,59.918636]}},{"type":"Feature","properties":{"kind":"place","name":"Helsinki","population":1115000},"geometry":{"type":"Point","coordinates":[24.932457,60.163804]}},{"type":"Feature","properties":{"kind":"place","name":"København","population":1085000},"geometry":{"type":"Point","coordinates":[12.56154,55.68051]}},{"type":"Feature","properties":{"kind":"place","name":"Stockholm","population":1264000},"geometry":{"type":"Point","coordinates":[18.0663,59.324127]}}]}